solid spiral
  facet normal 0.000000e+00 3.039472e-02 9.995380e-01
    outer loop
      vertex 1.575000e-01 0.000000e+00 0.000000e+00
      vertex 1.565480e-01 1.483545e-02 -4.511278e-04
      vertex 1.425000e-01 0.000000e+00 -0.000000e+00
    endloop
  endfacet
  facet normal -3.164028e-03 3.338775e-02 9.994375e-01
    outer loop
      vertex 1.425000e-01 0.000000e+00 -0.000000e+00
      vertex 1.565480e-01 1.483545e-02 -4.511278e-04
      vertex 1.416149e-01 1.342030e-02 -4.511278e-04
    endloop
  endfacet
  facet normal 9.978346e-01 6.573920e-02 -2.092544e-03
    outer loop
      vertex 1.425000e-01 0.000000e+00 -0.000000e+00
      vertex 1.416149e-01 1.342030e-02 -4.511278e-04
      vertex 1.425000e-01 1.272595e-04 3.997975e-03
    endloop
  endfacet
  facet normal 9.977706e-01 6.673090e-02 8.831903e-04
    outer loop
      vertex 1.425000e-01 1.272595e-04 3.997975e-03
      vertex 1.416149e-01 1.342030e-02 -4.511278e-04
      vertex 1.416029e-01 1.354720e-02 3.546841e-03
    endloop
  endfacet
  facet normal -9.979493e-01 -6.397741e-02 2.036464e-03
    outer loop
      vertex 1.575000e-01 0.000000e+00 0.000000e+00
      vertex 1.575000e-01 1.272595e-04 3.997975e-03
      vertex 1.565480e-01 1.483545e-02 -4.511278e-04
    endloop
  endfacet
  facet normal -9.978930e-01 -6.487487e-02 -9.424727e-04
    outer loop
      vertex 1.565480e-01 1.483545e-02 -4.511278e-04
      vertex 1.575000e-01 1.272595e-04 3.997975e-03
      vertex 1.565360e-01 1.496236e-02 3.546841e-03
    endloop
  endfacet
  facet normal -0.000000e+00 -3.039590e-02 -9.995379e-01
    outer loop
      vertex 1.575000e-01 1.272595e-04 3.997975e-03
      vertex 1.425000e-01 1.272595e-04 3.997975e-03
      vertex 1.565360e-01 1.496236e-02 3.546841e-03
    endloop
  endfacet
  facet normal 3.163892e-03 -3.338631e-02 -9.994375e-01
    outer loop
      vertex 1.425000e-01 1.272595e-04 3.997975e-03
      vertex 1.416029e-01 1.354720e-02 3.546841e-03
      vertex 1.565360e-01 1.496236e-02 3.546841e-03
    endloop
  endfacet
  facet normal -2.872117e-03 3.030741e-02 9.995365e-01
    outer loop
      vertex 1.565480e-01 1.483545e-02 -4.511278e-04
      vertex 1.542040e-01 2.949148e-02 -9.022556e-04
      vertex 1.416149e-01 1.342030e-02 -4.511278e-04
    endloop
  endfacet
  facet normal -6.310919e-03 3.299829e-02 9.994355e-01
    outer loop
      vertex 1.416149e-01 1.342030e-02 -4.511278e-04
      vertex 1.542040e-01 2.949148e-02 -9.022556e-04
      vertex 1.394710e-01 2.667380e-02 -9.022556e-04
    endloop
  endfacet
  facet normal 9.871767e-01 1.596173e-01 -2.097081e-03
    outer loop
      vertex 1.416149e-01 1.342030e-02 -4.511278e-04
      vertex 1.394710e-01 2.667380e-02 -9.022556e-04
      vertex 1.416029e-01 1.354720e-02 3.546841e-03
    endloop
  endfacet
  facet normal 9.870189e-01 1.606019e-01 8.835231e-04
    outer loop
      vertex 1.416029e-01 1.354720e-02 3.546841e-03
      vertex 1.394710e-01 2.667380e-02 -9.022556e-04
      vertex 1.394470e-01 2.679922e-02 3.095706e-03
    endloop
  endfacet
  facet normal -9.874581e-01 -1.578683e-01 2.040720e-03
    outer loop
      vertex 1.565480e-01 1.483545e-02 -4.511278e-04
      vertex 1.565360e-01 1.496236e-02 3.546841e-03
      vertex 1.542040e-01 2.949148e-02 -9.022556e-04
    endloop
  endfacet
  facet normal -9.873169e-01 -1.587594e-01 -9.431088e-04
    outer loop
      vertex 1.542040e-01 2.949148e-02 -9.022556e-04
      vertex 1.565360e-01 1.496236e-02 3.546841e-03
      vertex 1.541800e-01 2.961690e-02 3.095706e-03
    endloop
  endfacet
  facet normal 2.872229e-03 -3.030859e-02 -9.995365e-01
    outer loop
      vertex 1.565360e-01 1.496236e-02 3.546841e-03
      vertex 1.416029e-01 1.354720e-02 3.546841e-03
      vertex 1.541800e-01 2.961690e-02 3.095706e-03
    endloop
  endfacet
  facet normal 6.310647e-03 -3.299687e-02 -9.994355e-01
    outer loop
      vertex 1.416029e-01 1.354720e-02 3.546841e-03
      vertex 1.394470e-01 2.679922e-02 3.095706e-03
      vertex 1.541800e-01 2.961690e-02 3.095706e-03
    endloop
  endfacet
  facet normal -5.727747e-03 2.994903e-02 9.995350e-01
    outer loop
      vertex 1.542040e-01 2.949148e-02 -9.022556e-04
      vertex 1.504932e-01 4.383799e-02 -1.353383e-03
      vertex 1.394710e-01 2.667380e-02 -9.022556e-04
    endloop
  endfacet
  facet normal -9.412509e-03 3.231258e-02 9.994335e-01
    outer loop
      vertex 1.394710e-01 2.667380e-02 -9.022556e-04
      vertex 1.504932e-01 4.383799e-02 -1.353383e-03
      vertex 1.360918e-01 3.964291e-02 -1.353383e-03
    endloop
  endfacet
  facet normal 9.677066e-01 2.520706e-01 -2.101638e-03
    outer loop
      vertex 1.394710e-01 2.667380e-02 -9.022556e-04
      vertex 1.360918e-01 3.964291e-02 -1.353383e-03
      vertex 1.394470e-01 2.679922e-02 3.095706e-03
    endloop
  endfacet
  facet normal 9.674556e-01 2.530393e-01 8.838527e-04
    outer loop
      vertex 1.394470e-01 2.679922e-02 3.095706e-03
      vertex 1.360918e-01 3.964291e-02 -1.353383e-03
      vertex 1.360560e-01 3.976571e-02 2.644571e-03
    endloop
  endfacet
  facet normal -9.681532e-01 -2.503503e-01 2.044992e-03
    outer loop
      vertex 1.542040e-01 2.949148e-02 -9.022556e-04
      vertex 1.541800e-01 2.961690e-02 3.095706e-03
      vertex 1.504932e-01 4.383799e-02 -1.353383e-03
    endloop
  endfacet
  facet normal -9.679278e-01 -2.512269e-01 -9.437439e-04
    outer loop
      vertex 1.504932e-01 4.383799e-02 -1.353383e-03
      vertex 1.541800e-01 2.961690e-02 3.095706e-03
      vertex 1.504574e-01 4.396078e-02 2.644571e-03
    endloop
  endfacet
  facet normal 5.727972e-03 -2.995020e-02 -9.995350e-01
    outer loop
      vertex 1.541800e-01 2.961690e-02 3.095706e-03
      vertex 1.394470e-01 2.679922e-02 3.095706e-03
      vertex 1.504574e-01 4.396078e-02 2.644571e-03
    endloop
  endfacet
  facet normal 9.412102e-03 -3.231119e-02 -9.994335e-01
    outer loop
      vertex 1.394470e-01 2.679922e-02 3.095706e-03
      vertex 1.360560e-01 3.976571e-02 2.644571e-03
      vertex 1.504574e-01 4.396078e-02 2.644571e-03
    endloop
  endfacet
  facet normal -8.541340e-03 2.932191e-02 9.995335e-01
    outer loop
      vertex 1.504932e-01 4.383799e-02 -1.353383e-03
      vertex 1.454532e-01 5.774803e-02 -1.804511e-03
      vertex 1.360918e-01 3.964291e-02 -1.353383e-03
    endloop
  endfacet
  facet normal -1.244094e-02 3.133570e-02 9.994315e-01
    outer loop
      vertex 1.360918e-01 3.964291e-02 -1.353383e-03
      vertex 1.454532e-01 5.774803e-02 -1.804511e-03
      vertex 1.315118e-01 5.221298e-02 -1.804511e-03
    endloop
  endfacet
  facet normal 9.395979e-01 3.422739e-01 -2.106213e-03
    outer loop
      vertex 1.360918e-01 3.964291e-02 -1.353383e-03
      vertex 1.315118e-01 5.221298e-02 -1.804511e-03
      vertex 1.360560e-01 3.976571e-02 2.644571e-03
    endloop
  endfacet
  facet normal 9.392554e-01 3.432178e-01 8.841792e-04
    outer loop
      vertex 1.360560e-01 3.976571e-02 2.644571e-03
      vertex 1.315118e-01 5.221298e-02 -1.804511e-03
      vertex 1.314645e-01 5.233206e-02 2.193437e-03
    endloop
  endfacet
  facet normal -9.402069e-01 -3.405978e-01 2.049282e-03
    outer loop
      vertex 1.504932e-01 4.383799e-02 -1.353383e-03
      vertex 1.504574e-01 4.396078e-02 2.644571e-03
      vertex 1.454532e-01 5.774803e-02 -1.804511e-03
    endloop
  endfacet
  facet normal -9.398987e-01 -3.414520e-01 -9.443779e-04
    outer loop
      vertex 1.454532e-01 5.774803e-02 -1.804511e-03
      vertex 1.504574e-01 4.396078e-02 2.644571e-03
      vertex 1.454059e-01 5.786710e-02 2.193437e-03
    endloop
  endfacet
  facet normal 8.541676e-03 -2.932307e-02 -9.995335e-01
    outer loop
      vertex 1.504574e-01 4.396078e-02 2.644571e-03
      vertex 1.360560e-01 3.976571e-02 2.644571e-03
      vertex 1.454059e-01 5.786710e-02 2.193437e-03
    endloop
  endfacet
  facet normal 1.244040e-02 -3.133434e-02 -9.994315e-01
    outer loop
      vertex 1.360560e-01 3.976571e-02 2.644571e-03
      vertex 1.314645e-01 5.233206e-02 2.193437e-03
      vertex 1.454059e-01 5.786710e-02 2.193437e-03
    endloop
  endfacet
  facet normal -1.128763e-02 2.843080e-02 9.995320e-01
    outer loop
      vertex 1.454532e-01 5.774803e-02 -1.804511e-03
      vertex 1.391331e-01 7.109897e-02 -2.255639e-03
      vertex 1.315118e-01 5.221298e-02 -1.804511e-03
    endloop
  endfacet
  facet normal -1.536891e-02 3.007532e-02 9.994295e-01
    outer loop
      vertex 1.315118e-01 5.221298e-02 -1.804511e-03
      vertex 1.391331e-01 7.109897e-02 -2.255639e-03
      vertex 1.257761e-01 6.427333e-02 -2.255639e-03
    endloop
  endfacet
  facet normal 9.031015e-01 4.294219e-01 -2.110807e-03
    outer loop
      vertex 1.315118e-01 5.221298e-02 -1.804511e-03
      vertex 1.257761e-01 6.427333e-02 -2.255639e-03
      vertex 1.314645e-01 5.233206e-02 2.193437e-03
    endloop
  endfacet
  facet normal 9.026701e-01 4.303324e-01 8.845026e-04
    outer loop
      vertex 1.314645e-01 5.233206e-02 2.193437e-03
      vertex 1.257761e-01 6.427333e-02 -2.255639e-03
      vertex 1.257177e-01 6.438760e-02 1.742302e-03
    endloop
  endfacet
  facet normal -9.038686e-01 -4.278053e-01 2.053589e-03
    outer loop
      vertex 1.454532e-01 5.774803e-02 -1.804511e-03
      vertex 1.454059e-01 5.786710e-02 2.193437e-03
      vertex 1.391331e-01 7.109897e-02 -2.255639e-03
    endloop
  endfacet
  facet normal -9.034800e-01 -4.286293e-01 -9.450109e-04
    outer loop
      vertex 1.391331e-01 7.109897e-02 -2.255639e-03
      vertex 1.454059e-01 5.786710e-02 2.193437e-03
      vertex 1.390747e-01 7.121324e-02 1.742302e-03
    endloop
  endfacet
  facet normal 1.128808e-02 -2.843192e-02 -9.995320e-01
    outer loop
      vertex 1.454059e-01 5.786710e-02 2.193437e-03
      vertex 1.314645e-01 5.233206e-02 2.193437e-03
      vertex 1.390747e-01 7.121324e-02 1.742302e-03
    endloop
  endfacet
  facet normal 1.536824e-02 -3.007401e-02 -9.994295e-01
    outer loop
      vertex 1.314645e-01 5.233206e-02 2.193437e-03
      vertex 1.257177e-01 6.438760e-02 1.742302e-03
      vertex 1.390747e-01 7.121324e-02 1.742302e-03
    endloop
  endfacet
  facet normal -1.394189e-02 2.728279e-02 9.995305e-01
    outer loop
      vertex 1.391331e-01 7.109897e-02 -2.255639e-03
      vertex 1.315934e-01 8.377355e-02 -2.706767e-03
      vertex 1.257761e-01 6.427333e-02 -2.255639e-03
    endloop
  endfacet
  facet normal -1.816992e-02 2.854172e-02 9.994274e-01
    outer loop
      vertex 1.257761e-01 6.427333e-02 -2.255639e-03
      vertex 1.315934e-01 8.377355e-02 -2.706767e-03
      vertex 1.189399e-01 7.571821e-02 -2.706767e-03
    endloop
  endfacet
  facet normal 8.585434e-01 5.127366e-01 -2.115421e-03
    outer loop
      vertex 1.257761e-01 6.427333e-02 -2.255639e-03
      vertex 1.189399e-01 7.571821e-02 -2.706767e-03
      vertex 1.257177e-01 6.438760e-02 1.742302e-03
    endloop
  endfacet
  facet normal 8.580261e-01 5.136053e-01 8.848227e-04
    outer loop
      vertex 1.257177e-01 6.438760e-02 1.742302e-03
      vertex 1.189399e-01 7.571821e-02 -2.706767e-03
      vertex 1.188708e-01 7.582665e-02 1.291167e-03
    endloop
  endfacet
  facet normal -8.594626e-01 -5.111944e-01 2.057913e-03
    outer loop
      vertex 1.391331e-01 7.109897e-02 -2.255639e-03
      vertex 1.390747e-01 7.121324e-02 1.742302e-03
      vertex 1.315934e-01 8.377355e-02 -2.706767e-03
    endloop
  endfacet
  facet normal -8.589965e-01 -5.119807e-01 -9.456428e-04
    outer loop
      vertex 1.315934e-01 8.377355e-02 -2.706767e-03
      vertex 1.390747e-01 7.121324e-02 1.742302e-03
      vertex 1.315244e-01 8.388199e-02 1.291167e-03
    endloop
  endfacet
  facet normal 1.394244e-02 -2.728387e-02 -9.995305e-01
    outer loop
      vertex 1.390747e-01 7.121324e-02 1.742302e-03
      vertex 1.257177e-01 6.438760e-02 1.742302e-03
      vertex 1.315244e-01 8.388199e-02 1.291167e-03
    endloop
  endfacet
  facet normal 1.816912e-02 -2.854047e-02 -9.994275e-01
    outer loop
      vertex 1.257177e-01 6.438760e-02 1.742302e-03
      vertex 1.188708e-01 7.582665e-02 1.291167e-03
      vertex 1.315244e-01 8.388199e-02 1.291167e-03
    endloop
  endfacet
  facet normal -1.648011e-02 2.588733e-02 9.995290e-01
    outer loop
      vertex 1.315934e-01 8.377355e-02 -2.706767e-03
      vertex 1.229052e-01 9.566094e-02 -3.157895e-03
      vertex 1.189399e-01 7.571821e-02 -2.706767e-03
    endloop
  endfacet
  facet normal -2.081850e-02 2.674761e-02 9.994254e-01
    outer loop
      vertex 1.189399e-01 7.571821e-02 -2.706767e-03
      vertex 1.229052e-01 9.566094e-02 -3.157895e-03
      vertex 1.110681e-01 8.644775e-02 -3.157895e-03
    endloop
  endfacet
  facet normal 8.063211e-01 5.914743e-01 -2.120054e-03
    outer loop
      vertex 1.189399e-01 7.571821e-02 -2.706767e-03
      vertex 1.110681e-01 8.644775e-02 -3.157895e-03
      vertex 1.188708e-01 7.582665e-02 1.291167e-03
    endloop
  endfacet
  facet normal 8.057221e-01 5.922931e-01 8.851395e-04
    outer loop
      vertex 1.188708e-01 7.582665e-02 1.291167e-03
      vertex 1.110681e-01 8.644775e-02 -3.157895e-03
      vertex 1.109890e-01 8.654936e-02 8.400322e-04
    endloop
  endfacet
  facet normal -8.073854e-01 -5.900209e-01 2.062254e-03
    outer loop
      vertex 1.315934e-01 8.377355e-02 -2.706767e-03
      vertex 1.315244e-01 8.388199e-02 1.291167e-03
      vertex 1.229052e-01 9.566094e-02 -3.157895e-03
    endloop
  endfacet
  facet normal -8.068453e-01 -5.907620e-01 -9.462735e-04
    outer loop
      vertex 1.229052e-01 9.566094e-02 -3.157895e-03
      vertex 1.315244e-01 8.388199e-02 1.291167e-03
      vertex 1.228261e-01 9.576255e-02 8.400322e-04
    endloop
  endfacet
  facet normal 1.648077e-02 -2.588836e-02 -9.995290e-01
    outer loop
      vertex 1.315244e-01 8.388199e-02 1.291167e-03
      vertex 1.188708e-01 7.582665e-02 1.291167e-03
      vertex 1.228261e-01 9.576255e-02 8.400322e-04
    endloop
  endfacet
  facet normal 2.081759e-02 -2.674643e-02 -9.994255e-01
    outer loop
      vertex 1.188708e-01 7.582665e-02 1.291167e-03
      vertex 1.109890e-01 8.654936e-02 8.400322e-04
      vertex 1.228261e-01 9.576255e-02 8.400322e-04
    endloop
  endfacet
  facet normal -1.887926e-02 2.425607e-02 9.995275e-01
    outer loop
      vertex 1.229052e-01 9.566094e-02 -3.157895e-03
      vertex 1.131496e-01 1.066577e-01 -3.609023e-03
      vertex 1.110681e-01 8.644775e-02 -3.157895e-03
    endloop
  endfacet
  facet normal -2.329046e-02 2.470809e-02 9.994234e-01
    outer loop
      vertex 1.110681e-01 8.644775e-02 -3.157895e-03
      vertex 1.131496e-01 1.066577e-01 -3.609023e-03
      vertex 1.022345e-01 9.636880e-02 -3.609023e-03
    endloop
  endfacet
  facet normal 7.469008e-01 6.649321e-01 -2.124706e-03
    outer loop
      vertex 1.110681e-01 8.644775e-02 -3.157895e-03
      vertex 1.022345e-01 9.636880e-02 -3.609023e-03
      vertex 1.109890e-01 8.654936e-02 8.400322e-04
    endloop
  endfacet
  facet normal 7.462249e-01 6.656934e-01 8.854531e-04
    outer loop
      vertex 1.109890e-01 8.654936e-02 8.400322e-04
      vertex 1.022345e-01 9.636880e-02 -3.609023e-03
      vertex 1.021460e-01 9.646266e-02 3.888974e-04
    endloop
  endfacet
  facet normal -7.481015e-01 -6.635811e-01 2.066613e-03
    outer loop
      vertex 1.229052e-01 9.566094e-02 -3.157895e-03
      vertex 1.228261e-01 9.576255e-02 8.400322e-04
      vertex 1.131496e-01 1.066577e-01 -3.609023e-03
    endloop
  endfacet
  facet normal -7.474919e-01 -6.642702e-01 -9.469032e-04
    outer loop
      vertex 1.131496e-01 1.066577e-01 -3.609023e-03
      vertex 1.228261e-01 9.576255e-02 8.400322e-04
      vertex 1.130611e-01 1.067515e-01 3.888974e-04
    endloop
  endfacet
  facet normal 1.888001e-02 -2.425704e-02 -9.995275e-01
    outer loop
      vertex 1.228261e-01 9.576255e-02 8.400322e-04
      vertex 1.109890e-01 8.654936e-02 8.400322e-04
      vertex 1.130611e-01 1.067515e-01 3.888974e-04
    endloop
  endfacet
  facet normal 2.328943e-02 -2.470700e-02 -9.994234e-01
    outer loop
      vertex 1.109890e-01 8.654936e-02 8.400322e-04
      vertex 1.021460e-01 9.646266e-02 3.888974e-04
      vertex 1.130611e-01 1.067515e-01 3.888974e-04
    endloop
  endfacet
  facet normal -2.111746e-02 2.240282e-02 9.995260e-01
    outer loop
      vertex 1.131496e-01 1.066577e-01 -3.609023e-03
      vertex 1.024171e-01 1.166685e-01 -4.060150e-03
      vertex 1.022345e-01 9.636880e-02 -3.609023e-03
    endloop
  endfacet
  facet normal -2.556309e-02 2.244049e-02 9.994213e-01
    outer loop
      vertex 1.022345e-01 9.636880e-02 -3.609023e-03
      vertex 1.024171e-01 1.166685e-01 -4.060150e-03
      vertex 9.252141e-02 1.053958e-01 -4.060150e-03
    endloop
  endfacet
  facet normal 6.808129e-01 7.324542e-01 -2.129378e-03
    outer loop
      vertex 1.022345e-01 9.636880e-02 -3.609023e-03
      vertex 9.252141e-02 1.053958e-01 -4.060150e-03
      vertex 1.021460e-01 9.646266e-02 3.888974e-04
    endloop
  endfacet
  facet normal 6.800656e-01 7.331507e-01 8.857633e-04
    outer loop
      vertex 1.021460e-01 9.646266e-02 3.888974e-04
      vertex 9.252141e-02 1.053958e-01 -4.060150e-03
      vertex 9.242431e-02 1.054810e-01 -6.223751e-05
    endloop
  endfacet
  facet normal -6.821403e-01 -7.312184e-01 2.070990e-03
    outer loop
      vertex 1.131496e-01 1.066577e-01 -3.609023e-03
      vertex 1.130611e-01 1.067515e-01 3.888974e-04
      vertex 1.024171e-01 1.166685e-01 -4.060150e-03
    endloop
  endfacet
  facet normal -6.814662e-01 -7.318490e-01 -9.475316e-04
    outer loop
      vertex 1.024171e-01 1.166685e-01 -4.060150e-03
      vertex 1.130611e-01 1.067515e-01 3.888974e-04
      vertex 1.023200e-01 1.167537e-01 -6.223751e-05
    endloop
  endfacet
  facet normal 2.111830e-02 -2.240372e-02 -9.995259e-01
    outer loop
      vertex 1.130611e-01 1.067515e-01 3.888974e-04
      vertex 1.021460e-01 9.646266e-02 3.888974e-04
      vertex 1.023200e-01 1.167537e-01 -6.223751e-05
    endloop
  endfacet
  facet normal 2.556196e-02 -2.243950e-02 -9.994214e-01
    outer loop
      vertex 1.021460e-01 9.646266e-02 3.888974e-04
      vertex 9.242431e-02 1.054810e-01 -6.223751e-05
      vertex 1.023200e-01 1.167537e-01 -6.223751e-05
    endloop
  endfacet
  facet normal -2.317420e-02 2.034342e-02 9.995244e-01
    outer loop
      vertex 1.024171e-01 1.166685e-01 -4.060150e-03
      vertex 9.080659e-02 1.256074e-01 -4.511278e-03
      vertex 9.252141e-02 1.053958e-01 -4.060150e-03
    endloop
  endfacet
  facet normal -2.761539e-02 1.996426e-02 9.994192e-01
    outer loop
      vertex 9.252141e-02 1.053958e-01 -4.060150e-03
      vertex 9.080659e-02 1.256074e-01 -4.511278e-03
      vertex 8.201850e-02 1.134514e-01 -4.511278e-03
    endloop
  endfacet
  facet normal 6.086475e-01 7.934379e-01 -2.134070e-03
    outer loop
      vertex 9.252141e-02 1.053958e-01 -4.060150e-03
      vertex 8.201850e-02 1.134514e-01 -4.511278e-03
      vertex 9.242431e-02 1.054810e-01 -6.223751e-05
    endloop
  endfacet
  facet normal 6.078349e-01 7.940629e-01 8.860701e-04
    outer loop
      vertex 9.242431e-02 1.054810e-01 -6.223751e-05
      vertex 8.201850e-02 1.134514e-01 -4.511278e-03
      vertex 8.191362e-02 1.135272e-01 -5.133724e-04
    endloop
  endfacet
  facet normal -6.100905e-01 -7.923291e-01 2.075384e-03
    outer loop
      vertex 1.024171e-01 1.166685e-01 -4.060150e-03
      vertex 1.023200e-01 1.167537e-01 -6.223751e-05
      vertex 9.080659e-02 1.256074e-01 -4.511278e-03
    endloop
  endfacet
  facet normal -6.093574e-01 -7.928951e-01 -9.481589e-04
    outer loop
      vertex 9.080659e-02 1.256074e-01 -4.511278e-03
      vertex 1.023200e-01 1.167537e-01 -6.223751e-05
      vertex 9.070171e-02 1.256832e-01 -5.133724e-04
    endloop
  endfacet
  facet normal 2.317513e-02 -2.034423e-02 -9.995244e-01
    outer loop
      vertex 1.023200e-01 1.167537e-01 -6.223751e-05
      vertex 9.242431e-02 1.054810e-01 -6.223751e-05
      vertex 9.070171e-02 1.256832e-01 -5.133724e-04
    endloop
  endfacet
  facet normal 2.761416e-02 -1.996338e-02 -9.994193e-01
    outer loop
      vertex 9.242431e-02 1.054810e-01 -6.223751e-05
      vertex 8.191362e-02 1.135272e-01 -5.133724e-04
      vertex 9.070171e-02 1.256832e-01 -5.133724e-04
    endloop
  endfacet
  facet normal -2.503054e-02 1.809558e-02 9.995229e-01
    outer loop
      vertex 9.080659e-02 1.256074e-01 -4.511278e-03
      vertex 7.842431e-02 1.333981e-01 -4.962406e-03
      vertex 8.201850e-02 1.134514e-01 -4.511278e-03
    endloop
  endfacet
  facet normal -2.942824e-02 1.730077e-02 9.994172e-01
    outer loop
      vertex 8.201850e-02 1.134514e-01 -4.511278e-03
      vertex 7.842431e-02 1.333981e-01 -4.962406e-03
      vertex 7.082226e-02 1.204672e-01 -4.962406e-03
    endloop
  endfacet
  facet normal 5.310486e-01 8.473387e-01 -2.138781e-03
    outer loop
      vertex 8.201850e-02 1.134514e-01 -4.511278e-03
      vertex 7.082226e-02 1.204672e-01 -4.962406e-03
      vertex 8.191362e-02 1.135272e-01 -5.133724e-04
    endloop
  endfacet
  facet normal 5.301776e-01 8.478861e-01 8.863735e-04
    outer loop
      vertex 8.191362e-02 1.135272e-01 -5.133724e-04
      vertex 7.082226e-02 1.204672e-01 -4.962406e-03
      vertex 7.071050e-02 1.205329e-01 -9.645074e-04
    endloop
  endfacet
  facet normal -5.325950e-01 -8.463677e-01 2.079796e-03
    outer loop
      vertex 9.080659e-02 1.256074e-01 -4.511278e-03
      vertex 9.070171e-02 1.256832e-01 -5.133724e-04
      vertex 7.842431e-02 1.333981e-01 -4.962406e-03
    endloop
  endfacet
  facet normal -5.318092e-01 -8.468637e-01 -9.487850e-04
    outer loop
      vertex 7.842431e-02 1.333981e-01 -4.962406e-03
      vertex 9.070171e-02 1.256832e-01 -5.133724e-04
      vertex 7.831255e-02 1.334638e-01 -9.645074e-04
    endloop
  endfacet
  facet normal 2.503155e-02 -1.809630e-02 -9.995229e-01
    outer loop
      vertex 9.070171e-02 1.256832e-01 -5.133724e-04
      vertex 8.191362e-02 1.135272e-01 -5.133724e-04
      vertex 7.831255e-02 1.334638e-01 -9.645074e-04
    endloop
  endfacet
  facet normal 2.942693e-02 -1.730000e-02 -9.994172e-01
    outer loop
      vertex 8.191362e-02 1.135272e-01 -5.133724e-04
      vertex 7.071050e-02 1.205329e-01 -9.645074e-04
      vertex 7.831255e-02 1.334638e-01 -9.645074e-04
    endloop
  endfacet
  facet normal -2.666925e-02 1.567876e-02 9.995213e-01
    outer loop
      vertex 7.842431e-02 1.333981e-01 -4.962406e-03
      vertex 6.538320e-02 1.399749e-01 -5.413534e-03
      vertex 7.082226e-02 1.204672e-01 -4.962406e-03
    endloop
  endfacet
  facet normal -3.098461e-02 1.447312e-02 9.994151e-01
    outer loop
      vertex 7.082226e-02 1.204672e-01 -4.962406e-03
      vertex 6.538320e-02 1.399749e-01 -5.413534e-03
      vertex 5.903501e-02 1.263844e-01 -5.413534e-03
    endloop
  endfacet
  facet normal 4.487089e-01 8.936754e-01 -2.143512e-03
    outer loop
      vertex 7.082226e-02 1.204672e-01 -4.962406e-03
      vertex 5.903501e-02 1.263844e-01 -5.413534e-03
      vertex 7.071050e-02 1.205329e-01 -9.645074e-04
    endloop
  endfacet
  facet normal 4.477870e-01 8.941398e-01 8.866734e-04
    outer loop
      vertex 7.071050e-02 1.205329e-01 -9.645074e-04
      vertex 5.903501e-02 1.263844e-01 -5.413534e-03
      vertex 5.891735e-02 1.264394e-01 -1.415642e-03
    endloop
  endfacet
  facet normal -4.503457e-01 -8.928519e-01 2.084225e-03
    outer loop
      vertex 7.842431e-02 1.333981e-01 -4.962406e-03
      vertex 7.831255e-02 1.334638e-01 -9.645074e-04
      vertex 6.538320e-02 1.399749e-01 -5.413534e-03
    endloop
  endfacet
  facet normal -4.495138e-01 -8.932729e-01 -9.494098e-04
    outer loop
      vertex 6.538320e-02 1.399749e-01 -5.413534e-03
      vertex 7.831255e-02 1.334638e-01 -9.645074e-04
      vertex 6.526554e-02 1.400298e-01 -1.415642e-03
    endloop
  endfacet
  facet normal 2.667033e-02 -1.567940e-02 -9.995213e-01
    outer loop
      vertex 7.831255e-02 1.334638e-01 -9.645074e-04
      vertex 7.071050e-02 1.205329e-01 -9.645074e-04
      vertex 6.526554e-02 1.400298e-01 -1.415642e-03
    endloop
  endfacet
  facet normal 3.098322e-02 -1.447247e-02 -9.994151e-01
    outer loop
      vertex 7.071050e-02 1.205329e-01 -9.645074e-04
      vertex 5.891735e-02 1.264394e-01 -1.415642e-03
      vertex 6.526554e-02 1.400298e-01 -1.415642e-03
    endloop
  endfacet
  facet normal -2.807499e-02 1.311402e-02 9.995198e-01
    outer loop
      vertex 6.538320e-02 1.399749e-01 -5.413534e-03
      vertex 5.180169e-02 1.452829e-01 -5.864662e-03
      vertex 5.903501e-02 1.263844e-01 -5.413534e-03
    endloop
  endfacet
  facet normal -3.226966e-02 1.150598e-02 9.994130e-01
    outer loop
      vertex 5.903501e-02 1.263844e-01 -5.413534e-03
      vertex 5.180169e-02 1.452829e-01 -5.864662e-03
      vertex 4.676398e-02 1.311542e-01 -5.864662e-03
    endloop
  endfacet
  facet normal 3.623636e-01 9.320343e-01 -2.148264e-03
    outer loop
      vertex 5.903501e-02 1.263844e-01 -5.413534e-03
      vertex 4.676398e-02 1.311542e-01 -5.864662e-03
      vertex 5.891735e-02 1.264394e-01 -1.415642e-03
    endloop
  endfacet
  facet normal 3.613986e-01 9.324110e-01 8.869698e-04
    outer loop
      vertex 5.891735e-02 1.264394e-01 -1.415642e-03
      vertex 4.676398e-02 1.311542e-01 -5.864662e-03
      vertex 4.664145e-02 1.311979e-01 -1.866777e-03
    endloop
  endfacet
  facet normal -3.640765e-01 -9.313667e-01 2.088673e-03
    outer loop
      vertex 6.538320e-02 1.399749e-01 -5.413534e-03
      vertex 6.526554e-02 1.400298e-01 -1.415642e-03
      vertex 5.180169e-02 1.452829e-01 -5.864662e-03
    endloop
  endfacet
  facet normal -3.632058e-01 -9.317085e-01 -9.500334e-04
    outer loop
      vertex 5.180169e-02 1.452829e-01 -5.864662e-03
      vertex 6.526554e-02 1.400298e-01 -1.415642e-03
      vertex 5.167916e-02 1.453266e-01 -1.866777e-03
    endloop
  endfacet
  facet normal 2.807613e-02 -1.311455e-02 -9.995198e-01
    outer loop
      vertex 6.526554e-02 1.400298e-01 -1.415642e-03
      vertex 5.891735e-02 1.264394e-01 -1.415642e-03
      vertex 5.167916e-02 1.453266e-01 -1.866777e-03
    endloop
  endfacet
  facet normal 3.226821e-02 -1.150546e-02 -9.994130e-01
    outer loop
      vertex 5.891735e-02 1.264394e-01 -1.415642e-03
      vertex 4.664145e-02 1.311979e-01 -1.866777e-03
      vertex 5.167916e-02 1.453266e-01 -1.866777e-03
    endloop
  endfacet
  facet normal -2.923445e-02 1.042375e-02 9.995182e-01
    outer loop
      vertex 5.180169e-02 1.452829e-01 -5.864662e-03
      vertex 3.780261e-02 1.492791e-01 -6.315789e-03
      vertex 4.676398e-02 1.311542e-01 -5.864662e-03
    endloop
  endfacet
  facet normal -3.327095e-02 8.425348e-03 9.994109e-01
    outer loop
      vertex 4.676398e-02 1.311542e-01 -5.864662e-03
      vertex 3.780261e-02 1.492791e-01 -6.315789e-03
      vertex 3.412033e-02 1.347381e-01 -6.315789e-03
    endloop
  endfacet
  facet normal 2.727833e-01 9.620731e-01 -2.153035e-03
    outer loop
      vertex 4.676398e-02 1.311542e-01 -5.864662e-03
      vertex 3.412033e-02 1.347381e-01 -6.315789e-03
      vertex 4.664145e-02 1.311979e-01 -1.866777e-03
    endloop
  endfacet
  facet normal 2.717836e-01 9.623580e-01 8.872627e-04
    outer loop
      vertex 4.664145e-02 1.311979e-01 -1.866777e-03
      vertex 3.412033e-02 1.347381e-01 -6.315789e-03
      vertex 3.399401e-02 1.347701e-01 -2.317912e-03
    endloop
  endfacet
  facet normal -2.745577e-01 -9.615684e-01 2.093139e-03
    outer loop
      vertex 5.180169e-02 1.452829e-01 -5.864662e-03
      vertex 5.167916e-02 1.453266e-01 -1.866777e-03
      vertex 3.780261e-02 1.492791e-01 -6.315789e-03
    endloop
  endfacet
  facet normal -2.736555e-01 -9.618273e-01 -9.506558e-04
    outer loop
      vertex 3.780261e-02 1.492791e-01 -6.315789e-03
      vertex 5.167916e-02 1.453266e-01 -1.866777e-03
      vertex 3.767629e-02 1.493111e-01 -2.317912e-03
    endloop
  endfacet
  facet normal 2.923564e-02 -1.042418e-02 -9.995182e-01
    outer loop
      vertex 5.167916e-02 1.453266e-01 -1.866777e-03
      vertex 4.664145e-02 1.311979e-01 -1.866777e-03
      vertex 3.767629e-02 1.493111e-01 -2.317912e-03
    endloop
  endfacet
  facet normal 3.326945e-02 -8.424969e-03 -9.994109e-01
    outer loop
      vertex 4.664145e-02 1.311979e-01 -1.866777e-03
      vertex 3.399401e-02 1.347701e-01 -2.317912e-03
      vertex 3.767629e-02 1.493111e-01 -2.317912e-03
    endloop
  endfacet
  facet normal -3.013647e-02 7.631590e-03 9.995167e-01
    outer loop
      vertex 3.780261e-02 1.492791e-01 -6.315789e-03
      vertex 2.351216e-02 1.519321e-01 -6.766917e-03
      vertex 3.412033e-02 1.347381e-01 -6.315789e-03
    endloop
  endfacet
  facet normal -3.397851e-02 5.258325e-03 9.994087e-01
    outer loop
      vertex 3.412033e-02 1.347381e-01 -6.315789e-03
      vertex 2.351216e-02 1.519321e-01 -6.766917e-03
      vertex 2.121815e-02 1.371085e-01 -6.766917e-03
    endloop
  endfacet
  facet normal 1.807678e-01 9.835234e-01 -2.157827e-03
    outer loop
      vertex 3.412033e-02 1.347381e-01 -6.315789e-03
      vertex 2.121815e-02 1.371085e-01 -6.766917e-03
      vertex 3.399401e-02 1.347701e-01 -2.317912e-03
    endloop
  endfacet
  facet normal 1.797420e-01 9.837134e-01 8.875520e-04
    outer loop
      vertex 3.399401e-02 1.347701e-01 -2.317912e-03
      vertex 2.121815e-02 1.371085e-01 -6.766917e-03
      vertex 2.108916e-02 1.371285e-01 -2.769048e-03
    endloop
  endfacet
  facet normal -1.825881e-01 -9.831873e-01 2.097623e-03
    outer loop
      vertex 3.780261e-02 1.492791e-01 -6.315789e-03
      vertex 3.767629e-02 1.493111e-01 -2.317912e-03
      vertex 2.351216e-02 1.519321e-01 -6.766917e-03
    endloop
  endfacet
  facet normal -1.816625e-01 -9.833605e-01 -9.512768e-04
    outer loop
      vertex 2.351216e-02 1.519321e-01 -6.766917e-03
      vertex 3.767629e-02 1.493111e-01 -2.317912e-03
      vertex 2.338317e-02 1.519520e-01 -2.769048e-03
    endloop
  endfacet
  facet normal 3.013770e-02 -7.631902e-03 -9.995166e-01
    outer loop
      vertex 3.767629e-02 1.493111e-01 -2.317912e-03
      vertex 3.399401e-02 1.347701e-01 -2.317912e-03
      vertex 2.338317e-02 1.519520e-01 -2.769048e-03
    endloop
  endfacet
  facet normal 3.397698e-02 -5.258088e-03 -9.994088e-01
    outer loop
      vertex 3.399401e-02 1.347701e-01 -2.317912e-03
      vertex 2.108916e-02 1.371285e-01 -2.769048e-03
      vertex 2.338317e-02 1.519520e-01 -2.769048e-03
    endloop
  endfacet
  facet normal -3.077216e-02 4.762128e-03 9.995151e-01
    outer loop
      vertex 2.351216e-02 1.519321e-01 -6.766917e-03
      vertex 9.058699e-03 1.532224e-01 -7.218045e-03
      vertex 2.121815e-02 1.371085e-01 -6.766917e-03
    endloop
  endfacet
  facet normal -3.438498e-02 2.032882e-03 9.994066e-01
    outer loop
      vertex 2.121815e-02 1.371085e-01 -6.766917e-03
      vertex 9.058699e-03 1.532224e-01 -7.218045e-03
      vertex 8.173426e-03 1.382486e-01 -7.218045e-03
    endloop
  endfacet
  facet normal 8.713842e-02 9.961939e-01 -2.162639e-03
    outer loop
      vertex 2.121815e-02 1.371085e-01 -6.766917e-03
      vertex 8.173426e-03 1.382486e-01 -7.218045e-03
      vertex 2.108916e-02 1.371285e-01 -2.769048e-03
    endloop
  endfacet
  facet normal 8.609567e-02 9.962865e-01 8.878376e-04
    outer loop
      vertex 2.108916e-02 1.371285e-01 -2.769048e-03
      vertex 8.173426e-03 1.382486e-01 -7.218045e-03
      vertex 8.042903e-03 1.382563e-01 -3.220183e-03
    endloop
  endfacet
  facet normal -8.898864e-02 -9.960304e-01 2.102125e-03
    outer loop
      vertex 2.351216e-02 1.519321e-01 -6.766917e-03
      vertex 2.338317e-02 1.519520e-01 -2.769048e-03
      vertex 9.058699e-03 1.532224e-01 -7.218045e-03
    endloop
  endfacet
  facet normal -8.804767e-02 -9.961158e-01 -9.518965e-04
    outer loop
      vertex 9.058699e-03 1.532224e-01 -7.218045e-03
      vertex 2.338317e-02 1.519520e-01 -2.769048e-03
      vertex 8.928175e-03 1.532301e-01 -3.220183e-03
    endloop
  endfacet
  facet normal 3.077342e-02 -4.762323e-03 -9.995150e-01
    outer loop
      vertex 2.338317e-02 1.519520e-01 -2.769048e-03
      vertex 2.108916e-02 1.371285e-01 -2.769048e-03
      vertex 8.928175e-03 1.532301e-01 -3.220183e-03
    endloop
  endfacet
  facet normal 3.438342e-02 -2.032790e-03 -9.994066e-01
    outer loop
      vertex 2.108916e-02 1.371285e-01 -2.769048e-03
      vertex 8.042903e-03 1.382563e-01 -3.220183e-03
      vertex 8.928175e-03 1.532301e-01 -3.220183e-03
    endloop
  endfacet
  facet normal -3.113497e-02 1.840738e-03 9.995135e-01
    outer loop
      vertex 9.058699e-03 1.532224e-01 -7.218045e-03
      vertex -5.428363e-03 1.531432e-01 -7.669173e-03
      vertex 8.173426e-03 1.382486e-01 -7.218045e-03
    endloop
  endfacet
  facet normal -3.448562e-02 -1.222389e-03 9.994044e-01
    outer loop
      vertex 8.173426e-03 1.382486e-01 -7.218045e-03
      vertex -5.428363e-03 1.531432e-01 -7.669173e-03
      vertex -4.897002e-03 1.381526e-01 -7.669173e-03
    endloop
  endfacet
  facet normal -7.268957e-03 9.999712e-01 -2.167472e-03
    outer loop
      vertex 8.173426e-03 1.382486e-01 -7.218045e-03
      vertex -4.897002e-03 1.381526e-01 -7.669173e-03
      vertex 8.042903e-03 1.382563e-01 -3.220183e-03
    endloop
  endfacet
  facet normal -8.319479e-03 9.999650e-01 8.881195e-04
    outer loop
      vertex 8.042903e-03 1.382563e-01 -3.220183e-03
      vertex -4.897002e-03 1.381526e-01 -7.669173e-03
      vertex -5.027896e-03 1.381479e-01 -3.671318e-03
    endloop
  endfacet
  facet normal 5.405190e-03 -9.999832e-01 2.106646e-03
    outer loop
      vertex 9.058699e-03 1.532224e-01 -7.218045e-03
      vertex 8.928175e-03 1.532301e-01 -3.220183e-03
      vertex -5.428363e-03 1.531432e-01 -7.669173e-03
    endloop
  endfacet
  facet normal 6.353179e-03 -9.999794e-01 -9.525148e-04
    outer loop
      vertex -5.428363e-03 1.531432e-01 -7.669173e-03
      vertex 8.928175e-03 1.532301e-01 -3.220183e-03
      vertex -5.559257e-03 1.531385e-01 -3.671318e-03
    endloop
  endfacet
  facet normal 3.113625e-02 -1.840813e-03 -9.995135e-01
    outer loop
      vertex 8.928175e-03 1.532301e-01 -3.220183e-03
      vertex 8.042903e-03 1.382563e-01 -3.220183e-03
      vertex -5.559257e-03 1.531385e-01 -3.671318e-03
    endloop
  endfacet
  facet normal 3.448405e-02 1.222333e-03 -9.994045e-01
    outer loop
      vertex 8.042903e-03 1.382563e-01 -3.220183e-03
      vertex -5.027896e-03 1.381479e-01 -3.671318e-03
      vertex -5.559257e-03 1.531385e-01 -3.671318e-03
    endloop
  endfacet
  facet normal -3.122077e-02 -1.106662e-03 9.995119e-01
    outer loop
      vertex -5.428363e-03 1.531432e-01 -7.669173e-03
      vertex -1.981974e-02 1.516995e-01 -8.120301e-03
      vertex -4.897002e-03 1.381526e-01 -7.669173e-03
    endloop
  endfacet
  facet normal -3.427844e-02 -4.478525e-03 9.994023e-01
    outer loop
      vertex -4.897002e-03 1.381526e-01 -7.669173e-03
      vertex -1.981974e-02 1.516995e-01 -8.120301e-03
      vertex -1.787649e-02 1.368259e-01 -8.120301e-03
    endloop
  endfacet
  facet normal -1.016116e-01 9.948218e-01 -2.172325e-03
    outer loop
      vertex -4.897002e-03 1.381526e-01 -7.669173e-03
      vertex -1.787649e-02 1.368259e-01 -8.120301e-03
      vertex -5.027896e-03 1.381479e-01 -3.671318e-03
    endloop
  endfacet
  facet normal -1.026605e-01 9.947161e-01 8.883978e-04
    outer loop
      vertex -5.027896e-03 1.381479e-01 -3.671318e-03
      vertex -1.787649e-02 1.368259e-01 -8.120301e-03
      vertex -1.800658e-02 1.368089e-01 -4.122453e-03
    endloop
  endfacet
  facet normal 9.975086e-02 -9.950102e-01 2.111185e-03
    outer loop
      vertex -5.428363e-03 1.531432e-01 -7.669173e-03
      vertex -5.559257e-03 1.531385e-01 -3.671318e-03
      vertex -1.981974e-02 1.516995e-01 -8.120301e-03
    endloop
  endfacet
  facet normal 1.006974e-01 -9.949166e-01 -9.531318e-04
    outer loop
      vertex -1.981974e-02 1.516995e-01 -8.120301e-03
      vertex -5.559257e-03 1.531385e-01 -3.671318e-03
      vertex -1.994984e-02 1.516825e-01 -4.122453e-03
    endloop
  endfacet
  facet normal 3.122206e-02 1.106707e-03 -9.995119e-01
    outer loop
      vertex -5.559257e-03 1.531385e-01 -3.671318e-03
      vertex -5.027896e-03 1.381479e-01 -3.671318e-03
      vertex -1.994984e-02 1.516825e-01 -4.122453e-03
    endloop
  endfacet
  facet normal 3.427687e-02 4.478320e-03 -9.994023e-01
    outer loop
      vertex -5.027896e-03 1.381479e-01 -3.671318e-03
      vertex -1.800658e-02 1.368089e-01 -4.122453e-03
      vertex -1.994984e-02 1.516825e-01 -4.122453e-03
    endloop
  endfacet
  facet normal -3.102789e-02 -4.053836e-03 9.995103e-01
    outer loop
      vertex -1.981974e-02 1.516995e-01 -8.120301e-03
      vertex -3.398742e-02 1.489086e-01 -8.571429e-03
      vertex -1.787649e-02 1.368259e-01 -8.120301e-03
    endloop
  endfacet
  facet normal -3.376417e-02 -7.706451e-03 9.994001e-01
    outer loop
      vertex -1.787649e-02 1.368259e-01 -8.120301e-03
      vertex -3.398742e-02 1.489086e-01 -8.571429e-03
      vertex -3.064961e-02 1.342847e-01 -8.571429e-03
    endloop
  endfacet
  facet normal -1.950472e-01 9.807914e-01 -2.177199e-03
    outer loop
      vertex -1.787649e-02 1.368259e-01 -8.120301e-03
      vertex -3.064961e-02 1.342847e-01 -8.571429e-03
      vertex -1.800658e-02 1.368089e-01 -4.122453e-03
    endloop
  endfacet
  facet normal -1.960851e-01 9.805865e-01 8.886722e-04
    outer loop
      vertex -1.800658e-02 1.368089e-01 -4.122453e-03
      vertex -3.064961e-02 1.342847e-01 -8.571429e-03
      vertex -3.077774e-02 1.342555e-01 -4.573588e-03
    endloop
  endfacet
  facet normal 1.932062e-01 -9.811559e-01 2.115743e-03
    outer loop
      vertex -1.981974e-02 1.516995e-01 -8.120301e-03
      vertex -1.994984e-02 1.516825e-01 -4.122453e-03
      vertex -3.398742e-02 1.489086e-01 -8.571429e-03
    endloop
  endfacet
  facet normal 1.941429e-01 -9.809728e-01 -9.537474e-04
    outer loop
      vertex -3.398742e-02 1.489086e-01 -8.571429e-03
      vertex -1.994984e-02 1.516825e-01 -4.122453e-03
      vertex -3.411556e-02 1.488794e-01 -4.573588e-03
    endloop
  endfacet
  facet normal 3.102918e-02 4.054004e-03 -9.995103e-01
    outer loop
      vertex -1.994984e-02 1.516825e-01 -4.122453e-03
      vertex -1.800658e-02 1.368089e-01 -4.122453e-03
      vertex -3.411556e-02 1.488794e-01 -4.573588e-03
    endloop
  endfacet
  facet normal 3.376262e-02 7.706098e-03 -9.994002e-01
    outer loop
      vertex -1.800658e-02 1.368089e-01 -4.122453e-03
      vertex -3.077774e-02 1.342555e-01 -4.573588e-03
      vertex -3.411556e-02 1.488794e-01 -4.573588e-03
    endloop
  endfacet
  facet normal -3.055714e-02 -6.974467e-03 9.995087e-01
    outer loop
      vertex -3.398742e-02 1.489086e-01 -8.571429e-03
      vertex -4.780581e-02 1.448000e-01 -9.022556e-03
      vertex -3.064961e-02 1.342847e-01 -8.571429e-03
    endloop
  endfacet
  facet normal -3.294629e-02 -1.087724e-02 9.993979e-01
    outer loop
      vertex -3.064961e-02 1.342847e-01 -8.571429e-03
      vertex -4.780581e-02 1.448000e-01 -9.022556e-03
      vertex -4.310322e-02 1.305562e-01 -9.022556e-03
    endloop
  endfacet
  facet normal -2.867417e-01 9.580054e-01 -2.182094e-03
    outer loop
      vertex -3.064961e-02 1.342847e-01 -8.571429e-03
      vertex -4.310322e-02 1.305562e-01 -9.022556e-03
      vertex -3.077774e-02 1.342555e-01 -4.573588e-03
    endloop
  endfacet
  facet normal -2.877593e-01 9.577024e-01 8.889428e-04
    outer loop
      vertex -3.077774e-02 1.342555e-01 -4.573588e-03
      vertex -4.310322e-02 1.305562e-01 -9.022556e-03
      vertex -4.322823e-02 1.305149e-01 -5.024724e-03
    endloop
  endfacet
  facet normal 2.849372e-01 -9.585438e-01 2.120320e-03
    outer loop
      vertex -3.398742e-02 1.489086e-01 -8.571429e-03
      vertex -3.411556e-02 1.488794e-01 -4.573588e-03
      vertex -4.780581e-02 1.448000e-01 -9.022556e-03
    endloop
  endfacet
  facet normal 2.858555e-01 -9.582723e-01 -9.543615e-04
    outer loop
      vertex -4.780581e-02 1.448000e-01 -9.022556e-03
      vertex -3.411556e-02 1.488794e-01 -4.573588e-03
      vertex -4.793083e-02 1.447587e-01 -5.024724e-03
    endloop
  endfacet
  facet normal 3.055841e-02 6.974757e-03 -9.995086e-01
    outer loop
      vertex -3.411556e-02 1.488794e-01 -4.573588e-03
      vertex -3.077774e-02 1.342555e-01 -4.573588e-03
      vertex -4.793083e-02 1.447587e-01 -5.024724e-03
    endloop
  endfacet
  facet normal 3.294477e-02 1.087674e-02 -9.993980e-01
    outer loop
      vertex -3.077774e-02 1.342555e-01 -4.573588e-03
      vertex -4.322823e-02 1.305149e-01 -5.024724e-03
      vertex -4.793083e-02 1.447587e-01 -5.024724e-03
    endloop
  endfacet
  facet normal -2.981180e-02 -9.842387e-03 9.995071e-01
    outer loop
      vertex -4.780581e-02 1.448000e-01 -9.022556e-03
      vertex -6.115284e-02 1.394144e-01 -9.473684e-03
      vertex -4.310322e-02 1.305562e-01 -9.022556e-03
    endloop
  endfacet
  facet normal -3.183099e-02 -1.396237e-02 9.993957e-01
    outer loop
      vertex -4.310322e-02 1.305562e-01 -9.022556e-03
      vertex -6.115284e-02 1.394144e-01 -9.473684e-03
      vertex -5.512741e-02 1.256778e-01 -9.473684e-03
    endloop
  endfacet
  facet normal -3.758766e-01 9.266671e-01 -2.187011e-03
    outer loop
      vertex -4.310322e-02 1.305562e-01 -9.022556e-03
      vertex -5.512741e-02 1.256778e-01 -9.473684e-03
      vertex -4.322823e-02 1.305149e-01 -5.024724e-03
    endloop
  endfacet
  facet normal -3.768645e-01 9.262680e-01 8.892095e-04
    outer loop
      vertex -4.322823e-02 1.305149e-01 -5.024724e-03
      vertex -5.512741e-02 1.256778e-01 -9.473684e-03
      vertex -5.524819e-02 1.256249e-01 -5.475859e-03
    endloop
  endfacet
  facet normal 3.741249e-01 -9.273759e-01 2.124915e-03
    outer loop
      vertex -4.780581e-02 1.448000e-01 -9.022556e-03
      vertex -4.793083e-02 1.447587e-01 -5.024724e-03
      vertex -6.115284e-02 1.394144e-01 -9.473684e-03
    endloop
  endfacet
  facet normal 3.750164e-01 -9.270177e-01 -9.549742e-04
    outer loop
      vertex -6.115284e-02 1.394144e-01 -9.473684e-03
      vertex -4.793083e-02 1.447587e-01 -5.024724e-03
      vertex -6.127362e-02 1.393615e-01 -5.475859e-03
    endloop
  endfacet
  facet normal 2.981304e-02 9.842797e-03 -9.995070e-01
    outer loop
      vertex -4.793083e-02 1.447587e-01 -5.024724e-03
      vertex -4.322823e-02 1.305149e-01 -5.024724e-03
      vertex -6.127362e-02 1.393615e-01 -5.475859e-03
    endloop
  endfacet
  facet normal 3.182952e-02 1.396172e-02 -9.993958e-01
    outer loop
      vertex -4.322823e-02 1.305149e-01 -5.024724e-03
      vertex -5.524819e-02 1.256249e-01 -5.475859e-03
      vertex -6.127362e-02 1.393615e-01 -5.475859e-03
    endloop
  endfacet
  facet normal -2.879763e-02 -1.263181e-02 9.995054e-01
    outer loop
      vertex -6.115284e-02 1.394144e-01 -9.473684e-03
      vertex -7.391105e-02 1.328042e-01 -9.924812e-03
      vertex -5.512741e-02 1.256778e-01 -9.473684e-03
    endloop
  endfacet
  facet normal -3.042715e-02 -1.693397e-02 9.993935e-01
    outer loop
      vertex -5.512741e-02 1.256778e-01 -9.473684e-03
      vertex -7.391105e-02 1.328042e-01 -9.924812e-03
      vertex -6.661653e-02 1.196974e-01 -9.924812e-03
    endloop
  endfacet
  facet normal -4.616561e-01 8.870563e-01 -2.191948e-03
    outer loop
      vertex -5.512741e-02 1.256778e-01 -9.473684e-03
      vertex -6.661653e-02 1.196974e-01 -9.924812e-03
      vertex -5.524819e-02 1.256249e-01 -5.475859e-03
    endloop
  endfacet
  facet normal -4.626053e-01 8.865639e-01 8.894723e-04
    outer loop
      vertex -5.524819e-02 1.256249e-01 -5.475859e-03
      vertex -6.661653e-02 1.196974e-01 -9.924812e-03
      vertex -6.673197e-02 1.196331e-01 -5.926994e-03
    endloop
  endfacet
  facet normal 4.599733e-01 -8.879302e-01 2.129530e-03
    outer loop
      vertex -6.115284e-02 1.394144e-01 -9.473684e-03
      vertex -6.127362e-02 1.393615e-01 -5.475859e-03
      vertex -7.391105e-02 1.328042e-01 -9.924812e-03
    endloop
  endfacet
  facet normal 4.608299e-01 -8.874880e-01 -9.555855e-04
    outer loop
      vertex -7.391105e-02 1.328042e-01 -9.924812e-03
      vertex -6.127362e-02 1.393615e-01 -5.475859e-03
      vertex -7.402648e-02 1.327400e-01 -5.926994e-03
    endloop
  endfacet
  facet normal 2.879883e-02 1.263234e-02 -9.995054e-01
    outer loop
      vertex -6.127362e-02 1.393615e-01 -5.475859e-03
      vertex -5.524819e-02 1.256249e-01 -5.475859e-03
      vertex -7.402648e-02 1.327400e-01 -5.926994e-03
    endloop
  endfacet
  facet normal 3.042574e-02 1.693318e-02 -9.993936e-01
    outer loop
      vertex -5.524819e-02 1.256249e-01 -5.475859e-03
      vertex -6.673197e-02 1.196331e-01 -5.926994e-03
      vertex -7.402648e-02 1.327400e-01 -5.926994e-03
    endloop
  endfacet
  facet normal -2.752279e-02 -1.531757e-02 9.995038e-01
    outer loop
      vertex -7.391105e-02 1.328042e-01 -9.924812e-03
      vertex -8.596860e-02 1.250324e-01 -1.037594e-02
      vertex -6.661653e-02 1.196974e-01 -9.924812e-03
    endloop
  endfacet
  facet normal -2.874626e-02 -1.976509e-02 9.993913e-01
    outer loop
      vertex -6.661653e-02 1.196974e-01 -9.924812e-03
      vertex -8.596860e-02 1.250324e-01 -1.037594e-02
      vertex -7.747007e-02 1.126721e-01 -1.037594e-02
    endloop
  endfacet
  facet normal -5.433144e-01 8.395265e-01 -2.196907e-03
    outer loop
      vertex -6.661653e-02 1.196974e-01 -9.924812e-03
      vertex -7.747007e-02 1.126721e-01 -1.037594e-02
      vertex -6.673197e-02 1.196331e-01 -5.926994e-03
    endloop
  endfacet
  facet normal -5.442160e-01 8.389446e-01 8.897312e-04
    outer loop
      vertex -6.673197e-02 1.196331e-01 -5.926994e-03
      vertex -7.747007e-02 1.126721e-01 -1.037594e-02
      vertex -7.757912e-02 1.125972e-01 -6.378130e-03
    endloop
  endfacet
  facet normal 5.417160e-01 -8.405589e-01 2.134163e-03
    outer loop
      vertex -7.391105e-02 1.328042e-01 -9.924812e-03
      vertex -7.402648e-02 1.327400e-01 -5.926994e-03
      vertex -8.596860e-02 1.250324e-01 -1.037594e-02
    endloop
  endfacet
  facet normal 5.425298e-01 -8.400360e-01 -9.561952e-04
    outer loop
      vertex -8.596860e-02 1.250324e-01 -1.037594e-02
      vertex -7.402648e-02 1.327400e-01 -5.926994e-03
      vertex -8.607765e-02 1.249574e-01 -6.378130e-03
    endloop
  endfacet
  facet normal 2.752395e-02 1.531821e-02 -9.995038e-01
    outer loop
      vertex -7.402648e-02 1.327400e-01 -5.926994e-03
      vertex -6.673197e-02 1.196331e-01 -5.926994e-03
      vertex -8.607765e-02 1.249574e-01 -6.378130e-03
    endloop
  endfacet
  facet normal 2.874493e-02 1.976417e-02 -9.993914e-01
    outer loop
      vertex -6.673197e-02 1.196331e-01 -5.926994e-03
      vertex -7.757912e-02 1.125972e-01 -6.378130e-03
      vertex -8.607765e-02 1.249574e-01 -6.378130e-03
    endloop
  endfacet
  facet normal -2.599782e-02 -1.787534e-02 9.995022e-01
    outer loop
      vertex -8.596860e-02 1.250324e-01 -1.037594e-02
      vertex -9.722029e-02 1.161719e-01 -1.082707e-02
      vertex -7.747007e-02 1.126721e-01 -1.037594e-02
    endloop
  endfacet
  facet normal -2.680232e-02 -2.242994e-02 9.993891e-01
    outer loop
      vertex -7.747007e-02 1.126721e-01 -1.037594e-02
      vertex -9.722029e-02 1.161719e-01 -1.082707e-02
      vertex -8.759356e-02 1.046686e-01 -1.082707e-02
    endloop
  endfacet
  facet normal -6.201225e-01 7.845019e-01 -2.201887e-03
    outer loop
      vertex -7.747007e-02 1.126721e-01 -1.037594e-02
      vertex -8.759356e-02 1.046686e-01 -1.082707e-02
      vertex -7.757912e-02 1.125972e-01 -6.378130e-03
    endloop
  endfacet
  facet normal -6.209682e-01 7.838352e-01 8.899860e-04
    outer loop
      vertex -7.757912e-02 1.125972e-01 -6.378130e-03
      vertex -8.759356e-02 1.046686e-01 -1.082707e-02
      vertex -8.769523e-02 1.045835e-01 -6.829265e-03
    endloop
  endfacet
  facet normal 6.186235e-01 -7.856847e-01 2.138816e-03
    outer loop
      vertex -8.596860e-02 1.250324e-01 -1.037594e-02
      vertex -8.607765e-02 1.249574e-01 -6.378130e-03
      vertex -9.722029e-02 1.161719e-01 -1.082707e-02
    endloop
  endfacet
  facet normal 6.193869e-01 -7.850853e-01 -9.568034e-04
    outer loop
      vertex -9.722029e-02 1.161719e-01 -1.082707e-02
      vertex -8.607765e-02 1.249574e-01 -6.378130e-03
      vertex -9.732196e-02 1.160868e-01 -6.829265e-03
    endloop
  endfacet
  facet normal 2.599891e-02 1.787609e-02 -9.995021e-01
    outer loop
      vertex -8.607765e-02 1.249574e-01 -6.378130e-03
      vertex -7.757912e-02 1.125972e-01 -6.378130e-03
      vertex -9.732196e-02 1.160868e-01 -6.829265e-03
    endloop
  endfacet
  facet normal 2.680107e-02 2.242890e-02 -9.993891e-01
    outer loop
      vertex -7.757912e-02 1.125972e-01 -6.378130e-03
      vertex -8.769523e-02 1.045835e-01 -6.829265e-03
      vertex -9.732196e-02 1.160868e-01 -6.829265e-03
    endloop
  endfacet
  facet normal -2.423550e-02 -2.028186e-02 9.995005e-01
    outer loop
      vertex -9.722029e-02 1.161719e-01 -1.082707e-02
      vertex -1.075685e-01 1.063055e-01 -1.127820e-02
      vertex -8.759356e-02 1.046686e-01 -1.082707e-02
    endloop
  endfacet
  facet normal -2.461171e-02 -2.490411e-02 9.993868e-01
    outer loop
      vertex -8.759356e-02 1.046686e-01 -1.082707e-02
      vertex -1.075685e-01 1.063055e-01 -1.127820e-02
      vertex -9.689941e-02 9.576168e-02 -1.127820e-02
    endloop
  endfacet
  facet normal -6.913947e-01 7.224739e-01 -2.206888e-03
    outer loop
      vertex -8.759356e-02 1.046686e-01 -1.082707e-02
      vertex -9.689941e-02 9.576168e-02 -1.127820e-02
      vertex -8.769523e-02 1.045835e-01 -6.829265e-03
    endloop
  endfacet
  facet normal -6.921765e-01 7.217277e-01 8.902368e-04
    outer loop
      vertex -8.769523e-02 1.045835e-01 -6.829265e-03
      vertex -9.689941e-02 9.576168e-02 -1.127820e-02
      vertex -9.699275e-02 9.566722e-02 -7.280401e-03
    endloop
  endfacet
  facet normal 6.900092e-01 -7.237974e-01 2.143488e-03
    outer loop
      vertex -9.722029e-02 1.161719e-01 -1.082707e-02
      vertex -9.732196e-02 1.160868e-01 -6.829265e-03
      vertex -1.075685e-01 1.063055e-01 -1.127820e-02
    endloop
  endfacet
  facet normal 6.907151e-01 -7.231264e-01 -9.574101e-04
    outer loop
      vertex -1.075685e-01 1.063055e-01 -1.127820e-02
      vertex -9.732196e-02 1.160868e-01 -6.829265e-03
      vertex -1.076618e-01 1.062110e-01 -7.280401e-03
    endloop
  endfacet
  facet normal 2.423652e-02 2.028272e-02 -9.995005e-01
    outer loop
      vertex -9.732196e-02 1.160868e-01 -6.829265e-03
      vertex -8.769523e-02 1.045835e-01 -6.829265e-03
      vertex -1.076618e-01 1.062110e-01 -7.280401e-03
    endloop
  endfacet
  facet normal 2.461056e-02 2.490295e-02 -9.993869e-01
    outer loop
      vertex -8.769523e-02 1.045835e-01 -6.829265e-03
      vertex -9.699275e-02 9.566722e-02 -7.280401e-03
      vertex -1.076618e-01 1.062110e-01 -7.280401e-03
    endloop
  endfacet
  facet normal -2.225078e-02 -2.251513e-02 9.994989e-01
    outer loop
      vertex -1.075685e-01 1.063055e-01 -1.127820e-02
      vertex -1.169238e-01 9.552436e-02 -1.172932e-02
      vertex -9.689941e-02 9.576168e-02 -1.127820e-02
    endloop
  endfacet
  facet normal -2.219309e-02 -2.716481e-02 9.993846e-01
    outer loop
      vertex -9.689941e-02 9.576168e-02 -1.127820e-02
      vertex -1.169238e-01 9.552436e-02 -1.172932e-02
      vertex -1.053076e-01 8.603416e-02 -1.172932e-02
    endloop
  endfacet
  facet normal -7.564948e-01 6.539960e-01 -2.211912e-03
    outer loop
      vertex -9.689941e-02 9.576168e-02 -1.127820e-02
      vertex -1.053076e-01 8.603416e-02 -1.172932e-02
      vertex -9.699275e-02 9.566722e-02 -7.280401e-03
    endloop
  endfacet
  facet normal -7.572052e-01 6.531764e-01 8.904835e-04
    outer loop
      vertex -9.699275e-02 9.566722e-02 -7.280401e-03
      vertex -1.053076e-01 8.603416e-02 -1.172932e-02
      vertex -1.053918e-01 8.593114e-02 -7.731536e-03
    endloop
  endfacet
  facet normal 7.552360e-01 -6.554494e-01 2.148179e-03
    outer loop
      vertex -1.075685e-01 1.063055e-01 -1.127820e-02
      vertex -1.076618e-01 1.062110e-01 -7.280401e-03
      vertex -1.169238e-01 9.552436e-02 -1.172932e-02
    endloop
  endfacet
  facet normal 7.558775e-01 -6.547123e-01 -9.580151e-04
    outer loop
      vertex -1.169238e-01 9.552436e-02 -1.172932e-02
      vertex -1.076618e-01 1.062110e-01 -7.280401e-03
      vertex -1.170080e-01 9.542134e-02 -7.731536e-03
    endloop
  endfacet
  facet normal 2.225172e-02 2.251609e-02 -9.994988e-01
    outer loop
      vertex -1.076618e-01 1.062110e-01 -7.280401e-03
      vertex -9.699275e-02 9.566722e-02 -7.280401e-03
      vertex -1.170080e-01 9.542134e-02 -7.731536e-03
    endloop
  endfacet
  facet normal 2.219205e-02 2.716353e-02 -9.993846e-01
    outer loop
      vertex -9.699275e-02 9.566722e-02 -7.280401e-03
      vertex -1.053918e-01 8.593114e-02 -7.731536e-03
      vertex -1.170080e-01 9.542134e-02 -7.731536e-03
    endloop
  endfacet
  facet normal -2.006064e-02 -2.455464e-02 9.994972e-01
    outer loop
      vertex -1.169238e-01 9.552436e-02 -1.172932e-02
      vertex -1.252062e-01 8.392775e-02 -1.218045e-02
      vertex -1.053076e-01 8.603416e-02 -1.172932e-02
    endloop
  endfacet
  facet normal -1.956724e-02 -2.919106e-02 9.993823e-01
    outer loop
      vertex -1.053076e-01 8.603416e-02 -1.172932e-02
      vertex -1.252062e-01 8.392775e-02 -1.218045e-02
      vertex -1.127465e-01 7.557579e-02 -1.218045e-02
    endloop
  endfacet
  facet normal -8.148414e-01 5.796797e-01 -2.216957e-03
    outer loop
      vertex -1.053076e-01 8.603416e-02 -1.172932e-02
      vertex -1.127465e-01 7.557579e-02 -1.218045e-02
      vertex -1.053918e-01 8.593114e-02 -7.731536e-03
    endloop
  endfacet
  facet normal -8.154736e-01 5.787935e-01 8.907259e-04
    outer loop
      vertex -1.053918e-01 8.593114e-02 -7.731536e-03
      vertex -1.127465e-01 7.557579e-02 -1.218045e-02
      vertex -1.128207e-01 7.546510e-02 -8.182672e-03
    endloop
  endfacet
  facet normal 8.137216e-01 -5.812509e-01 2.152890e-03
    outer loop
      vertex -1.169238e-01 9.552436e-02 -1.172932e-02
      vertex -1.170080e-01 9.542134e-02 -7.731536e-03
      vertex -1.252062e-01 8.392775e-02 -1.218045e-02
    endloop
  endfacet
  facet normal 8.142926e-01 -5.804538e-01 -9.586186e-04
    outer loop
      vertex -1.252062e-01 8.392775e-02 -1.218045e-02
      vertex -1.170080e-01 9.542134e-02 -7.731536e-03
      vertex -1.252804e-01 8.381705e-02 -8.182672e-03
    endloop
  endfacet
  facet normal 2.006149e-02 2.455569e-02 -9.994972e-01
    outer loop
      vertex -1.170080e-01 9.542134e-02 -7.731536e-03
      vertex -1.053918e-01 8.593114e-02 -7.731536e-03
      vertex -1.252804e-01 8.381705e-02 -8.182672e-03
    endloop
  endfacet
  facet normal 1.956632e-02 2.918968e-02 -9.993824e-01
    outer loop
      vertex -1.053918e-01 8.593114e-02 -7.731536e-03
      vertex -1.128207e-01 7.546510e-02 -8.182672e-03
      vertex -1.252804e-01 8.381705e-02 -8.182672e-03
    endloop
  endfacet
  facet normal -1.768397e-02 -2.638153e-02 9.994955e-01
    outer loop
      vertex -1.252062e-01 8.392775e-02 -1.218045e-02
      vertex -1.323454e-01 7.162173e-02 -1.263158e-02
      vertex -1.127465e-01 7.557579e-02 -1.218045e-02
    endloop
  endfacet
  facet normal -1.675682e-02 -3.096390e-02 9.993800e-01
    outer loop
      vertex -1.127465e-01 7.557579e-02 -1.218045e-02
      vertex -1.323454e-01 7.162173e-02 -1.263158e-02
      vertex -1.191533e-01 6.448252e-02 -1.263158e-02
    endloop
  endfacet
  facet normal -8.659139e-01 5.001882e-01 -2.222024e-03
    outer loop
      vertex -1.127465e-01 7.557579e-02 -1.218045e-02
      vertex -1.191533e-01 6.448252e-02 -1.263158e-02
      vertex -1.128207e-01 7.546510e-02 -8.182672e-03
    endloop
  endfacet
  facet normal -8.664616e-01 4.992430e-01 8.909642e-04
    outer loop
      vertex -1.128207e-01 7.546510e-02 -8.182672e-03
      vertex -1.191533e-01 6.448252e-02 -1.263158e-02
      vertex -1.192168e-01 6.436511e-02 -8.633807e-03
    endloop
  endfacet
  facet normal 8.649439e-01 -5.018639e-01 2.157621e-03
    outer loop
      vertex -1.252062e-01 8.392775e-02 -1.218045e-02
      vertex -1.252804e-01 8.381705e-02 -8.182672e-03
      vertex -1.323454e-01 7.162173e-02 -1.263158e-02
    endloop
  endfacet
  facet normal 8.654389e-01 -5.010136e-01 -9.592204e-04
    outer loop
      vertex -1.323454e-01 7.162173e-02 -1.263158e-02
      vertex -1.252804e-01 8.381705e-02 -8.182672e-03
      vertex -1.324089e-01 7.150432e-02 -8.633807e-03
    endloop
  endfacet
  facet normal 1.768472e-02 2.638266e-02 -9.994955e-01
    outer loop
      vertex -1.252804e-01 8.381705e-02 -8.182672e-03
      vertex -1.128207e-01 7.546510e-02 -8.182672e-03
      vertex -1.324089e-01 7.150432e-02 -8.633807e-03
    endloop
  endfacet
  facet normal 1.675603e-02 3.096243e-02 -9.993801e-01
    outer loop
      vertex -1.128207e-01 7.546510e-02 -8.182672e-03
      vertex -1.192168e-01 6.436511e-02 -8.633807e-03
      vertex -1.324089e-01 7.150432e-02 -8.633807e-03
    endloop
  endfacet
  facet normal -1.514136e-02 -2.797878e-02 9.994938e-01
    outer loop
      vertex -1.323454e-01 7.162173e-02 -1.263158e-02
      vertex -1.382814e-01 5.871840e-02 -1.308271e-02
      vertex -1.191533e-01 6.448252e-02 -1.263158e-02
    endloop
  endfacet
  facet normal -1.378626e-02 -3.246656e-02 9.993777e-01
    outer loop
      vertex -1.191533e-01 6.448252e-02 -1.263158e-02
      vertex -1.382814e-01 5.871840e-02 -1.308271e-02
      vertex -1.244746e-01 5.285562e-02 -1.308271e-02
    endloop
  endfacet
  facet normal -9.092560e-01 4.162313e-01 -2.227114e-03
    outer loop
      vertex -1.191533e-01 6.448252e-02 -1.263158e-02
      vertex -1.244746e-01 5.285562e-02 -1.308271e-02
      vertex -1.192168e-01 6.436511e-02 -8.633807e-03
    endloop
  endfacet
  facet normal -9.097137e-01 4.152350e-01 8.911982e-04
    outer loop
      vertex -1.192168e-01 6.436511e-02 -8.633807e-03
      vertex -1.244746e-01 5.285562e-02 -1.308271e-02
      vertex -1.245269e-01 5.273253e-02 -9.084943e-03
    endloop
  endfacet
  facet normal 9.084457e-01 -4.179973e-01 2.162371e-03
    outer loop
      vertex -1.323454e-01 7.162173e-02 -1.263158e-02
      vertex -1.324089e-01 7.150432e-02 -8.633807e-03
      vertex -1.382814e-01 5.871840e-02 -1.308271e-02
    endloop
  endfacet
  facet normal 9.088596e-01 -4.171010e-01 -9.598205e-04
    outer loop
      vertex -1.382814e-01 5.871840e-02 -1.308271e-02
      vertex -1.324089e-01 7.150432e-02 -8.633807e-03
      vertex -1.383337e-01 5.859530e-02 -9.084943e-03
    endloop
  endfacet
  facet normal 1.514201e-02 2.797998e-02 -9.994938e-01
    outer loop
      vertex -1.324089e-01 7.150432e-02 -8.633807e-03
      vertex -1.192168e-01 6.436511e-02 -8.633807e-03
      vertex -1.383337e-01 5.859530e-02 -9.084943e-03
    endloop
  endfacet
  facet normal 1.378561e-02 3.246502e-02 -9.993778e-01
    outer loop
      vertex -1.192168e-01 6.436511e-02 -8.633807e-03
      vertex -1.245269e-01 5.273253e-02 -9.084943e-03
      vertex -1.383337e-01 5.859530e-02 -9.084943e-03
    endloop
  endfacet
  facet normal -1.245497e-02 -2.933136e-02 9.994921e-01
    outer loop
      vertex -1.382814e-01 5.871840e-02 -1.308271e-02
      vertex -1.429654e-01 4.533479e-02 -1.353383e-02
      vertex -1.244746e-01 5.285562e-02 -1.308271e-02
    endloop
  endfacet
  facet normal -1.068150e-02 -3.368463e-02 9.993754e-01
    outer loop
      vertex -1.244746e-01 5.285562e-02 -1.308271e-02
      vertex -1.429654e-01 4.533479e-02 -1.353383e-02
      vertex -1.286671e-01 4.080074e-02 -1.353383e-02
    endloop
  endfacet
  facet normal -9.444810e-01 3.285584e-01 -2.232226e-03
    outer loop
      vertex -1.244746e-01 5.285562e-02 -1.308271e-02
      vertex -1.286671e-01 4.080074e-02 -1.353383e-02
      vertex -1.245269e-01 5.273253e-02 -9.084943e-03
    endloop
  endfacet
  facet normal -9.448439e-01 3.275197e-01 8.914279e-04
    outer loop
      vertex -1.245269e-01 5.273253e-02 -9.084943e-03
      vertex -1.286671e-01 4.080074e-02 -1.353383e-02
      vertex -1.287076e-01 4.067304e-02 -9.536079e-03
    endloop
  endfacet
  facet normal 9.438387e-01 -3.303994e-01 2.167141e-03
    outer loop
      vertex -1.382814e-01 5.871840e-02 -1.308271e-02
      vertex -1.383337e-01 5.859530e-02 -9.084943e-03
      vertex -1.429654e-01 4.533479e-02 -1.353383e-02
    endloop
  endfacet
  facet normal 9.441673e-01 -3.294649e-01 -9.604190e-04
    outer loop
      vertex -1.429654e-01 4.533479e-02 -1.353383e-02
      vertex -1.383337e-01 5.859530e-02 -9.084943e-03
      vertex -1.430059e-01 4.520709e-02 -9.536079e-03
    endloop
  endfacet
  facet normal 1.245550e-02 2.933262e-02 -9.994921e-01
    outer loop
      vertex -1.383337e-01 5.859530e-02 -9.084943e-03
      vertex -1.245269e-01 5.273253e-02 -9.084943e-03
      vertex -1.430059e-01 4.520709e-02 -9.536079e-03
    endloop
  endfacet
  facet normal 1.068099e-02 3.368302e-02 -9.993755e-01
    outer loop
      vertex -1.245269e-01 5.273253e-02 -9.084943e-03
      vertex -1.287076e-01 4.067304e-02 -9.536079e-03
      vertex -1.430059e-01 4.520709e-02 -9.536079e-03
    endloop
  endfacet
  facet normal -9.648298e-03 -3.042637e-02 9.994904e-01
    outer loop
      vertex -1.429654e-01 4.533479e-02 -1.353383e-02
      vertex -1.463598e-01 3.159185e-02 -1.398496e-02
      vertex -1.286671e-01 4.080074e-02 -1.353383e-02
    endloop
  endfacet
  facet normal -7.469760e-03 -3.460617e-02 9.993731e-01
    outer loop
      vertex -1.286671e-01 4.080074e-02 -1.353383e-02
      vertex -1.463598e-01 3.159185e-02 -1.398496e-02
      vertex -1.316975e-01 2.842698e-02 -1.398496e-02
    endloop
  endfacet
  facet normal -9.712743e-01 2.379523e-01 -2.237360e-03
    outer loop
      vertex -1.286671e-01 4.080074e-02 -1.353383e-02
      vertex -1.316975e-01 2.842698e-02 -1.398496e-02
      vertex -1.287076e-01 4.067304e-02 -9.536079e-03
    endloop
  endfacet
  facet normal -9.715385e-01 2.368800e-01 8.916532e-04
    outer loop
      vertex -1.287076e-01 4.067304e-02 -9.536079e-03
      vertex -1.316975e-01 2.842698e-02 -1.398496e-02
      vertex -1.317258e-01 2.829580e-02 -9.987214e-03
    endloop
  endfacet
  facet normal 9.708070e-01 -2.398523e-01 2.171932e-03
    outer loop
      vertex -1.429654e-01 4.533479e-02 -1.353383e-02
      vertex -1.430059e-01 4.520709e-02 -9.536079e-03
      vertex -1.463598e-01 3.159185e-02 -1.398496e-02
    endloop
  endfacet
  facet normal 9.710467e-01 -2.388877e-01 -9.610157e-04
    outer loop
      vertex -1.463598e-01 3.159185e-02 -1.398496e-02
      vertex -1.430059e-01 4.520709e-02 -9.536079e-03
      vertex -1.463881e-01 3.146067e-02 -9.987214e-03
    endloop
  endfacet
  facet normal 9.648714e-03 3.042768e-02 -9.994904e-01
    outer loop
      vertex -1.430059e-01 4.520709e-02 -9.536079e-03
      vertex -1.287076e-01 4.067304e-02 -9.536079e-03
      vertex -1.463881e-01 3.146067e-02 -9.987214e-03
    endloop
  endfacet
  facet normal 7.469403e-03 3.460451e-02 -9.993732e-01
    outer loop
      vertex -1.287076e-01 4.067304e-02 -9.536079e-03
      vertex -1.317258e-01 2.829580e-02 -9.987214e-03
      vertex -1.463881e-01 3.146067e-02 -9.987214e-03
    endloop
  endfacet
  facet normal -6.746014e-03 -3.125317e-02 9.994887e-01
    outer loop
      vertex -1.463598e-01 3.159185e-02 -1.398496e-02
      vertex -1.484386e-01 1.761331e-02 -1.443609e-02
      vertex -1.316975e-01 2.842698e-02 -1.398496e-02
    endloop
  endfacet
  facet normal -4.179327e-03 -3.522185e-02 9.993708e-01
    outer loop
      vertex -1.316975e-01 2.842698e-02 -1.398496e-02
      vertex -1.484386e-01 1.761331e-02 -1.443609e-02
      vertex -1.335431e-01 1.584585e-02 -1.443609e-02
    endloop
  endfacet
  facet normal -9.893966e-01 1.452217e-01 -2.242516e-03
    outer loop
      vertex -1.316975e-01 2.842698e-02 -1.398496e-02
      vertex -1.335431e-01 1.584585e-02 -1.443609e-02
      vertex -1.317258e-01 2.829580e-02 -9.987214e-03
    endloop
  endfacet
  facet normal -9.895590e-01 1.441253e-01 8.918741e-04
    outer loop
      vertex -1.317258e-01 2.829580e-02 -9.987214e-03
      vertex -1.335431e-01 1.584585e-02 -1.443609e-02
      vertex -1.335590e-01 1.571235e-02 -1.043835e-02
    endloop
  endfacet
  facet normal 9.891097e-01 -1.471642e-01 2.176742e-03
    outer loop
      vertex -1.463598e-01 3.159185e-02 -1.398496e-02
      vertex -1.463881e-01 3.146067e-02 -9.987214e-03
      vertex -1.484386e-01 1.761331e-02 -1.443609e-02
    endloop
  endfacet
  facet normal 9.892579e-01 -1.461778e-01 -9.616107e-04
    outer loop
      vertex -1.484386e-01 1.761331e-02 -1.443609e-02
      vertex -1.463881e-01 3.146067e-02 -9.987214e-03
      vertex -1.484545e-01 1.747981e-02 -1.043835e-02
    endloop
  endfacet
  facet normal 6.746307e-03 3.125453e-02 -9.994887e-01
    outer loop
      vertex -1.463881e-01 3.146067e-02 -9.987214e-03
      vertex -1.317258e-01 2.829580e-02 -9.987214e-03
      vertex -1.484545e-01 1.747981e-02 -1.043835e-02
    endloop
  endfacet
  facet normal 4.179126e-03 3.522016e-02 -9.993708e-01
    outer loop
      vertex -1.317258e-01 2.829580e-02 -9.987214e-03
      vertex -1.335590e-01 1.571235e-02 -1.043835e-02
      vertex -1.484545e-01 1.747981e-02 -1.043835e-02
    endloop
  endfacet
  facet normal -3.773713e-03 -3.180349e-02 9.994870e-01
    outer loop
      vertex -1.484386e-01 1.761331e-02 -1.443609e-02
      vertex -1.491877e-01 3.524618e-03 -1.488722e-02
      vertex -1.335431e-01 1.584585e-02 -1.443609e-02
    endloop
  endfacet
  facet normal -8.392932e-04 -3.552505e-02 9.993684e-01
    outer loop
      vertex -1.335431e-01 1.584585e-02 -1.443609e-02
      vertex -1.491877e-01 3.524618e-03 -1.488722e-02
      vertex -1.341919e-01 3.170336e-03 -1.488722e-02
    endloop
  endfacet
  facet normal -9.986862e-01 5.119447e-02 -2.247696e-03
    outer loop
      vertex -1.335431e-01 1.584585e-02 -1.443609e-02
      vertex -1.341919e-01 3.170336e-03 -1.488722e-02
      vertex -1.335590e-01 1.571235e-02 -1.043835e-02
    endloop
  endfacet
  facet normal -9.987446e-01 5.008369e-02 8.920906e-04
    outer loop
      vertex -1.335590e-01 1.571235e-02 -1.043835e-02
      vertex -1.341919e-01 3.170336e-03 -1.488722e-02
      vertex -1.341951e-01 3.035696e-03 -1.088949e-02
    endloop
  endfacet
  facet normal 9.985835e-01 -5.316233e-02 2.181573e-03
    outer loop
      vertex -1.484386e-01 1.761331e-02 -1.443609e-02
      vertex -1.484545e-01 1.747981e-02 -1.043835e-02
      vertex -1.491877e-01 3.524618e-03 -1.488722e-02
    endloop
  endfacet
  facet normal 9.986381e-01 -5.216298e-02 -9.622038e-04
    outer loop
      vertex -1.491877e-01 3.524618e-03 -1.488722e-02
      vertex -1.484545e-01 1.747981e-02 -1.043835e-02
      vertex -1.491909e-01 3.389978e-03 -1.088949e-02
    endloop
  endfacet
  facet normal 3.773877e-03 3.180487e-02 -9.994870e-01
    outer loop
      vertex -1.484545e-01 1.747981e-02 -1.043835e-02
      vertex -1.335590e-01 1.571235e-02 -1.043835e-02
      vertex -1.491909e-01 3.389978e-03 -1.088949e-02
    endloop
  endfacet
  facet normal 8.392527e-04 3.552334e-02 -9.993685e-01
    outer loop
      vertex -1.335590e-01 1.571235e-02 -1.043835e-02
      vertex -1.341951e-01 3.035696e-03 -1.088949e-02
      vertex -1.491909e-01 3.389978e-03 -1.088949e-02
    endloop
  endfacet
  facet normal -7.577010e-04 -3.207147e-02 9.994853e-01
    outer loop
      vertex -1.491877e-01 3.524618e-03 -1.488722e-02
      vertex -1.486048e-01 -1.054824e-02 -1.533835e-02
      vertex -1.341919e-01 3.170336e-03 -1.488722e-02
    endloop
  endfacet
  facet normal 2.520699e-03 -3.551188e-02 9.993661e-01
    outer loop
      vertex -1.341919e-01 3.170336e-03 -1.488722e-02
      vertex -1.486048e-01 -1.054824e-02 -1.533835e-02
      vertex -1.336424e-01 -9.486187e-03 -1.533835e-02
    endloop
  endfacet
  facet normal -9.990600e-01 -4.328988e-02 -2.252898e-03
    outer loop
      vertex -1.341919e-01 3.170336e-03 -1.488722e-02
      vertex -1.336424e-01 -9.486187e-03 -1.533835e-02
      vertex -1.341951e-01 3.035696e-03 -1.088949e-02
    endloop
  endfacet
  facet normal -9.990132e-01 -4.440526e-02 8.923025e-04
    outer loop
      vertex -1.341951e-01 3.035696e-03 -1.088949e-02
      vertex -1.336424e-01 -9.486187e-03 -1.533835e-02
      vertex -1.336329e-01 -9.620765e-03 -1.134062e-02
    endloop
  endfacet
  facet normal 9.991438e-01 4.131415e-02 2.186424e-03
    outer loop
      vertex -1.491877e-01 3.524618e-03 -1.488722e-02
      vertex -1.491909e-01 3.389978e-03 -1.088949e-02
      vertex -1.486048e-01 -1.054824e-02 -1.533835e-02
    endloop
  endfacet
  facet normal 9.991037e-01 4.231764e-02 -9.627952e-04
    outer loop
      vertex -1.486048e-01 -1.054824e-02 -1.533835e-02
      vertex -1.491909e-01 3.389978e-03 -1.088949e-02
      vertex -1.485952e-01 -1.068282e-02 -1.134062e-02
    endloop
  endfacet
  facet normal 7.577340e-04 3.207287e-02 -9.994852e-01
    outer loop
      vertex -1.491909e-01 3.389978e-03 -1.088949e-02
      vertex -1.341951e-01 3.035696e-03 -1.088949e-02
      vertex -1.485952e-01 -1.068282e-02 -1.134062e-02
    endloop
  endfacet
  facet normal -2.520577e-03 3.551016e-02 -9.993661e-01
    outer loop
      vertex -1.341951e-01 3.035696e-03 -1.088949e-02
      vertex -1.336329e-01 -9.620765e-03 -1.134062e-02
      vertex -1.485952e-01 -1.068282e-02 -1.134062e-02
    endloop
  endfacet
  facet normal 2.275236e-03 -3.205377e-02 9.994836e-01
    outer loop
      vertex -1.486048e-01 -1.054824e-02 -1.533835e-02
      vertex -1.466996e-01 -2.447984e-02 -1.578947e-02
      vertex -1.336424e-01 -9.486187e-03 -1.533835e-02
    endloop
  endfacet
  facet normal 5.870717e-03 -3.518128e-02 9.993637e-01
    outer loop
      vertex -1.336424e-01 -9.486187e-03 -1.533835e-02
      vertex -1.466996e-01 -2.447984e-02 -1.578947e-02
      vertex -1.319042e-01 -2.201092e-02 -1.578947e-02
    endloop
  endfacet
  facet normal -9.905147e-01 -1.373879e-01 -2.258123e-03
    outer loop
      vertex -1.336424e-01 -9.486187e-03 -1.533835e-02
      vertex -1.319042e-01 -2.201092e-02 -1.578947e-02
      vertex -1.336329e-01 -9.620765e-03 -1.134062e-02
    endloop
  endfacet
  facet normal -9.903623e-01 -1.384979e-01 8.925098e-04
    outer loop
      vertex -1.336329e-01 -9.620765e-03 -1.134062e-02
      vertex -1.319042e-01 -2.201092e-02 -1.578947e-02
      vertex -1.318819e-01 -2.214423e-02 -1.179176e-02
    endloop
  endfacet
  facet normal 9.907856e-01 1.354219e-01 2.191296e-03
    outer loop
      vertex -1.486048e-01 -1.054824e-02 -1.533835e-02
      vertex -1.485952e-01 -1.068282e-02 -1.134062e-02
      vertex -1.466996e-01 -2.447984e-02 -1.578947e-02
    endloop
  endfacet
  facet normal 9.906505e-01 1.364206e-01 -9.633847e-04
    outer loop
      vertex -1.466996e-01 -2.447984e-02 -1.578947e-02
      vertex -1.485952e-01 -1.068282e-02 -1.134062e-02
      vertex -1.466774e-01 -2.461315e-02 -1.179176e-02
    endloop
  endfacet
  facet normal -2.275335e-03 3.205517e-02 -9.994835e-01
    outer loop
      vertex -1.485952e-01 -1.068282e-02 -1.134062e-02
      vertex -1.336329e-01 -9.620765e-03 -1.134062e-02
      vertex -1.466774e-01 -2.461315e-02 -1.179176e-02
    endloop
  endfacet
  facet normal -5.870432e-03 3.517957e-02 -9.993638e-01
    outer loop
      vertex -1.336329e-01 -9.620765e-03 -1.134062e-02
      vertex -1.318819e-01 -2.214423e-02 -1.179176e-02
      vertex -1.466774e-01 -2.461315e-02 -1.179176e-02
    endloop
  endfacet
  facet normal 5.298070e-03 -3.174960e-02 9.994818e-01
    outer loop
      vertex -1.466996e-01 -2.447984e-02 -1.578947e-02
      vertex -1.434936e-01 -3.814641e-02 -1.624060e-02
      vertex -1.319042e-01 -2.201092e-02 -1.578947e-02
    endloop
  endfacet
  facet normal 9.180808e-03 -3.453502e-02 9.993613e-01
    outer loop
      vertex -1.319042e-01 -2.201092e-02 -1.578947e-02
      vertex -1.434936e-01 -3.814641e-02 -1.624060e-02
      vertex -1.289971e-01 -3.429265e-02 -1.624060e-02
    endloop
  endfacet
  facet normal -9.731266e-01 -2.302595e-01 -2.263372e-03
    outer loop
      vertex -1.319042e-01 -2.201092e-02 -1.578947e-02
      vertex -1.289971e-01 -3.429265e-02 -1.624060e-02
      vertex -1.318819e-01 -2.214423e-02 -1.179176e-02
    endloop
  endfacet
  facet normal -9.728692e-01 -2.313541e-01 8.927124e-04
    outer loop
      vertex -1.318819e-01 -2.214423e-02 -1.179176e-02
      vertex -1.289971e-01 -3.429265e-02 -1.624060e-02
      vertex -1.289623e-01 -3.442350e-02 -1.224289e-02
    endloop
  endfacet
  facet normal 9.735834e-01 2.283210e-01 2.196188e-03
    outer loop
      vertex -1.466996e-01 -2.447984e-02 -1.578947e-02
      vertex -1.466774e-01 -2.461315e-02 -1.179176e-02
      vertex -1.434936e-01 -3.814641e-02 -1.624060e-02
    endloop
  endfacet
  facet normal 9.733539e-01 2.293059e-01 -9.639724e-04
    outer loop
      vertex -1.434936e-01 -3.814641e-02 -1.624060e-02
      vertex -1.466774e-01 -2.461315e-02 -1.179176e-02
      vertex -1.434588e-01 -3.827726e-02 -1.224289e-02
    endloop
  endfacet
  facet normal -5.298303e-03 3.175099e-02 -9.994818e-01
    outer loop
      vertex -1.466774e-01 -2.461315e-02 -1.179176e-02
      vertex -1.318819e-01 -2.214423e-02 -1.179176e-02
      vertex -1.434588e-01 -3.827726e-02 -1.224289e-02
    endloop
  endfacet
  facet normal -9.180360e-03 3.453333e-02 -9.993614e-01
    outer loop
      vertex -1.318819e-01 -2.214423e-02 -1.179176e-02
      vertex -1.289623e-01 -3.442350e-02 -1.224289e-02
      vertex -1.434588e-01 -3.827726e-02 -1.224289e-02
    endloop
  endfacet
  facet normal 8.283775e-03 -3.116069e-02 9.994801e-01
    outer loop
      vertex -1.434936e-01 -3.814641e-02 -1.624060e-02
      vertex -1.390196e-01 -5.142699e-02 -1.669173e-02
      vertex -1.289971e-01 -3.429265e-02 -1.624060e-02
    endloop
  endfacet
  facet normal 1.242126e-02 -3.357768e-02 9.993589e-01
    outer loop
      vertex -1.289971e-01 -3.429265e-02 -1.624060e-02
      vertex -1.390196e-01 -5.142699e-02 -1.669173e-02
      vertex -1.249514e-01 -4.622277e-02 -1.669173e-02
    endloop
  endfacet
  facet normal -9.470509e-01 -3.210756e-01 -2.268644e-03
    outer loop
      vertex -1.289971e-01 -3.429265e-02 -1.624060e-02
      vertex -1.249514e-01 -4.622277e-02 -1.669173e-02
      vertex -1.289623e-01 -3.442350e-02 -1.224289e-02
    endloop
  endfacet
  facet normal -9.466899e-01 -3.221450e-01 8.929104e-04
    outer loop
      vertex -1.289623e-01 -3.442350e-02 -1.224289e-02
      vertex -1.249514e-01 -4.622277e-02 -1.669173e-02
      vertex -1.249043e-01 -4.634998e-02 -1.269403e-02
    endloop
  endfacet
  facet normal 9.476908e-01 3.191822e-01 2.201101e-03
    outer loop
      vertex -1.434936e-01 -3.814641e-02 -1.624060e-02
      vertex -1.434588e-01 -3.827726e-02 -1.224289e-02
      vertex -1.390196e-01 -5.142699e-02 -1.669173e-02
    endloop
  endfacet
  facet normal 9.473683e-01 3.201443e-01 -9.645581e-04
    outer loop
      vertex -1.390196e-01 -5.142699e-02 -1.669173e-02
      vertex -1.434588e-01 -3.827726e-02 -1.224289e-02
      vertex -1.389726e-01 -5.155420e-02 -1.269403e-02
    endloop
  endfacet
  facet normal -8.284140e-03 3.116206e-02 -9.994800e-01
    outer loop
      vertex -1.434588e-01 -3.827726e-02 -1.224289e-02
      vertex -1.289623e-01 -3.442350e-02 -1.224289e-02
      vertex -1.389726e-01 -5.155420e-02 -1.269403e-02
    endloop
  endfacet
  facet normal -1.242065e-02 3.357604e-02 -9.993590e-01
    outer loop
      vertex -1.289623e-01 -3.442350e-02 -1.224289e-02
      vertex -1.249043e-01 -4.634998e-02 -1.269403e-02
      vertex -1.389726e-01 -5.155420e-02 -1.269403e-02
    endloop
  endfacet
  facet normal 1.120556e-02 -3.029135e-02 9.994783e-01
    outer loop
      vertex -1.390196e-01 -5.142699e-02 -1.669173e-02
      vertex -1.333219e-01 -6.420446e-02 -1.714286e-02
      vertex -1.249514e-01 -4.622277e-02 -1.669173e-02
    endloop
  endfacet
  facet normal 1.556288e-02 -3.231665e-02 9.993565e-01
    outer loop
      vertex -1.249514e-01 -4.622277e-02 -1.669173e-02
      vertex -1.333219e-01 -6.420446e-02 -1.714286e-02
      vertex -1.198074e-01 -5.769621e-02 -1.714286e-02
    endloop
  endfacet
  facet normal -9.125202e-01 -4.090254e-01 -2.273939e-03
    outer loop
      vertex -1.249514e-01 -4.622277e-02 -1.669173e-02
      vertex -1.198074e-01 -5.769621e-02 -1.714286e-02
      vertex -1.249043e-01 -4.634998e-02 -1.269403e-02
    endloop
  endfacet
  facet normal -9.120583e-01 -4.100597e-01 8.931036e-04
    outer loop
      vertex -1.249043e-01 -4.634998e-02 -1.269403e-02
      vertex -1.198074e-01 -5.769621e-02 -1.714286e-02
      vertex -1.197485e-01 -5.781863e-02 -1.314517e-02
    endloop
  endfacet
  facet normal 9.133389e-01 4.071943e-01 2.206035e-03
    outer loop
      vertex -1.390196e-01 -5.142699e-02 -1.669173e-02
      vertex -1.389726e-01 -5.155420e-02 -1.269403e-02
      vertex -1.333219e-01 -6.420446e-02 -1.714286e-02
    endloop
  endfacet
  facet normal 9.129256e-01 4.081249e-01 -9.651419e-04
    outer loop
      vertex -1.333219e-01 -6.420446e-02 -1.714286e-02
      vertex -1.389726e-01 -5.155420e-02 -1.269403e-02
      vertex -1.332630e-01 -6.432688e-02 -1.314517e-02
    endloop
  endfacet
  facet normal -1.120606e-02 3.029269e-02 -9.994783e-01
    outer loop
      vertex -1.389726e-01 -5.155420e-02 -1.269403e-02
      vertex -1.249043e-01 -4.634998e-02 -1.269403e-02
      vertex -1.332630e-01 -6.432688e-02 -1.314517e-02
    endloop
  endfacet
  facet normal -1.556211e-02 3.231506e-02 -9.993566e-01
    outer loop
      vertex -1.249043e-01 -4.634998e-02 -1.269403e-02
      vertex -1.197485e-01 -5.781863e-02 -1.314517e-02
      vertex -1.332630e-01 -6.432688e-02 -1.314517e-02
    endloop
  endfacet
  facet normal 1.403712e-02 -2.914838e-02 9.994765e-01
    outer loop
      vertex -1.333219e-01 -6.420446e-02 -1.714286e-02
      vertex -1.264555e-01 -7.636659e-02 -1.759398e-02
      vertex -1.198074e-01 -5.769621e-02 -1.714286e-02
    endloop
  endfacet
  facet normal 1.857723e-02 -3.076205e-02 9.993541e-01
    outer loop
      vertex -1.198074e-01 -5.769621e-02 -1.714286e-02
      vertex -1.264555e-01 -7.636659e-02 -1.759398e-02
      vertex -1.136152e-01 -6.861235e-02 -1.759398e-02
    endloop
  endfacet
  facet normal -8.698428e-01 -4.933237e-01 -2.279258e-03
    outer loop
      vertex -1.198074e-01 -5.769621e-02 -1.714286e-02
      vertex -1.136152e-01 -6.861235e-02 -1.759398e-02
      vertex -1.197485e-01 -5.781863e-02 -1.314517e-02
    endloop
  endfacet
  facet normal -8.692833e-01 -4.943134e-01 8.932920e-04
    outer loop
      vertex -1.197485e-01 -5.781863e-02 -1.314517e-02
      vertex -1.136152e-01 -6.861235e-02 -1.759398e-02
      vertex -1.135449e-01 -6.872887e-02 -1.359630e-02
    endloop
  endfacet
  facet normal 8.708342e-01 4.915718e-01 2.210990e-03
    outer loop
      vertex -1.333219e-01 -6.420446e-02 -1.714286e-02
      vertex -1.332630e-01 -6.432688e-02 -1.314517e-02
      vertex -1.264555e-01 -7.636659e-02 -1.759398e-02
    endloop
  endfacet
  facet normal 8.703332e-01 4.924624e-01 -9.657238e-04
    outer loop
      vertex -1.264555e-01 -7.636659e-02 -1.759398e-02
      vertex -1.332630e-01 -6.432688e-02 -1.314517e-02
      vertex -1.263851e-01 -7.648311e-02 -1.359630e-02
    endloop
  endfacet
  facet normal -1.403775e-02 2.914968e-02 -9.994765e-01
    outer loop
      vertex -1.332630e-01 -6.432688e-02 -1.314517e-02
      vertex -1.197485e-01 -5.781863e-02 -1.314517e-02
      vertex -1.263851e-01 -7.648311e-02 -1.359630e-02
    endloop
  endfacet
  facet normal -1.857632e-02 3.076053e-02 -9.993541e-01
    outer loop
      vertex -1.197485e-01 -5.781863e-02 -1.314517e-02
      vertex -1.135449e-01 -6.872887e-02 -1.359630e-02
      vertex -1.263851e-01 -7.648311e-02 -1.359630e-02
    endloop
  endfacet
  facet normal 1.675286e-02 -2.774108e-02 9.994747e-01
    outer loop
      vertex -1.264555e-01 -7.636659e-02 -1.759398e-02
      vertex -1.184854e-01 -8.780699e-02 -1.804511e-02
      vertex -1.136152e-01 -6.861235e-02 -1.759398e-02
    endloop
  endfacet
  facet normal 2.143692e-02 -2.892665e-02 9.993516e-01
    outer loop
      vertex -1.136152e-01 -6.861235e-02 -1.759398e-02
      vertex -1.184854e-01 -8.780699e-02 -1.804511e-02
      vertex -1.064340e-01 -7.887595e-02 -1.804511e-02
    endloop
  endfacet
  facet normal -8.193998e-01 -5.732179e-01 -2.284600e-03
    outer loop
      vertex -1.136152e-01 -6.861235e-02 -1.759398e-02
      vertex -1.064340e-01 -7.887595e-02 -1.804511e-02
      vertex -1.135449e-01 -6.872887e-02 -1.359630e-02
    endloop
  endfacet
  facet normal -8.187470e-01 -5.741538e-01 8.934755e-04
    outer loop
      vertex -1.135449e-01 -6.872887e-02 -1.359630e-02
      vertex -1.064340e-01 -7.887595e-02 -1.804511e-02
      vertex -1.063528e-01 -7.898551e-02 -1.404744e-02
    endloop
  endfacet
  facet normal 8.205562e-01 5.715615e-01 2.215966e-03
    outer loop
      vertex -1.264555e-01 -7.636659e-02 -1.759398e-02
      vertex -1.263851e-01 -7.648311e-02 -1.359630e-02
      vertex -1.184854e-01 -8.780699e-02 -1.804511e-02
    endloop
  endfacet
  facet normal 8.199713e-01 5.724038e-01 -9.663036e-04
    outer loop
      vertex -1.184854e-01 -8.780699e-02 -1.804511e-02
      vertex -1.263851e-01 -7.648311e-02 -1.359630e-02
      vertex -1.184042e-01 -8.791655e-02 -1.404744e-02
    endloop
  endfacet
  facet normal -1.675361e-02 2.774231e-02 -9.994747e-01
    outer loop
      vertex -1.263851e-01 -7.648311e-02 -1.359630e-02
      vertex -1.135449e-01 -6.872887e-02 -1.359630e-02
      vertex -1.184042e-01 -8.791655e-02 -1.404744e-02
    endloop
  endfacet
  facet normal -2.143586e-02 2.892522e-02 -9.993517e-01
    outer loop
      vertex -1.135449e-01 -6.872887e-02 -1.359630e-02
      vertex -1.063528e-01 -7.898551e-02 -1.404744e-02
      vertex -1.184042e-01 -8.791655e-02 -1.404744e-02
    endloop
  endfacet
  facet normal 1.932814e-02 -2.608110e-02 9.994730e-01
    outer loop
      vertex -1.184854e-01 -8.780699e-02 -1.804511e-02
      vertex -1.094865e-01 -9.842612e-02 -1.849624e-02
      vertex -1.064340e-01 -7.887595e-02 -1.804511e-02
    endloop
  endfacet
  facet normal 2.411582e-02 -2.682578e-02 9.993492e-01
    outer loop
      vertex -1.064340e-01 -7.887595e-02 -1.804511e-02
      vertex -1.094865e-01 -9.842612e-02 -1.849624e-02
      vertex -9.833144e-02 -8.839794e-02 -1.849624e-02
    endloop
  endfacet
  facet normal -7.616413e-01 -6.479948e-01 -2.289967e-03
    outer loop
      vertex -1.064340e-01 -7.887595e-02 -1.804511e-02
      vertex -9.833144e-02 -8.839794e-02 -1.849624e-02
      vertex -1.063528e-01 -7.898551e-02 -1.404744e-02
    endloop
  endfacet
  facet normal -7.609004e-01 -6.488681e-01 8.936541e-04
    outer loop
      vertex -1.063528e-01 -7.898551e-02 -1.404744e-02
      vertex -9.833144e-02 -8.839794e-02 -1.849624e-02
      vertex -9.824012e-02 -8.849953e-02 -1.449857e-02
    endloop
  endfacet
  facet normal 7.629536e-01 6.464494e-01 2.220963e-03
    outer loop
      vertex -1.184854e-01 -8.780699e-02 -1.804511e-02
      vertex -1.184042e-01 -8.791655e-02 -1.404744e-02
      vertex -1.094865e-01 -9.842612e-02 -1.849624e-02
    endloop
  endfacet
  facet normal 7.622896e-01 6.472354e-01 -9.668814e-04
    outer loop
      vertex -1.094865e-01 -9.842612e-02 -1.849624e-02
      vertex -1.184042e-01 -8.791655e-02 -1.404744e-02
      vertex -1.093952e-01 -9.852771e-02 -1.449857e-02
    endloop
  endfacet
  facet normal -1.932901e-02 2.608226e-02 -9.994729e-01
    outer loop
      vertex -1.184042e-01 -8.791655e-02 -1.404744e-02
      vertex -1.063528e-01 -7.898551e-02 -1.404744e-02
      vertex -1.093952e-01 -9.852771e-02 -1.449857e-02
    endloop
  endfacet
  facet normal -2.411463e-02 2.682445e-02 -9.993493e-01
    outer loop
      vertex -1.063528e-01 -7.898551e-02 -1.404744e-02
      vertex -9.824012e-02 -8.849953e-02 -1.449857e-02
      vertex -1.093952e-01 -9.852771e-02 -1.449857e-02
    endloop
  endfacet
  facet normal 2.173949e-02 -2.418241e-02 9.994712e-01
    outer loop
      vertex -1.094865e-01 -9.842612e-02 -1.849624e-02
      vertex -9.954257e-02 -1.081321e-01 -1.894737e-02
      vertex -9.833144e-02 -8.839794e-02 -1.849624e-02
    endloop
  endfacet
  facet normal 2.658934e-02 -2.447721e-02 9.993467e-01
    outer loop
      vertex -9.833144e-02 -8.839794e-02 -1.849624e-02
      vertex -9.954257e-02 -1.081321e-01 -1.894737e-02
      vertex -8.938334e-02 -9.709620e-02 -1.894737e-02
    endloop
  endfacet
  facet normal -6.970831e-01 -7.169866e-01 -2.295357e-03
    outer loop
      vertex -9.833144e-02 -8.839794e-02 -1.849624e-02
      vertex -8.938334e-02 -9.709620e-02 -1.894737e-02
      vertex -9.824012e-02 -8.849953e-02 -1.449857e-02
    endloop
  endfacet
  facet normal -6.962601e-01 -7.177891e-01 8.938277e-04
    outer loop
      vertex -9.824012e-02 -8.849953e-02 -1.449857e-02
      vertex -8.938334e-02 -9.709620e-02 -1.894737e-02
      vertex -8.928266e-02 -9.718888e-02 -1.494971e-02
    endloop
  endfacet
  facet normal 6.985406e-01 7.155669e-01 2.225982e-03
    outer loop
      vertex -1.094865e-01 -9.842612e-02 -1.849624e-02
      vertex -1.093952e-01 -9.852771e-02 -1.449857e-02
      vertex -9.954257e-02 -1.081321e-01 -1.894737e-02
    endloop
  endfacet
  facet normal 6.978028e-01 7.162893e-01 -9.674571e-04
    outer loop
      vertex -9.954257e-02 -1.081321e-01 -1.894737e-02
      vertex -1.093952e-01 -9.852771e-02 -1.449857e-02
      vertex -9.944188e-02 -1.082247e-01 -1.494971e-02
    endloop
  endfacet
  facet normal -2.174046e-02 2.418349e-02 -9.994711e-01
    outer loop
      vertex -1.093952e-01 -9.852771e-02 -1.449857e-02
      vertex -9.824012e-02 -8.849953e-02 -1.449857e-02
      vertex -9.944188e-02 -1.082247e-01 -1.494971e-02
    endloop
  endfacet
  facet normal -2.658801e-02 2.447599e-02 -9.993468e-01
    outer loop
      vertex -9.824012e-02 -8.849953e-02 -1.449857e-02
      vertex -8.928266e-02 -9.718888e-02 -1.494971e-02
      vertex -9.944188e-02 -1.082247e-01 -1.494971e-02
    endloop
  endfacet
  facet normal 2.396480e-02 -2.206115e-02 9.994694e-01
    outer loop
      vertex -9.954257e-02 -1.081321e-01 -1.894737e-02
      vertex -8.874543e-02 -1.168414e-01 -1.939850e-02
      vertex -8.938334e-02 -9.709620e-02 -1.894737e-02
    endloop
  endfacet
  facet normal 2.883459e-02 -2.190096e-02 9.993442e-01
    outer loop
      vertex -8.938334e-02 -9.709620e-02 -1.894737e-02
      vertex -8.874543e-02 -1.168414e-01 -1.939850e-02
      vertex -7.967268e-02 -1.048963e-01 -1.939850e-02
    endloop
  endfacet
  facet normal -6.263015e-01 -7.795776e-01 -2.300772e-03
    outer loop
      vertex -8.938334e-02 -9.709620e-02 -1.894737e-02
      vertex -7.967268e-02 -1.048963e-01 -1.939850e-02
      vertex -8.928266e-02 -9.718888e-02 -1.494971e-02
    endloop
  endfacet
  facet normal -6.254030e-01 -7.803014e-01 8.939962e-04
    outer loop
      vertex -8.928266e-02 -9.718888e-02 -1.494971e-02
      vertex -7.967268e-02 -1.048963e-01 -1.939850e-02
      vertex -7.956351e-02 -1.049792e-01 -1.540085e-02
    endloop
  endfacet
  facet normal 6.278921e-01 7.782972e-01 2.231022e-03
    outer loop
      vertex -9.954257e-02 -1.081321e-01 -1.894737e-02
      vertex -9.944188e-02 -1.082247e-01 -1.494971e-02
      vertex -8.874543e-02 -1.168414e-01 -1.939850e-02
    endloop
  endfacet
  facet normal 6.270866e-01 7.789489e-01 -9.680308e-04
    outer loop
      vertex -8.874543e-02 -1.168414e-01 -1.939850e-02
      vertex -9.944188e-02 -1.082247e-01 -1.494971e-02
      vertex -8.863626e-02 -1.169243e-01 -1.540085e-02
    endloop
  endfacet
  facet normal -2.396588e-02 2.206214e-02 -9.994693e-01
    outer loop
      vertex -9.944188e-02 -1.082247e-01 -1.494971e-02
      vertex -8.928266e-02 -9.718888e-02 -1.494971e-02
      vertex -8.863626e-02 -1.169243e-01 -1.540085e-02
    endloop
  endfacet
  facet normal -2.883315e-02 2.189987e-02 -9.993443e-01
    outer loop
      vertex -8.928266e-02 -9.718888e-02 -1.494971e-02
      vertex -7.956351e-02 -1.049792e-01 -1.540085e-02
      vertex -8.863626e-02 -1.169243e-01 -1.540085e-02
    endloop
  endfacet
  facet normal 2.598357e-02 -1.973550e-02 9.994675e-01
    outer loop
      vertex -8.874543e-02 -1.168414e-01 -1.939850e-02
      vertex -7.719430e-02 -1.244798e-01 -1.984962e-02
      vertex -7.967268e-02 -1.048963e-01 -1.939850e-02
    endloop
  endfacet
  facet normal 3.083066e-02 -1.911918e-02 9.993417e-01
    outer loop
      vertex -7.967268e-02 -1.048963e-01 -1.939850e-02
      vertex -7.719430e-02 -1.244798e-01 -1.984962e-02
      vertex -6.928896e-02 -1.117320e-01 -1.984962e-02
    endloop
  endfacet
  facet normal -5.499283e-01 -8.352087e-01 -2.306211e-03
    outer loop
      vertex -7.967268e-02 -1.048963e-01 -1.939850e-02
      vertex -6.928896e-02 -1.117320e-01 -1.984962e-02
      vertex -7.956351e-02 -1.049792e-01 -1.540085e-02
    endloop
  endfacet
  facet normal -5.489620e-01 -8.358469e-01 8.941596e-04
    outer loop
      vertex -7.956351e-02 -1.049792e-01 -1.540085e-02
      vertex -6.928896e-02 -1.117320e-01 -1.984962e-02
      vertex -6.917223e-02 -1.118044e-01 -1.585198e-02
    endloop
  endfacet
  facet normal 5.516388e-01 8.340801e-01 2.236084e-03
    outer loop
      vertex -8.874543e-02 -1.168414e-01 -1.939850e-02
      vertex -8.863626e-02 -1.169243e-01 -1.540085e-02
      vertex -7.719430e-02 -1.244798e-01 -1.984962e-02
    endloop
  endfacet
  facet normal 5.507724e-01 8.346549e-01 -9.686022e-04
    outer loop
      vertex -7.719430e-02 -1.244798e-01 -1.984962e-02
      vertex -8.863626e-02 -1.169243e-01 -1.540085e-02
      vertex -7.707757e-02 -1.245522e-01 -1.585198e-02
    endloop
  endfacet
  facet normal -2.598474e-02 1.973640e-02 -9.994675e-01
    outer loop
      vertex -8.863626e-02 -1.169243e-01 -1.540085e-02
      vertex -7.956351e-02 -1.049792e-01 -1.540085e-02
      vertex -7.707757e-02 -1.245522e-01 -1.585198e-02
    endloop
  endfacet
  facet normal -3.082912e-02 1.911822e-02 -9.993418e-01
    outer loop
      vertex -7.956351e-02 -1.049792e-01 -1.540085e-02
      vertex -6.917223e-02 -1.118044e-01 -1.585198e-02
      vertex -7.707757e-02 -1.245522e-01 -1.585198e-02
    endloop
  endfacet
  facet normal 2.777707e-02 -1.722554e-02 9.994657e-01
    outer loop
      vertex -7.719430e-02 -1.244798e-01 -1.984962e-02
      vertex -6.499473e-02 -1.309828e-01 -2.030075e-02
      vertex -6.928896e-02 -1.117320e-01 -1.984962e-02
    endloop
  endfacet
  facet normal 3.255879e-02 -1.615593e-02 9.993392e-01
    outer loop
      vertex -6.928896e-02 -1.117320e-01 -1.984962e-02
      vertex -6.499473e-02 -1.309828e-01 -2.030075e-02
      vertex -5.832732e-02 -1.175461e-01 -2.030075e-02
    endloop
  endfacet
  facet normal -4.686453e-01 -8.833834e-01 -2.311675e-03
    outer loop
      vertex -6.928896e-02 -1.117320e-01 -1.984962e-02
      vertex -5.832732e-02 -1.175461e-01 -2.030075e-02
      vertex -6.917223e-02 -1.118044e-01 -1.585198e-02
    endloop
  endfacet
  facet normal -4.676193e-01 -8.839295e-01 8.943179e-04
    outer loop
      vertex -6.917223e-02 -1.118044e-01 -1.585198e-02
      vertex -5.832732e-02 -1.175461e-01 -2.030075e-02
      vertex -5.820407e-02 -1.176073e-01 -1.630312e-02
    endloop
  endfacet
  facet normal 4.704613e-01 8.824178e-01 2.241168e-03
    outer loop
      vertex -7.719430e-02 -1.244798e-01 -1.984962e-02
      vertex -7.707757e-02 -1.245522e-01 -1.585198e-02
      vertex -6.499473e-02 -1.309828e-01 -2.030075e-02
    endloop
  endfacet
  facet normal 4.695412e-01 8.829100e-01 -9.691716e-04
    outer loop
      vertex -6.499473e-02 -1.309828e-01 -2.030075e-02
      vertex -7.707757e-02 -1.245522e-01 -1.585198e-02
      vertex -6.487148e-02 -1.310440e-01 -1.630312e-02
    endloop
  endfacet
  facet normal -2.777833e-02 1.722632e-02 -9.994657e-01
    outer loop
      vertex -7.707757e-02 -1.245522e-01 -1.585198e-02
      vertex -6.917223e-02 -1.118044e-01 -1.585198e-02
      vertex -6.487148e-02 -1.310440e-01 -1.630312e-02
    endloop
  endfacet
  facet normal -3.255715e-02 1.615512e-02 -9.993393e-01
    outer loop
      vertex -6.917223e-02 -1.118044e-01 -1.585198e-02
      vertex -5.820407e-02 -1.176073e-01 -1.630312e-02
      vertex -6.487148e-02 -1.310440e-01 -1.630312e-02
    endloop
  endfacet
  facet normal 2.932851e-02 -1.455304e-02 9.994639e-01
    outer loop
      vertex -6.499473e-02 -1.309828e-01 -2.030075e-02
      vertex -5.225774e-02 -1.362964e-01 -2.075188e-02
      vertex -5.832732e-02 -1.175461e-01 -2.030075e-02
    endloop
  endfacet
  facet normal 3.400251e-02 -1.303698e-02 9.993367e-01
    outer loop
      vertex -5.832732e-02 -1.175461e-01 -2.030075e-02
      vertex -5.225774e-02 -1.362964e-01 -2.075188e-02
      vertex -4.688773e-02 -1.222906e-01 -2.075188e-02
    endloop
  endfacet
  facet normal -3.831783e-01 -9.236715e-01 -2.317163e-03
    outer loop
      vertex -5.832732e-02 -1.175461e-01 -2.030075e-02
      vertex -4.688773e-02 -1.222906e-01 -2.075188e-02
      vertex -5.820407e-02 -1.176073e-01 -1.630312e-02
    endloop
  endfacet
  facet normal -3.821013e-01 -9.241200e-01 8.944709e-04
    outer loop
      vertex -5.820407e-02 -1.176073e-01 -1.630312e-02
      vertex -4.688773e-02 -1.222906e-01 -2.075188e-02
      vertex -4.675903e-02 -1.223399e-01 -1.675426e-02
    endloop
  endfacet
  facet normal 3.850841e-01 9.228787e-01 2.246274e-03
    outer loop
      vertex -6.499473e-02 -1.309828e-01 -2.030075e-02
      vertex -6.487148e-02 -1.310440e-01 -1.630312e-02
      vertex -5.225774e-02 -1.362964e-01 -2.075188e-02
    endloop
  endfacet
  facet normal 3.841183e-01 9.232834e-01 -9.697387e-04
    outer loop
      vertex -5.225774e-02 -1.362964e-01 -2.075188e-02
      vertex -6.487148e-02 -1.310440e-01 -1.630312e-02
      vertex -5.212903e-02 -1.363458e-01 -1.675426e-02
    endloop
  endfacet
  facet normal -2.932984e-02 1.455370e-02 -9.994638e-01
    outer loop
      vertex -6.487148e-02 -1.310440e-01 -1.630312e-02
      vertex -5.820407e-02 -1.176073e-01 -1.630312e-02
      vertex -5.212903e-02 -1.363458e-01 -1.675426e-02
    endloop
  endfacet
  facet normal -3.400079e-02 1.303632e-02 -9.993368e-01
    outer loop
      vertex -5.820407e-02 -1.176073e-01 -1.630312e-02
      vertex -4.675903e-02 -1.223399e-01 -1.675426e-02
      vertex -5.212903e-02 -1.363458e-01 -1.675426e-02
    endloop
  endfacet
  facet normal 3.062320e-02 -1.174132e-02 9.994620e-01
    outer loop
      vertex -5.225774e-02 -1.362964e-01 -2.075188e-02
      vertex -3.909873e-02 -1.403772e-01 -2.120301e-02
      vertex -4.688773e-02 -1.222906e-01 -2.075188e-02
    endloop
  endfacet
  facet normal 3.514784e-02 -9.789592e-03 9.993342e-01
    outer loop
      vertex -4.688773e-02 -1.222906e-01 -2.075188e-02
      vertex -3.909873e-02 -1.403772e-01 -2.120301e-02
      vertex -3.507403e-02 -1.259273e-01 -2.120301e-02
    endloop
  endfacet
  facet normal -2.942901e-01 -9.557133e-01 -2.322676e-03
    outer loop
      vertex -4.688773e-02 -1.222906e-01 -2.075188e-02
      vertex -3.507403e-02 -1.259273e-01 -2.120301e-02
      vertex -4.675903e-02 -1.223399e-01 -1.675426e-02
    endloop
  endfacet
  facet normal -2.931715e-01 -9.560594e-01 8.946186e-04
    outer loop
      vertex -4.675903e-02 -1.223399e-01 -1.675426e-02
      vertex -3.507403e-02 -1.259273e-01 -2.120301e-02
      vertex -3.494100e-02 -1.259643e-01 -1.720539e-02
    endloop
  endfacet
  facet normal 2.962694e-01 9.551017e-01 2.251402e-03
    outer loop
      vertex -5.225774e-02 -1.362964e-01 -2.075188e-02
      vertex -5.212903e-02 -1.363458e-01 -1.675426e-02
      vertex -3.909873e-02 -1.403772e-01 -2.120301e-02
    endloop
  endfacet
  facet normal 2.952663e-01 9.554145e-01 -9.703036e-04
    outer loop
      vertex -3.909873e-02 -1.403772e-01 -2.120301e-02
      vertex -5.212903e-02 -1.363458e-01 -1.675426e-02
      vertex -3.896570e-02 -1.404143e-01 -1.720539e-02
    endloop
  endfacet
  facet normal -3.062460e-02 1.174185e-02 -9.994620e-01
    outer loop
      vertex -5.212903e-02 -1.363458e-01 -1.675426e-02
      vertex -4.675903e-02 -1.223399e-01 -1.675426e-02
      vertex -3.896570e-02 -1.404143e-01 -1.720539e-02
    endloop
  endfacet
  facet normal -3.514605e-02 9.789095e-03 -9.993342e-01
    outer loop
      vertex -4.675903e-02 -1.223399e-01 -1.675426e-02
      vertex -3.494100e-02 -1.259643e-01 -1.720539e-02
      vertex -3.896570e-02 -1.404143e-01 -1.720539e-02
    endloop
  endfacet
  facet normal 3.164870e-02 -8.814991e-03 9.994602e-01
    outer loop
      vertex -3.909873e-02 -1.403772e-01 -2.120301e-02
      vertex -2.563649e-02 -1.431931e-01 -2.165414e-02
      vertex -3.507403e-02 -1.259273e-01 -2.120301e-02
    endloop
  endfacet
  facet normal 3.598342e-02 -6.442270e-03 9.993316e-01
    outer loop
      vertex -3.507403e-02 -1.259273e-01 -2.120301e-02
      vertex -2.563649e-02 -1.431931e-01 -2.165414e-02
      vertex -2.299301e-02 -1.284279e-01 -2.165414e-02
    endloop
  endfacet
  facet normal -2.027745e-01 -9.792227e-01 -2.328215e-03
    outer loop
      vertex -3.507403e-02 -1.259273e-01 -2.120301e-02
      vertex -2.299301e-02 -1.284279e-01 -2.165414e-02
      vertex -3.494100e-02 -1.259643e-01 -1.720539e-02
    endloop
  endfacet
  facet normal -2.016239e-01 -9.794626e-01 8.947610e-04
    outer loop
      vertex -3.494100e-02 -1.259643e-01 -1.720539e-02
      vertex -2.299301e-02 -1.284279e-01 -2.165414e-02
      vertex -2.285683e-02 -1.284523e-01 -1.765653e-02
    endloop
  endfacet
  facet normal 2.048101e-01 9.787991e-01 2.256552e-03
    outer loop
      vertex -3.909873e-02 -1.403772e-01 -2.120301e-02
      vertex -3.896570e-02 -1.404143e-01 -1.720539e-02
      vertex -2.563649e-02 -1.431931e-01 -2.165414e-02
    endloop
  endfacet
  facet normal 2.037782e-01 9.790166e-01 -9.708662e-04
    outer loop
      vertex -2.563649e-02 -1.431931e-01 -2.165414e-02
      vertex -3.896570e-02 -1.404143e-01 -1.720539e-02
      vertex -2.550032e-02 -1.432175e-01 -1.765653e-02
    endloop
  endfacet
  facet normal -3.165015e-02 8.815395e-03 -9.994601e-01
    outer loop
      vertex -3.896570e-02 -1.404143e-01 -1.720539e-02
      vertex -3.494100e-02 -1.259643e-01 -1.720539e-02
      vertex -2.550032e-02 -1.432175e-01 -1.765653e-02
    endloop
  endfacet
  facet normal -3.598159e-02 6.441942e-03 -9.993317e-01
    outer loop
      vertex -3.494100e-02 -1.259643e-01 -1.720539e-02
      vertex -2.285683e-02 -1.284523e-01 -1.765653e-02
      vertex -2.550032e-02 -1.432175e-01 -1.765653e-02
    endloop
  endfacet
  facet normal 3.239493e-02 -5.799807e-03 9.994583e-01
    outer loop
      vertex -2.563649e-02 -1.431931e-01 -2.165414e-02
      vertex -1.199211e-02 -1.447233e-01 -2.210526e-02
      vertex -2.299301e-02 -1.284279e-01 -2.165414e-02
    endloop
  endfacet
  facet normal 3.650060e-02 -3.024526e-03 9.993291e-01
    outer loop
      vertex -2.299301e-02 -1.284279e-01 -2.165414e-02
      vertex -1.199211e-02 -1.447233e-01 -2.210526e-02
      vertex -1.075342e-02 -1.297745e-01 -2.210526e-02
    endloop
  endfacet
  facet normal -1.094484e-01 -9.939897e-01 -2.333778e-03
    outer loop
      vertex -2.299301e-02 -1.284279e-01 -2.165414e-02
      vertex -1.075342e-02 -1.297745e-01 -2.210526e-02
      vertex -2.285683e-02 -1.284523e-01 -1.765653e-02
    endloop
  endfacet
  facet normal -1.082759e-01 -9.941205e-01 8.948980e-04
    outer loop
      vertex -2.285683e-02 -1.284523e-01 -1.765653e-02
      vertex -1.075342e-02 -1.297745e-01 -2.210526e-02
      vertex -1.061530e-02 -1.297860e-01 -1.810766e-02
    endloop
  endfacet
  facet normal 1.115223e-01 9.937594e-01 2.261725e-03
    outer loop
      vertex -2.563649e-02 -1.431931e-01 -2.165414e-02
      vertex -2.550032e-02 -1.432175e-01 -1.765653e-02
      vertex -1.199211e-02 -1.447233e-01 -2.210526e-02
    endloop
  endfacet
  facet normal 1.104709e-01 9.938789e-01 -9.714265e-04
    outer loop
      vertex -1.199211e-02 -1.447233e-01 -2.210526e-02
      vertex -2.550032e-02 -1.432175e-01 -1.765653e-02
      vertex -1.185399e-02 -1.447347e-01 -1.810766e-02
    endloop
  endfacet
  facet normal -3.239642e-02 5.800074e-03 -9.994583e-01
    outer loop
      vertex -2.550032e-02 -1.432175e-01 -1.765653e-02
      vertex -2.285683e-02 -1.284523e-01 -1.765653e-02
      vertex -1.185399e-02 -1.447347e-01 -1.810766e-02
    endloop
  endfacet
  facet normal -3.649873e-02 3.024371e-03 -9.993291e-01
    outer loop
      vertex -2.285683e-02 -1.284523e-01 -1.765653e-02
      vertex -1.061530e-02 -1.297860e-01 -1.810766e-02
      vertex -1.185399e-02 -1.447347e-01 -1.810766e-02
    endloop
  endfacet
  facet normal 3.285425e-02 -2.722381e-03 9.994564e-01
    outer loop
      vertex -1.199211e-02 -1.447233e-01 -2.210526e-02
      vertex 1.712113e-03 -1.449586e-01 -2.255639e-02
      vertex -1.075342e-02 -1.297745e-01 -2.210526e-02
    endloop
  endfacet
  facet normal 3.669353e-02 4.333890e-04 9.993265e-01
    outer loop
      vertex -1.075342e-02 -1.297745e-01 -2.210526e-02
      vertex 1.712113e-03 -1.449586e-01 -2.255639e-02
      vertex 1.534959e-03 -1.299596e-01 -2.255639e-02
    endloop
  endfacet
  facet normal -1.514500e-02 -9.998826e-01 -2.339367e-03
    outer loop
      vertex -1.075342e-02 -1.297745e-01 -2.210526e-02
      vertex 1.534959e-03 -1.299596e-01 -2.255639e-02
      vertex -1.061530e-02 -1.297860e-01 -1.810766e-02
    endloop
  endfacet
  facet normal -1.396103e-02 -9.999021e-01 8.950294e-04
    outer loop
      vertex -1.061530e-02 -1.297860e-01 -1.810766e-02
      vertex 1.534959e-03 -1.299596e-01 -2.255639e-02
      vertex 1.673796e-03 -1.299580e-01 -1.855880e-02
    endloop
  endfacet
  facet normal 1.723902e-02 9.998488e-01 2.266920e-03
    outer loop
      vertex -1.199211e-02 -1.447233e-01 -2.210526e-02
      vertex -1.185399e-02 -1.447347e-01 -1.810766e-02
      vertex 1.712113e-03 -1.449586e-01 -2.255639e-02
    endloop
  endfacet
  facet normal 1.617722e-02 9.998687e-01 -9.719844e-04
    outer loop
      vertex 1.712113e-03 -1.449586e-01 -2.255639e-02
      vertex -1.185399e-02 -1.447347e-01 -1.810766e-02
      vertex 1.850950e-03 -1.449569e-01 -1.855880e-02
    endloop
  endfacet
  facet normal -3.285577e-02 2.722507e-03 -9.994564e-01
    outer loop
      vertex -1.185399e-02 -1.447347e-01 -1.810766e-02
      vertex -1.061530e-02 -1.297860e-01 -1.810766e-02
      vertex 1.850950e-03 -1.449569e-01 -1.855880e-02
    endloop
  endfacet
  facet normal -3.669165e-02 -4.333668e-04 -9.993265e-01
    outer loop
      vertex -1.061530e-02 -1.297860e-01 -1.810766e-02
      vertex 1.673796e-03 -1.299580e-01 -1.855880e-02
      vertex 1.850950e-03 -1.449569e-01 -1.855880e-02
    endloop
  endfacet
  facet normal 3.302158e-02 3.900194e-04 9.994546e-01
    outer loop
      vertex 1.712113e-03 -1.449586e-01 -2.255639e-02
      vertex 1.535378e-02 -1.439013e-01 -2.300752e-02
      vertex 1.534959e-03 -1.299596e-01 -2.255639e-02
    endloop
  endfacet
  facet normal 3.655925e-02 3.900749e-03 9.993239e-01
    outer loop
      vertex 1.534959e-03 -1.299596e-01 -2.255639e-02
      vertex 1.535378e-02 -1.439013e-01 -2.300752e-02
      vertex 1.376236e-02 -1.289859e-01 -2.300752e-02
    endloop
  endfacet
  facet normal 7.929376e-02 -9.968485e-01 -2.344981e-03
    outer loop
      vertex 1.534959e-03 -1.299596e-01 -2.255639e-02
      vertex 1.376236e-02 -1.289859e-01 -2.300752e-02
      vertex 1.673796e-03 -1.299580e-01 -1.855880e-02
    endloop
  endfacet
  facet normal 8.047872e-02 -9.967559e-01 8.951553e-04
    outer loop
      vertex 1.673796e-03 -1.299580e-01 -1.855880e-02
      vertex 1.376236e-02 -1.289859e-01 -2.300752e-02
      vertex 1.390068e-02 -1.289712e-01 -1.900994e-02
    endloop
  endfacet
  facet normal -7.719828e-02 9.970132e-01 2.272137e-03
    outer loop
      vertex 1.712113e-03 -1.449586e-01 -2.255639e-02
      vertex 1.850950e-03 -1.449569e-01 -1.855880e-02
      vertex 1.535378e-02 -1.439013e-01 -2.300752e-02
    endloop
  endfacet
  facet normal -7.826098e-02 9.969324e-01 -9.725400e-04
    outer loop
      vertex 1.535378e-02 -1.439013e-01 -2.300752e-02
      vertex 1.850950e-03 -1.449569e-01 -1.855880e-02
      vertex 1.549209e-02 -1.438865e-01 -1.900994e-02
    endloop
  endfacet
  facet normal -3.302311e-02 -3.900375e-04 -9.994545e-01
    outer loop
      vertex 1.850950e-03 -1.449569e-01 -1.855880e-02
      vertex 1.673796e-03 -1.299580e-01 -1.855880e-02
      vertex 1.549209e-02 -1.438865e-01 -1.900994e-02
    endloop
  endfacet
  facet normal -3.655736e-02 -3.900547e-03 -9.993239e-01
    outer loop
      vertex 1.673796e-03 -1.299580e-01 -1.855880e-02
      vertex 1.390068e-02 -1.289712e-01 -1.900994e-02
      vertex 1.549209e-02 -1.438865e-01 -1.900994e-02
    endloop
  endfacet
  facet normal 3.289440e-02 3.509722e-03 9.994527e-01
    outer loop
      vertex 1.535378e-02 -1.439013e-01 -2.300752e-02
      vertex 2.881146e-02 -1.415653e-01 -2.345865e-02
      vertex 1.376236e-02 -1.289859e-01 -2.300752e-02
    endloop
  endfacet
  facet normal 3.609769e-02 7.346624e-03 9.993213e-01
    outer loop
      vertex 1.376236e-02 -1.289859e-01 -2.300752e-02
      vertex 2.881146e-02 -1.415653e-01 -2.345865e-02
      vertex 2.581998e-02 -1.268666e-01 -2.345865e-02
    endloop
  endfacet
  facet normal 1.730247e-01 -9.849147e-01 -2.350621e-03
    outer loop
      vertex 1.376236e-02 -1.289859e-01 -2.300752e-02
      vertex 2.581998e-02 -1.268666e-01 -2.345865e-02
      vertex 1.390068e-02 -1.289712e-01 -1.900994e-02
    endloop
  endfacet
  facet normal 1.742001e-01 -9.847099e-01 8.952755e-04
    outer loop
      vertex 1.390068e-02 -1.289712e-01 -1.900994e-02
      vertex 2.581998e-02 -1.268666e-01 -2.345865e-02
      vertex 2.595653e-02 -1.268388e-01 -1.946107e-02
    endloop
  endfacet
  facet normal -1.709466e-01 9.852777e-01 2.277378e-03
    outer loop
      vertex 1.535378e-02 -1.439013e-01 -2.300752e-02
      vertex 1.549209e-02 -1.438865e-01 -1.900994e-02
      vertex 2.881146e-02 -1.415653e-01 -2.345865e-02
    endloop
  endfacet
  facet normal -1.720007e-01 9.850964e-01 -9.730931e-04
    outer loop
      vertex 2.881146e-02 -1.415653e-01 -2.345865e-02
      vertex 1.549209e-02 -1.438865e-01 -1.900994e-02
      vertex 2.894801e-02 -1.415375e-01 -1.946107e-02
    endloop
  endfacet
  facet normal -3.289593e-02 -3.509885e-03 -9.994526e-01
    outer loop
      vertex 1.549209e-02 -1.438865e-01 -1.900994e-02
      vertex 1.390068e-02 -1.289712e-01 -1.900994e-02
      vertex 2.894801e-02 -1.415375e-01 -1.946107e-02
    endloop
  endfacet
  facet normal -3.609582e-02 -7.346244e-03 -9.993213e-01
    outer loop
      vertex 1.390068e-02 -1.289712e-01 -1.900994e-02
      vertex 2.595653e-02 -1.268388e-01 -1.946107e-02
      vertex 2.894801e-02 -1.415375e-01 -1.946107e-02
    endloop
  endfacet
  facet normal 3.247284e-02 6.608892e-03 9.994508e-01
    outer loop
      vertex 2.881146e-02 -1.415653e-01 -2.345865e-02
      vertex 4.196578e-02 -1.379759e-01 -2.390977e-02
      vertex 2.581998e-02 -1.268666e-01 -2.345865e-02
    endloop
  endfacet
  facet normal 3.531171e-02 1.074016e-02 9.993186e-01
    outer loop
      vertex 2.581998e-02 -1.268666e-01 -2.345865e-02
      vertex 4.196578e-02 -1.379759e-01 -2.390977e-02
      vertex 3.760092e-02 -1.236250e-01 -2.390977e-02
    endloop
  endfacet
  facet normal 2.652111e-01 -9.641875e-01 -2.356287e-03
    outer loop
      vertex 2.581998e-02 -1.268666e-01 -2.345865e-02
      vertex 3.760092e-02 -1.236250e-01 -2.390977e-02
      vertex 2.595653e-02 -1.268388e-01 -1.946107e-02
    endloop
  endfacet
  facet normal 2.663662e-01 -9.638715e-01 8.953901e-04
    outer loop
      vertex 2.595653e-02 -1.268388e-01 -1.946107e-02
      vertex 3.760092e-02 -1.236250e-01 -2.390977e-02
      vertex 3.773449e-02 -1.235844e-01 -1.991221e-02
    endloop
  endfacet
  facet normal -2.631690e-01 9.647470e-01 2.282641e-03
    outer loop
      vertex 2.881146e-02 -1.415653e-01 -2.345865e-02
      vertex 2.894801e-02 -1.415375e-01 -1.946107e-02
      vertex 4.196578e-02 -1.379759e-01 -2.390977e-02
    endloop
  endfacet
  facet normal -2.642050e-01 9.644661e-01 -9.736438e-04
    outer loop
      vertex 4.196578e-02 -1.379759e-01 -2.390977e-02
      vertex 2.894801e-02 -1.415375e-01 -1.946107e-02
      vertex 4.209935e-02 -1.379353e-01 -1.991221e-02
    endloop
  endfacet
  facet normal -3.247435e-02 -6.609201e-03 -9.994507e-01
    outer loop
      vertex 2.894801e-02 -1.415375e-01 -1.946107e-02
      vertex 2.595653e-02 -1.268388e-01 -1.946107e-02
      vertex 4.209935e-02 -1.379353e-01 -1.991221e-02
    endloop
  endfacet
  facet normal -3.530987e-02 -1.073960e-02 -9.993187e-01
    outer loop
      vertex 2.595653e-02 -1.268388e-01 -1.946107e-02
      vertex 3.773449e-02 -1.235844e-01 -1.991221e-02
      vertex 4.209935e-02 -1.379353e-01 -1.991221e-02
    endloop
  endfacet
  facet normal 3.175963e-02 9.659784e-03 9.994489e-01
    outer loop
      vertex 4.196578e-02 -1.379759e-01 -2.390977e-02
      vertex 5.470051e-02 -1.331695e-01 -2.436090e-02
      vertex 3.760092e-02 -1.236250e-01 -2.390977e-02
    endloop
  endfacet
  facet normal 3.420707e-02 1.405085e-02 9.993160e-01
    outer loop
      vertex 3.760092e-02 -1.236250e-01 -2.390977e-02
      vertex 5.470051e-02 -1.331695e-01 -2.436090e-02
      vertex 4.900120e-02 -1.192944e-01 -2.436090e-02
    endloop
  endfacet
  facet normal 3.550298e-01 -9.348520e-01 -2.361979e-03
    outer loop
      vertex 3.760092e-02 -1.236250e-01 -2.390977e-02
      vertex 4.900120e-02 -1.192944e-01 -2.436090e-02
      vertex 3.773449e-02 -1.235844e-01 -1.991221e-02
    endloop
  endfacet
  facet normal 3.561541e-01 -9.344268e-01 8.954989e-04
    outer loop
      vertex 3.773449e-02 -1.235844e-01 -1.991221e-02
      vertex 4.900120e-02 -1.192944e-01 -2.436090e-02
      vertex 4.913057e-02 -1.192413e-01 -2.036335e-02
    endloop
  endfacet
  facet normal -3.530424e-01 9.356045e-01 2.287928e-03
    outer loop
      vertex 4.196578e-02 -1.379759e-01 -2.390977e-02
      vertex 4.209935e-02 -1.379353e-01 -1.991221e-02
      vertex 5.470051e-02 -1.331695e-01 -2.436090e-02
    endloop
  endfacet
  facet normal -3.540508e-01 9.352257e-01 -9.741920e-04
    outer loop
      vertex 5.470051e-02 -1.331695e-01 -2.436090e-02
      vertex 4.209935e-02 -1.379353e-01 -1.991221e-02
      vertex 5.482988e-02 -1.331163e-01 -2.036335e-02
    endloop
  endfacet
  facet normal -3.176111e-02 -9.660236e-03 -9.994488e-01
    outer loop
      vertex 4.209935e-02 -1.379353e-01 -1.991221e-02
      vertex 3.773449e-02 -1.235844e-01 -1.991221e-02
      vertex 5.482988e-02 -1.331163e-01 -2.036335e-02
    endloop
  endfacet
  facet normal -3.420529e-02 -1.405012e-02 -9.993161e-01
    outer loop
      vertex 3.773449e-02 -1.235844e-01 -1.991221e-02
      vertex 4.913057e-02 -1.192413e-01 -2.036335e-02
      vertex 5.482988e-02 -1.331163e-01 -2.036335e-02
    endloop
  endfacet
  facet normal 3.076012e-02 1.263498e-02 9.994469e-01
    outer loop
      vertex 5.470051e-02 -1.331695e-01 -2.436090e-02
      vertex 6.690352e-02 -1.271931e-01 -2.481203e-02
      vertex 4.900120e-02 -1.192944e-01 -2.436090e-02
    endloop
  endfacet
  facet normal 3.279241e-02 1.724880e-02 9.993133e-01
    outer loop
      vertex 4.900120e-02 -1.192944e-01 -2.436090e-02
      vertex 6.690352e-02 -1.271931e-01 -2.481203e-02
      vertex 5.992061e-02 -1.139176e-01 -2.481203e-02
    endloop
  endfacet
  facet normal 4.416789e-01 -8.971701e-01 -2.367697e-03
    outer loop
      vertex 4.900120e-02 -1.192944e-01 -2.436090e-02
      vertex 5.992061e-02 -1.139176e-01 -2.481203e-02
      vertex 4.913057e-02 -1.192413e-01 -2.036335e-02
    endloop
  endfacet
  facet normal 4.427622e-01 -8.966387e-01 8.956019e-04
    outer loop
      vertex 4.913057e-02 -1.192413e-01 -2.036335e-02
      vertex 5.992061e-02 -1.139176e-01 -2.481203e-02
      vertex 6.004463e-02 -1.138523e-01 -2.081449e-02
    endloop
  endfacet
  facet normal -4.397644e-01 8.981103e-01 2.293237e-03
    outer loop
      vertex 5.470051e-02 -1.331695e-01 -2.436090e-02
      vertex 5.482988e-02 -1.331163e-01 -2.036335e-02
      vertex 6.690352e-02 -1.271931e-01 -2.481203e-02
    endloop
  endfacet
  facet normal -4.407360e-01 8.976363e-01 -9.747376e-04
    outer loop
      vertex 6.690352e-02 -1.271931e-01 -2.481203e-02
      vertex 5.482988e-02 -1.331163e-01 -2.036335e-02
      vertex 6.702754e-02 -1.271278e-01 -2.081449e-02
    endloop
  endfacet
  facet normal -3.076157e-02 -1.263558e-02 -9.994469e-01
    outer loop
      vertex 5.482988e-02 -1.331163e-01 -2.036335e-02
      vertex 4.913057e-02 -1.192413e-01 -2.036335e-02
      vertex 6.702754e-02 -1.271278e-01 -2.081449e-02
    endloop
  endfacet
  facet normal -3.279069e-02 -1.724790e-02 -9.993134e-01
    outer loop
      vertex 4.913057e-02 -1.192413e-01 -2.036335e-02
      vertex 6.004463e-02 -1.138523e-01 -2.081449e-02
      vertex 6.702754e-02 -1.271278e-01 -2.081449e-02
    endloop
  endfacet
  facet normal 2.948225e-02 1.550766e-02 9.994450e-01
    outer loop
      vertex 6.690352e-02 -1.271931e-01 -2.481203e-02
      vertex 7.846787e-02 -1.201040e-01 -2.526316e-02
      vertex 5.992061e-02 -1.139176e-01 -2.481203e-02
    endloop
  endfacet
  facet normal 3.107915e-02 2.030502e-02 9.993107e-01
    outer loop
      vertex 5.992061e-02 -1.139176e-01 -2.481203e-02
      vertex 7.846787e-02 -1.201040e-01 -2.526316e-02
      vertex 7.026365e-02 -1.075465e-01 -2.526316e-02
    endloop
  endfacet
  facet normal 5.243848e-01 -8.514781e-01 -2.373442e-03
    outer loop
      vertex 5.992061e-02 -1.139176e-01 -2.481203e-02
      vertex 7.026365e-02 -1.075465e-01 -2.526316e-02
      vertex 6.004463e-02 -1.138523e-01 -2.081449e-02
    endloop
  endfacet
  facet normal 5.254170e-01 -8.508444e-01 8.956990e-04
    outer loop
      vertex 6.004463e-02 -1.138523e-01 -2.081449e-02
      vertex 7.026365e-02 -1.075465e-01 -2.526316e-02
      vertex 7.038117e-02 -1.074697e-01 -2.126562e-02
    endloop
  endfacet
  facet normal -5.225609e-01 8.525989e-01 2.298570e-03
    outer loop
      vertex 6.690352e-02 -1.271931e-01 -2.481203e-02
      vertex 6.702754e-02 -1.271278e-01 -2.081449e-02
      vertex 7.846787e-02 -1.201040e-01 -2.526316e-02
    endloop
  endfacet
  facet normal -5.234867e-01 8.520333e-01 -9.752807e-04
    outer loop
      vertex 7.846787e-02 -1.201040e-01 -2.526316e-02
      vertex 6.702754e-02 -1.271278e-01 -2.081449e-02
      vertex 7.858539e-02 -1.200272e-01 -2.126562e-02
    endloop
  endfacet
  facet normal -2.948364e-02 -1.550839e-02 -9.994449e-01
    outer loop
      vertex 6.702754e-02 -1.271278e-01 -2.081449e-02
      vertex 6.004463e-02 -1.138523e-01 -2.081449e-02
      vertex 7.858539e-02 -1.200272e-01 -2.126562e-02
    endloop
  endfacet
  facet normal -3.107752e-02 -2.030395e-02 -9.993107e-01
    outer loop
      vertex 6.004463e-02 -1.138523e-01 -2.081449e-02
      vertex 7.038117e-02 -1.074697e-01 -2.126562e-02
      vertex 7.858539e-02 -1.200272e-01 -2.126562e-02
    endloop
  endfacet
  facet normal 2.793646e-02 1.825180e-02 9.994431e-01
    outer loop
      vertex 7.846787e-02 -1.201040e-01 -2.526316e-02
      vertex 8.929265e-02 -1.119694e-01 -2.571429e-02
      vertex 7.026365e-02 -1.075465e-01 -2.526316e-02
    endloop
  endfacet
  facet normal 2.908143e-02 2.319167e-02 9.993080e-01
    outer loop
      vertex 7.026365e-02 -1.075465e-01 -2.526316e-02
      vertex 8.929265e-02 -1.119694e-01 -2.571429e-02
      vertex 7.994030e-02 -1.002420e-01 -2.571429e-02
    endloop
  endfacet
  facet normal 6.024091e-01 -7.981839e-01 -2.379213e-03
    outer loop
      vertex 7.026365e-02 -1.075465e-01 -2.526316e-02
      vertex 7.994030e-02 -1.002420e-01 -2.571429e-02
      vertex 7.038117e-02 -1.074697e-01 -2.126562e-02
    endloop
  endfacet
  facet normal 6.033805e-01 -7.974529e-01 8.957901e-04
    outer loop
      vertex 7.038117e-02 -1.074697e-01 -2.126562e-02
      vertex 7.994030e-02 -1.002420e-01 -2.571429e-02
      vertex 8.005026e-02 -1.001543e-01 -2.171676e-02
    endloop
  endfacet
  facet normal -6.006928e-01 7.994766e-01 2.303927e-03
    outer loop
      vertex 7.846787e-02 -1.201040e-01 -2.526316e-02
      vertex 7.858539e-02 -1.200272e-01 -2.126562e-02
      vertex 8.929265e-02 -1.119694e-01 -2.571429e-02
    endloop
  endfacet
  facet normal -6.015642e-01 7.988238e-01 -9.758211e-04
    outer loop
      vertex 8.929265e-02 -1.119694e-01 -2.571429e-02
      vertex 7.858539e-02 -1.200272e-01 -2.126562e-02
      vertex 8.940260e-02 -1.118818e-01 -2.171676e-02
    endloop
  endfacet
  facet normal -2.793778e-02 -1.825266e-02 -9.994430e-01
    outer loop
      vertex 7.858539e-02 -1.200272e-01 -2.126562e-02
      vertex 7.038117e-02 -1.074697e-01 -2.126562e-02
      vertex 8.940260e-02 -1.118818e-01 -2.171676e-02
    endloop
  endfacet
  facet normal -2.907989e-02 -2.319044e-02 -9.993080e-01
    outer loop
      vertex 7.038117e-02 -1.074697e-01 -2.126562e-02
      vertex 8.005026e-02 -1.001543e-01 -2.171676e-02
      vertex 8.940260e-02 -1.118818e-01 -2.171676e-02
    endloop
  endfacet
  facet normal 2.613560e-02 2.084244e-02 9.994411e-01
    outer loop
      vertex 8.929265e-02 -1.119694e-01 -2.571429e-02
      vertex 9.928391e-02 -1.028655e-01 -2.616541e-02
      vertex 7.994030e-02 -1.002420e-01 -2.571429e-02
    endloop
  endfacet
  facet normal 2.681598e-02 2.588229e-02 9.993053e-01
    outer loop
      vertex 7.994030e-02 -1.002420e-01 -2.571429e-02
      vertex 9.928391e-02 -1.028655e-01 -2.616541e-02
      vertex 8.886687e-02 -9.207268e-02 -2.616541e-02
    endloop
  endfacet
  facet normal 6.750551e-01 -7.377634e-01 -2.385011e-03
    outer loop
      vertex 7.994030e-02 -1.002420e-01 -2.571429e-02
      vertex 8.886687e-02 -9.207268e-02 -2.616541e-02
      vertex 8.005026e-02 -1.001543e-01 -2.171676e-02
    endloop
  endfacet
  facet normal 6.759566e-01 -7.369409e-01 8.958752e-04
    outer loop
      vertex 8.005026e-02 -1.001543e-01 -2.171676e-02
      vertex 8.886687e-02 -9.207268e-02 -2.616541e-02
      vertex 8.896825e-02 -9.197483e-02 -2.216790e-02
    endloop
  endfacet
  facet normal -6.734626e-01 7.392177e-01 2.309307e-03
    outer loop
      vertex 8.929265e-02 -1.119694e-01 -2.571429e-02
      vertex 8.940260e-02 -1.118818e-01 -2.171676e-02
      vertex 9.928391e-02 -1.028655e-01 -2.616541e-02
    endloop
  endfacet
  facet normal -6.742715e-01 7.384829e-01 -9.763589e-04
    outer loop
      vertex 9.928391e-02 -1.028655e-01 -2.616541e-02
      vertex 8.940260e-02 -1.118818e-01 -2.171676e-02
      vertex 9.938529e-02 -1.027677e-01 -2.216790e-02
    endloop
  endfacet
  facet normal -2.613684e-02 -2.084344e-02 -9.994411e-01
    outer loop
      vertex 8.940260e-02 -1.118818e-01 -2.171676e-02
      vertex 8.005026e-02 -1.001543e-01 -2.171676e-02
      vertex 9.938529e-02 -1.027677e-01 -2.216790e-02
    endloop
  endfacet
  facet normal -2.681456e-02 -2.588092e-02 -9.993053e-01
    outer loop
      vertex 8.005026e-02 -1.001543e-01 -2.171676e-02
      vertex 8.896825e-02 -9.197483e-02 -2.216790e-02
      vertex 9.938529e-02 -1.027677e-01 -2.216790e-02
    endloop
  endfacet
  facet normal 2.409487e-02 2.325593e-02 9.994391e-01
    outer loop
      vertex 9.928391e-02 -1.028655e-01 -2.616541e-02
      vertex 1.083555e-01 -9.287681e-02 -2.661654e-02
      vertex 8.886687e-02 -9.207268e-02 -2.616541e-02
    endloop
  endfacet
  facet normal 2.430198e-02 2.835211e-02 9.993025e-01
    outer loop
      vertex 8.886687e-02 -9.207268e-02 -2.616541e-02
      vertex 1.083555e-01 -9.287681e-02 -2.661654e-02
      vertex 9.696666e-02 -8.311489e-02 -2.661654e-02
    endloop
  endfacet
  facet normal 7.416743e-01 -6.707559e-01 -2.390836e-03
    outer loop
      vertex 8.886687e-02 -9.207268e-02 -2.616541e-02
      vertex 9.696666e-02 -8.311489e-02 -2.661654e-02
      vertex 8.896825e-02 -9.197483e-02 -2.216790e-02
    endloop
  endfacet
  facet normal 7.424972e-01 -6.698485e-01 8.959541e-04
    outer loop
      vertex 8.896825e-02 -9.197483e-02 -2.216790e-02
      vertex 9.696666e-02 -8.311489e-02 -2.661654e-02
      vertex 9.705853e-02 -8.300772e-02 -2.261903e-02
    endloop
  endfacet
  facet normal -7.402208e-01 6.723599e-01 2.314712e-03
    outer loop
      vertex 9.928391e-02 -1.028655e-01 -2.616541e-02
      vertex 9.938529e-02 -1.027677e-01 -2.216790e-02
      vertex 1.083555e-01 -9.287681e-02 -2.661654e-02
    endloop
  endfacet
  facet normal -7.409593e-01 6.715492e-01 -9.768941e-04
    outer loop
      vertex 1.083555e-01 -9.287681e-02 -2.661654e-02
      vertex 9.938529e-02 -1.027677e-01 -2.216790e-02
      vertex 1.084473e-01 -9.276963e-02 -2.261903e-02
    endloop
  endfacet
  facet normal -2.409602e-02 -2.325704e-02 -9.994391e-01
    outer loop
      vertex 9.938529e-02 -1.027677e-01 -2.216790e-02
      vertex 8.896825e-02 -9.197483e-02 -2.216790e-02
      vertex 1.084473e-01 -9.276963e-02 -2.261903e-02
    endloop
  endfacet
  facet normal -2.430069e-02 -2.835060e-02 -9.993026e-01
    outer loop
      vertex 8.896825e-02 -9.197483e-02 -2.216790e-02
      vertex 9.705853e-02 -8.300772e-02 -2.261903e-02
      vertex 1.084473e-01 -9.276963e-02 -2.261903e-02
    endloop
  endfacet
  facet normal 2.183165e-02 2.547007e-02 9.994372e-01
    outer loop
      vertex 1.083555e-01 -9.287681e-02 -2.661654e-02
      vertex 1.164297e-01 -8.209549e-02 -2.706767e-02
      vertex 9.696666e-02 -8.311489e-02 -2.661654e-02
    endloop
  endfacet
  facet normal 2.156092e-02 3.057819e-02 9.992998e-01
    outer loop
      vertex 9.696666e-02 -8.311489e-02 -2.661654e-02
      vertex 1.164297e-01 -8.209549e-02 -2.706767e-02
      vertex 1.041707e-01 -7.345158e-02 -2.706767e-02
    endloop
  endfacet
  facet normal 8.016717e-01 -5.977597e-01 -2.396688e-03
    outer loop
      vertex 9.696666e-02 -8.311489e-02 -2.661654e-02
      vertex 1.041707e-01 -7.345158e-02 -2.706767e-02
      vertex 9.705853e-02 -8.300772e-02 -2.261903e-02
    endloop
  endfacet
  facet normal 8.024082e-01 -5.967749e-01 8.960269e-04
    outer loop
      vertex 9.705853e-02 -8.300772e-02 -2.261903e-02
      vertex 1.041707e-01 -7.345158e-02 -2.706767e-02
      vertex 1.042522e-01 -7.333600e-02 -2.307017e-02
    endloop
  endfacet
  facet normal -8.003713e-01 5.995001e-01 2.320140e-03
    outer loop
      vertex 1.083555e-01 -9.287681e-02 -2.661654e-02
      vertex 1.084473e-01 -9.276963e-02 -2.261903e-02
      vertex 1.164297e-01 -8.209549e-02 -2.706767e-02
    endloop
  endfacet
  facet normal -8.010324e-01 5.986202e-01 -9.774264e-04
    outer loop
      vertex 1.164297e-01 -8.209549e-02 -2.706767e-02
      vertex 1.084473e-01 -9.276963e-02 -2.261903e-02
      vertex 1.165112e-01 -8.197991e-02 -2.307017e-02
    endloop
  endfacet
  facet normal -2.183270e-02 -2.547129e-02 -9.994371e-01
    outer loop
      vertex 1.084473e-01 -9.276963e-02 -2.261903e-02
      vertex 9.705853e-02 -8.300772e-02 -2.261903e-02
      vertex 1.165112e-01 -8.197991e-02 -2.307017e-02
    endloop
  endfacet
  facet normal -2.155977e-02 -3.057655e-02 -9.992999e-01
    outer loop
      vertex 9.705853e-02 -8.300772e-02 -2.261903e-02
      vertex 1.042522e-01 -7.333600e-02 -2.307017e-02
      vertex 1.165112e-01 -8.197991e-02 -2.307017e-02
    endloop
  endfacet
  facet normal 1.936537e-02 2.746441e-02 9.994352e-01
    outer loop
      vertex 1.164297e-01 -8.209549e-02 -2.706767e-02
      vertex 1.234380e-01 -7.062048e-02 -2.751880e-02
      vertex 1.041707e-01 -7.345158e-02 -2.706767e-02
    endloop
  endfacet
  facet normal 1.861639e-02 3.253970e-02 9.992971e-01
    outer loop
      vertex 1.041707e-01 -7.345158e-02 -2.706767e-02
      vertex 1.234380e-01 -7.062048e-02 -2.751880e-02
      vertex 1.104182e-01 -6.317168e-02 -2.751880e-02
    endloop
  endfacet
  facet normal 8.545118e-01 -5.194264e-01 -2.402567e-03
    outer loop
      vertex 1.041707e-01 -7.345158e-02 -2.706767e-02
      vertex 1.104182e-01 -6.317168e-02 -2.751880e-02
      vertex 1.042522e-01 -7.333600e-02 -2.307017e-02
    endloop
  endfacet
  facet normal 8.551544e-01 -5.183726e-01 8.960934e-04
    outer loop
      vertex 1.042522e-01 -7.333600e-02 -2.307017e-02
      vertex 1.104182e-01 -6.317168e-02 -2.751880e-02
      vertex 1.104885e-01 -6.304870e-02 -2.352131e-02
    endloop
  endfacet
  facet normal -8.533772e-01 5.212887e-01 2.325592e-03
    outer loop
      vertex 1.164297e-01 -8.209549e-02 -2.706767e-02
      vertex 1.165112e-01 -8.197991e-02 -2.307017e-02
      vertex 1.234380e-01 -7.062048e-02 -2.751880e-02
    endloop
  endfacet
  facet normal -8.539544e-01 5.203470e-01 -9.779560e-04
    outer loop
      vertex 1.234380e-01 -7.062048e-02 -2.751880e-02
      vertex 1.165112e-01 -8.197991e-02 -2.307017e-02
      vertex 1.235083e-01 -7.049750e-02 -2.352131e-02
    endloop
  endfacet
  facet normal -1.936630e-02 -2.746573e-02 -9.994351e-01
    outer loop
      vertex 1.165112e-01 -8.197991e-02 -2.307017e-02
      vertex 1.042522e-01 -7.333600e-02 -2.307017e-02
      vertex 1.235083e-01 -7.049750e-02 -2.352131e-02
    endloop
  endfacet
  facet normal -1.861539e-02 -3.253795e-02 -9.992971e-01
    outer loop
      vertex 1.042522e-01 -7.333600e-02 -2.307017e-02
      vertex 1.104885e-01 -6.304870e-02 -2.352131e-02
      vertex 1.235083e-01 -7.049750e-02 -2.352131e-02
    endloop
  endfacet
  facet normal 1.671734e-02 2.922034e-02 9.994332e-01
    outer loop
      vertex 1.234380e-01 -7.062048e-02 -2.751880e-02
      vertex 1.293217e-01 -5.855655e-02 -2.796992e-02
      vertex 1.104182e-01 -6.317168e-02 -2.751880e-02
    endloop
  endfacet
  facet normal 1.549387e-02 3.421808e-02 9.992943e-01
    outer loop
      vertex 1.104182e-01 -6.317168e-02 -2.751880e-02
      vertex 1.293217e-01 -5.855655e-02 -2.796992e-02
      vertex 1.156572e-01 -5.236930e-02 -2.796992e-02
    endloop
  endfacet
  facet normal 8.997226e-01 -4.364555e-01 -2.408474e-03
    outer loop
      vertex 1.104182e-01 -6.317168e-02 -2.751880e-02
      vertex 1.156572e-01 -5.236930e-02 -2.796992e-02
      vertex 1.104885e-01 -6.304870e-02 -2.352131e-02
    endloop
  endfacet
  facet normal 9.002650e-01 -4.353414e-01 8.961535e-04
    outer loop
      vertex 1.104885e-01 -6.304870e-02 -2.352131e-02
      vertex 1.156572e-01 -5.236930e-02 -2.796992e-02
      vertex 1.157158e-01 -5.223999e-02 -2.397244e-02
    endloop
  endfacet
  facet normal -8.987653e-01 4.384238e-01 2.331069e-03
    outer loop
      vertex 1.234380e-01 -7.062048e-02 -2.751880e-02
      vertex 1.235083e-01 -7.049750e-02 -2.352131e-02
      vertex 1.293217e-01 -5.855655e-02 -2.796992e-02
    endloop
  endfacet
  facet normal -8.992528e-01 4.374282e-01 -9.784828e-04
    outer loop
      vertex 1.293217e-01 -5.855655e-02 -2.796992e-02
      vertex 1.235083e-01 -7.049750e-02 -2.352131e-02
      vertex 1.293802e-01 -5.842724e-02 -2.397244e-02
    endloop
  endfacet
  facet normal -1.671814e-02 -2.922175e-02 -9.994331e-01
    outer loop
      vertex 1.235083e-01 -7.049750e-02 -2.352131e-02
      vertex 1.104885e-01 -6.304870e-02 -2.352131e-02
      vertex 1.293802e-01 -5.842724e-02 -2.397244e-02
    endloop
  endfacet
  facet normal -1.549303e-02 -3.421624e-02 -9.992944e-01
    outer loop
      vertex 1.104885e-01 -6.304870e-02 -2.352131e-02
      vertex 1.157158e-01 -5.223999e-02 -2.397244e-02
      vertex 1.293802e-01 -5.842724e-02 -2.397244e-02
    endloop
  endfacet
  facet normal 1.391056e-02 3.072136e-02 9.994312e-01
    outer loop
      vertex 1.293217e-01 -5.855655e-02 -2.796992e-02
      vertex 1.340323e-01 -4.601333e-02 -2.842105e-02
      vertex 1.156572e-01 -5.236930e-02 -2.796992e-02
    endloop
  endfacet
  facet normal 1.222055e-02 3.559724e-02 9.992915e-01
    outer loop
      vertex 1.156572e-01 -5.236930e-02 -2.796992e-02
      vertex 1.340323e-01 -4.601333e-02 -2.842105e-02
      vertex 1.198450e-01 -4.114284e-02 -2.842105e-02
    endloop
  endfacet
  facet normal 9.369006e-01 -3.495876e-01 -2.414408e-03
    outer loop
      vertex 1.156572e-01 -5.236930e-02 -2.796992e-02
      vertex 1.198450e-01 -4.114284e-02 -2.842105e-02
      vertex 1.157158e-01 -5.223999e-02 -2.397244e-02
    endloop
  endfacet
  facet normal 9.373370e-01 -3.484228e-01 8.962073e-04
    outer loop
      vertex 1.157158e-01 -5.223999e-02 -2.397244e-02
      vertex 1.198450e-01 -4.114284e-02 -2.842105e-02
      vertex 1.198912e-01 -4.100833e-02 -2.442358e-02
    endloop
  endfacet
  facet normal -9.361305e-01 3.516452e-01 2.336570e-03
    outer loop
      vertex 1.293217e-01 -5.855655e-02 -2.796992e-02
      vertex 1.293802e-01 -5.842724e-02 -2.397244e-02
      vertex 1.340323e-01 -4.601333e-02 -2.842105e-02
    endloop
  endfacet
  facet normal -9.365232e-01 3.506042e-01 -9.790067e-04
    outer loop
      vertex 1.340323e-01 -4.601333e-02 -2.842105e-02
      vertex 1.293802e-01 -5.842724e-02 -2.397244e-02
      vertex 1.340784e-01 -4.587882e-02 -2.442358e-02
    endloop
  endfacet
  facet normal -1.391123e-02 -3.072285e-02 -9.994311e-01
    outer loop
      vertex 1.293802e-01 -5.842724e-02 -2.397244e-02
      vertex 1.157158e-01 -5.223999e-02 -2.397244e-02
      vertex 1.340784e-01 -4.587882e-02 -2.442358e-02
    endloop
  endfacet
  facet normal -1.221989e-02 -3.559532e-02 -9.992916e-01
    outer loop
      vertex 1.157158e-01 -5.223999e-02 -2.397244e-02
      vertex 1.198912e-01 -4.100833e-02 -2.442358e-02
      vertex 1.340784e-01 -4.587882e-02 -2.442358e-02
    endloop
  endfacet
  facet normal 1.096953e-02 3.195315e-02 9.994292e-01
    outer loop
      vertex 1.340323e-01 -4.601333e-02 -2.842105e-02
      vertex 1.375318e-01 -3.310438e-02 -2.887218e-02
      vertex 1.198450e-01 -4.114284e-02 -2.842105e-02
    endloop
  endfacet
  facet normal 8.825070e-03 3.666367e-02 9.992887e-01
    outer loop
      vertex 1.198450e-01 -4.114284e-02 -2.842105e-02
      vertex 1.375318e-01 -3.310438e-02 -2.887218e-02
      vertex 1.229483e-01 -2.959409e-02 -2.887218e-02
    endloop
  endfacet
  facet normal 9.657137e-01 -2.595983e-01 -2.420370e-03
    outer loop
      vertex 1.198450e-01 -4.114284e-02 -2.842105e-02
      vertex 1.229483e-01 -2.959409e-02 -2.887218e-02
      vertex 1.198912e-01 -4.100833e-02 -2.442358e-02
    endloop
  endfacet
  facet normal 9.660395e-01 -2.583930e-01 8.962545e-04
    outer loop
      vertex 1.198912e-01 -4.100833e-02 -2.442358e-02
      vertex 1.229483e-01 -2.959409e-02 -2.887218e-02
      vertex 1.229817e-01 -2.945556e-02 -2.487472e-02
    endloop
  endfacet
  facet normal -9.651390e-01 2.617273e-01 2.342095e-03
    outer loop
      vertex 1.340323e-01 -4.601333e-02 -2.842105e-02
      vertex 1.340784e-01 -4.587882e-02 -2.442358e-02
      vertex 1.375318e-01 -3.310438e-02 -2.887218e-02
    endloop
  endfacet
  facet normal -9.654329e-01 2.606500e-01 -9.795277e-04
    outer loop
      vertex 1.375318e-01 -3.310438e-02 -2.887218e-02
      vertex 1.340784e-01 -4.587882e-02 -2.442358e-02
      vertex 1.375652e-01 -3.296586e-02 -2.487472e-02
    endloop
  endfacet
  facet normal -1.097006e-02 -3.195470e-02 -9.994291e-01
    outer loop
      vertex 1.340784e-01 -4.587882e-02 -2.442358e-02
      vertex 1.198912e-01 -4.100833e-02 -2.442358e-02
      vertex 1.375652e-01 -3.296586e-02 -2.487472e-02
    endloop
  endfacet
  facet normal -8.824591e-03 -3.666168e-02 -9.992888e-01
    outer loop
      vertex 1.198912e-01 -4.100833e-02 -2.442358e-02
      vertex 1.229817e-01 -2.945556e-02 -2.487472e-02
      vertex 1.375652e-01 -3.296586e-02 -2.487472e-02
    endloop
  endfacet
  facet normal 7.920047e-03 3.290376e-02 9.994271e-01
    outer loop
      vertex 1.375318e-01 -3.310438e-02 -2.887218e-02
      vertex 1.397935e-01 -1.994609e-02 -2.932331e-02
      vertex 1.229483e-01 -2.959409e-02 -2.887218e-02
    endloop
  endfacet
  facet normal 5.337271e-03 3.740661e-02 9.992859e-01
    outer loop
      vertex 1.229483e-01 -2.959409e-02 -2.887218e-02
      vertex 1.397935e-01 -1.994609e-02 -2.932331e-02
      vertex 1.249439e-01 -1.782731e-02 -2.932331e-02
    endloop
  endfacet
  facet normal 9.859046e-01 -1.672911e-01 -2.426361e-03
    outer loop
      vertex 1.229483e-01 -2.959409e-02 -2.887218e-02
      vertex 1.249439e-01 -1.782731e-02 -2.932331e-02
      vertex 1.229817e-01 -2.945556e-02 -2.487472e-02
    endloop
  endfacet
  facet normal 9.861160e-01 -1.660556e-01 8.962952e-04
    outer loop
      vertex 1.229817e-01 -2.945556e-02 -2.487472e-02
      vertex 1.249439e-01 -1.782731e-02 -2.932331e-02
      vertex 1.249640e-01 -1.768600e-02 -2.532586e-02
    endloop
  endfacet
  facet normal -9.855320e-01 1.694730e-01 2.347646e-03
    outer loop
      vertex 1.375318e-01 -3.310438e-02 -2.887218e-02
      vertex 1.375652e-01 -3.296586e-02 -2.487472e-02
      vertex 1.397935e-01 -1.994609e-02 -2.932331e-02
    endloop
  endfacet
  facet normal -9.857236e-01 1.683688e-01 -9.800457e-04
    outer loop
      vertex 1.397935e-01 -1.994609e-02 -2.932331e-02
      vertex 1.375652e-01 -3.296586e-02 -2.487472e-02
      vertex 1.398136e-01 -1.980478e-02 -2.532586e-02
    endloop
  endfacet
  facet normal -7.920434e-03 -3.290537e-02 -9.994271e-01
    outer loop
      vertex 1.375652e-01 -3.296586e-02 -2.487472e-02
      vertex 1.229817e-01 -2.945556e-02 -2.487472e-02
      vertex 1.398136e-01 -1.980478e-02 -2.532586e-02
    endloop
  endfacet
  facet normal -5.336981e-03 -3.740457e-02 -9.992860e-01
    outer loop
      vertex 1.229817e-01 -2.945556e-02 -2.487472e-02
      vertex 1.249640e-01 -1.768600e-02 -2.532586e-02
      vertex 1.398136e-01 -1.980478e-02 -2.532586e-02
    endloop
  endfacet
  facet normal 4.788957e-03 3.356371e-02 9.994251e-01
    outer loop
      vertex 1.397935e-01 -1.994609e-02 -2.932331e-02
      vertex 1.408014e-01 -6.656691e-03 -2.977444e-02
      vertex 1.249439e-01 -1.782731e-02 -2.932331e-02
    endloop
  endfacet
  facet normal 1.787935e-03 3.781814e-02 9.992830e-01
    outer loop
      vertex 1.249439e-01 -1.782731e-02 -2.932331e-02
      vertex 1.408014e-01 -6.656691e-03 -2.977444e-02
      vertex 1.258181e-01 -5.948325e-03 -2.977444e-02
    endloop
  endfacet
  facet normal 9.972930e-01 -7.349011e-02 -2.432379e-03
    outer loop
      vertex 1.249439e-01 -1.782731e-02 -2.932331e-02
      vertex 1.258181e-01 -5.948325e-03 -2.977444e-02
      vertex 1.249640e-01 -1.768600e-02 -2.532586e-02
    endloop
  endfacet
  facet normal 9.973872e-01 -7.223539e-02 8.963292e-04
    outer loop
      vertex 1.249640e-01 -1.768600e-02 -2.532586e-02
      vertex 1.258181e-01 -5.948325e-03 -2.977444e-02
      vertex 1.258249e-01 -5.805471e-03 -2.577699e-02
    endloop
  endfacet
  facet normal -9.971274e-01 7.570568e-02 2.353221e-03
    outer loop
      vertex 1.397935e-01 -1.994609e-02 -2.932331e-02
      vertex 1.398136e-01 -1.980478e-02 -2.532586e-02
      vertex 1.408014e-01 -6.656691e-03 -2.977444e-02
    endloop
  endfacet
  facet normal -9.972142e-01 7.458424e-02 -9.805608e-04
    outer loop
      vertex 1.408014e-01 -6.656691e-03 -2.977444e-02
      vertex 1.398136e-01 -1.980478e-02 -2.532586e-02
      vertex 1.408081e-01 -6.513837e-03 -2.577699e-02
    endloop
  endfacet
  facet normal -4.789191e-03 -3.356535e-02 -9.994251e-01
    outer loop
      vertex 1.398136e-01 -1.980478e-02 -2.532586e-02
      vertex 1.249640e-01 -1.768600e-02 -2.532586e-02
      vertex 1.408081e-01 -6.513837e-03 -2.577699e-02
    endloop
  endfacet
  facet normal -1.787837e-03 -3.781608e-02 -9.992831e-01
    outer loop
      vertex 1.249640e-01 -1.768600e-02 -2.532586e-02
      vertex 1.258249e-01 -5.805471e-03 -2.577699e-02
      vertex 1.408081e-01 -6.513837e-03 -2.577699e-02
    endloop
  endfacet
  facet normal 1.603928e-03 3.392606e-02 9.994231e-01
    outer loop
      vertex 1.408014e-01 -6.656691e-03 -2.977444e-02
      vertex 1.405510e-01 6.644855e-03 -3.022556e-02
      vertex 1.258181e-01 -5.948325e-03 -2.977444e-02
    endloop
  endfacet
  facet normal -1.791487e-03 3.789328e-02 9.992802e-01
    outer loop
      vertex 1.258181e-01 -5.948325e-03 -2.977444e-02
      vertex 1.405510e-01 6.644855e-03 -3.022556e-02
      vertex 1.255678e-01 5.936489e-03 -3.022556e-02
    endloop
  endfacet
  facet normal 9.997772e-01 2.096719e-02 -2.438426e-03
    outer loop
      vertex 1.258181e-01 -5.948325e-03 -2.977444e-02
      vertex 1.255678e-01 5.936489e-03 -3.022556e-02
      vertex 1.258249e-01 -5.805471e-03 -2.577699e-02
    endloop
  endfacet
  facet normal 9.997525e-01 2.223007e-02 8.963565e-04
    outer loop
      vertex 1.258249e-01 -5.805471e-03 -2.577699e-02
      vertex 1.255678e-01 5.936489e-03 -3.022556e-02
      vertex 1.255610e-01 6.079611e-03 -2.622813e-02
    endloop
  endfacet
  facet normal -9.998217e-01 -1.873753e-02 2.358821e-03
    outer loop
      vertex 1.408014e-01 -6.656691e-03 -2.977444e-02
      vertex 1.408081e-01 -6.513837e-03 -2.577699e-02
      vertex 1.405510e-01 6.644855e-03 -3.022556e-02
    endloop
  endfacet
  facet normal -9.998022e-01 -1.986627e-02 -9.810728e-04
    outer loop
      vertex 1.405510e-01 6.644855e-03 -3.022556e-02
      vertex 1.408081e-01 -6.513837e-03 -2.577699e-02
      vertex 1.405443e-01 6.787978e-03 -2.622813e-02
    endloop
  endfacet
  facet normal -1.604007e-03 -3.392773e-02 -9.994230e-01
    outer loop
      vertex 1.408081e-01 -6.513837e-03 -2.577699e-02
      vertex 1.258249e-01 -5.805471e-03 -2.577699e-02
      vertex 1.405443e-01 6.787978e-03 -2.622813e-02
    endloop
  endfacet
  facet normal 1.791389e-03 -3.789120e-02 -9.992803e-01
    outer loop
      vertex 1.258249e-01 -5.805471e-03 -2.577699e-02
      vertex 1.255610e-01 6.079611e-03 -2.622813e-02
      vertex 1.405443e-01 6.787978e-03 -2.622813e-02
    endloop
  endfacet
  facet normal -1.606787e-03 3.398653e-02 9.994210e-01
    outer loop
      vertex 1.405510e-01 6.644855e-03 -3.022556e-02
      vertex 1.390491e-01 1.983989e-02 -3.067669e-02
      vertex 1.255678e-01 5.936489e-03 -3.022556e-02
    endloop
  endfacet
  facet normal -5.369148e-03 3.763002e-02 9.992773e-01
    outer loop
      vertex 1.255678e-01 5.936489e-03 -3.022556e-02
      vertex 1.390491e-01 1.983989e-02 -3.067669e-02
      vertex 1.241995e-01 1.772111e-02 -3.067669e-02
    endloop
  endfacet
  facet normal 9.933350e-01 1.152374e-01 -2.444502e-03
    outer loop
      vertex 1.255678e-01 5.936489e-03 -3.022556e-02
      vertex 1.241995e-01 1.772111e-02 -3.067669e-02
      vertex 1.255610e-01 6.079611e-03 -2.622813e-02
    endloop
  endfacet
  facet normal 9.931906e-01 1.164972e-01 8.963770e-04
    outer loop
      vertex 1.255610e-01 6.079611e-03 -2.622813e-02
      vertex 1.241995e-01 1.772111e-02 -3.067669e-02
      vertex 1.241792e-01 1.786322e-02 -2.667927e-02
    endloop
  endfacet
  facet normal -9.935906e-01 -1.130136e-01 2.364447e-03
    outer loop
      vertex 1.405510e-01 6.644855e-03 -3.022556e-02
      vertex 1.405443e-01 6.787978e-03 -2.622813e-02
      vertex 1.390491e-01 1.983989e-02 -3.067669e-02
    endloop
  endfacet
  facet normal -9.934642e-01 -1.141396e-01 -9.815818e-04
    outer loop
      vertex 1.390491e-01 1.983989e-02 -3.067669e-02
      vertex 1.405443e-01 6.787978e-03 -2.622813e-02
      vertex 1.390288e-01 1.998200e-02 -2.667927e-02
    endloop
  endfacet
  facet normal 1.606866e-03 -3.398821e-02 -9.994209e-01
    outer loop
      vertex 1.405443e-01 6.787978e-03 -2.622813e-02
      vertex 1.255610e-01 6.079611e-03 -2.622813e-02
      vertex 1.390288e-01 1.998200e-02 -2.667927e-02
    endloop
  endfacet
  facet normal 5.368853e-03 -3.762795e-02 -9.992774e-01
    outer loop
      vertex 1.255610e-01 6.079611e-03 -2.622813e-02
      vertex 1.241792e-01 1.786322e-02 -2.667927e-02
      vertex 1.390288e-01 1.998200e-02 -2.667927e-02
    endloop
  endfacet
  facet normal -4.814608e-03 3.374349e-02 9.994189e-01
    outer loop
      vertex 1.390491e-01 1.983989e-02 -3.067669e-02
      vertex 1.363135e-01 3.281112e-02 -3.112782e-02
      vertex 1.241995e-01 1.772111e-02 -3.067669e-02
    endloop
  endfacet
  facet normal -8.913092e-03 3.702935e-02 9.992744e-01
    outer loop
      vertex 1.241995e-01 1.772111e-02 -3.067669e-02
      vertex 1.363135e-01 3.281112e-02 -3.112782e-02
      vertex 1.217300e-01 2.930083e-02 -3.112782e-02
    endloop
  endfacet
  facet normal 9.780238e-01 2.084790e-01 -2.450606e-03
    outer loop
      vertex 1.241995e-01 1.772111e-02 -3.067669e-02
      vertex 1.217300e-01 2.930083e-02 -3.112782e-02
      vertex 1.241792e-01 1.786322e-02 -2.667927e-02
    endloop
  endfacet
  facet normal 9.777602e-01 2.097243e-01 8.963906e-04
    outer loop
      vertex 1.241792e-01 1.786322e-02 -2.667927e-02
      vertex 1.217300e-01 2.930083e-02 -3.112782e-02
      vertex 1.216964e-01 2.944066e-02 -2.713041e-02
    endloop
  endfacet
  facet normal -9.784899e-01 -2.062809e-01 2.370098e-03
    outer loop
      vertex 1.390491e-01 1.983989e-02 -3.067669e-02
      vertex 1.390288e-01 1.998200e-02 -2.667927e-02
      vertex 1.363135e-01 3.281112e-02 -3.112782e-02
    endloop
  endfacet
  facet normal -9.782570e-01 -2.073940e-01 -9.820876e-04
    outer loop
      vertex 1.363135e-01 3.281112e-02 -3.112782e-02
      vertex 1.390288e-01 1.998200e-02 -2.667927e-02
      vertex 1.362798e-01 3.295095e-02 -2.713041e-02
    endloop
  endfacet
  facet normal 4.814847e-03 -3.374516e-02 -9.994189e-01
    outer loop
      vertex 1.390288e-01 1.998200e-02 -2.667927e-02
      vertex 1.241792e-01 1.786322e-02 -2.667927e-02
      vertex 1.362798e-01 3.295095e-02 -2.713041e-02
    endloop
  endfacet
  facet normal 8.912599e-03 -3.702731e-02 -9.992745e-01
    outer loop
      vertex 1.241792e-01 1.786322e-02 -2.667927e-02
      vertex 1.216964e-01 2.944066e-02 -2.713041e-02
      vertex 1.362798e-01 3.295095e-02 -2.713041e-02
    endloop
  endfacet
  facet normal -7.990879e-03 3.319803e-02 9.994168e-01
    outer loop
      vertex 1.363135e-01 3.281112e-02 -3.112782e-02
      vertex 1.323729e-01 4.544368e-02 -3.157895e-02
      vertex 1.217300e-01 2.930083e-02 -3.112782e-02
    endloop
  endfacet
  facet normal -1.239153e-02 3.609530e-02 9.992715e-01
    outer loop
      vertex 1.217300e-01 2.930083e-02 -3.112782e-02
      vertex 1.323729e-01 4.544368e-02 -3.157895e-02
      vertex 1.181857e-01 4.057319e-02 -3.157895e-02
    endloop
  endfacet
  facet normal 9.539803e-01 2.998593e-01 -2.456739e-03
    outer loop
      vertex 1.217300e-01 2.930083e-02 -3.112782e-02
      vertex 1.181857e-01 4.057319e-02 -3.157895e-02
      vertex 1.216964e-01 2.944066e-02 -2.713041e-02
    endloop
  endfacet
  facet normal 9.535988e-01 3.010789e-01 8.963973e-04
    outer loop
      vertex 1.216964e-01 2.944066e-02 -2.713041e-02
      vertex 1.181857e-01 4.057319e-02 -3.157895e-02
      vertex 1.181389e-01 4.070948e-02 -2.758154e-02
    endloop
  endfacet
  facet normal -9.546544e-01 -2.977069e-01 2.375775e-03
    outer loop
      vertex 1.363135e-01 3.281112e-02 -3.112782e-02
      vertex 1.362798e-01 3.295095e-02 -2.713041e-02
      vertex 1.323729e-01 4.544368e-02 -3.157895e-02
    endloop
  endfacet
  facet normal -9.543162e-01 -2.987970e-01 -9.825902e-04
    outer loop
      vertex 1.323729e-01 4.544368e-02 -3.157895e-02
      vertex 1.362798e-01 3.295095e-02 -2.713041e-02
      vertex 1.323261e-01 4.557997e-02 -2.758154e-02
    endloop
  endfacet
  facet normal 7.991277e-03 -3.319968e-02 -9.994168e-01
    outer loop
      vertex 1.362798e-01 3.295095e-02 -2.713041e-02
      vertex 1.216964e-01 2.944066e-02 -2.713041e-02
      vertex 1.323261e-01 4.557997e-02 -2.758154e-02
    endloop
  endfacet
  facet normal 1.239084e-02 -3.609330e-02 -9.992716e-01
    outer loop
      vertex 1.216964e-01 2.944066e-02 -2.713041e-02
      vertex 1.181389e-01 4.070948e-02 -2.758154e-02
      vertex 1.323261e-01 4.557997e-02 -2.758154e-02
    endloop
  endfacet
  facet normal -1.110712e-02 3.235394e-02 9.994148e-01
    outer loop
      vertex 1.323729e-01 4.544368e-02 -3.157895e-02
      vertex 1.272669e-01 5.762614e-02 -3.203008e-02
      vertex 1.181857e-01 4.057319e-02 -3.157895e-02
    endloop
  endfacet
  facet normal -1.577315e-02 3.483487e-02 9.992686e-01
    outer loop
      vertex 1.181857e-01 4.057319e-02 -3.157895e-02
      vertex 1.272669e-01 5.762614e-02 -3.203008e-02
      vertex 1.136024e-01 5.143889e-02 -3.203008e-02
    endloop
  endfacet
  facet normal 9.214191e-01 3.885624e-01 -2.462902e-03
    outer loop
      vertex 1.181857e-01 4.057319e-02 -3.157895e-02
      vertex 1.136024e-01 5.143889e-02 -3.203008e-02
      vertex 1.181389e-01 4.070948e-02 -2.758154e-02
    endloop
  endfacet
  facet normal 9.209223e-01 3.897451e-01 8.963969e-04
    outer loop
      vertex 1.181389e-01 4.070948e-02 -2.758154e-02
      vertex 1.136024e-01 5.143889e-02 -3.203008e-02
      vertex 1.135429e-01 5.157041e-02 -2.803268e-02
    endloop
  endfacet
  facet normal -9.222966e-01 -3.864754e-01 2.381477e-03
    outer loop
      vertex 1.323729e-01 4.544368e-02 -3.157895e-02
      vertex 1.323261e-01 4.557997e-02 -2.758154e-02
      vertex 1.272669e-01 5.762614e-02 -3.203008e-02
    endloop
  endfacet
  facet normal -9.218555e-01 -3.875326e-01 -9.830896e-04
    outer loop
      vertex 1.272669e-01 5.762614e-02 -3.203008e-02
      vertex 1.323261e-01 4.557997e-02 -2.758154e-02
      vertex 1.272073e-01 5.775765e-02 -2.803268e-02
    endloop
  endfacet
  facet normal 1.110768e-02 -3.235556e-02 -9.994147e-01
    outer loop
      vertex 1.323261e-01 4.557997e-02 -2.758154e-02
      vertex 1.181389e-01 4.070948e-02 -2.758154e-02
      vertex 1.272073e-01 5.775765e-02 -2.803268e-02
    endloop
  endfacet
  facet normal 1.577227e-02 -3.483293e-02 -9.992687e-01
    outer loop
      vertex 1.181389e-01 4.070948e-02 -2.758154e-02
      vertex 1.135429e-01 5.157041e-02 -2.803268e-02
      vertex 1.272073e-01 5.775765e-02 -2.803268e-02
    endloop
  endfacet
  facet normal -1.413529e-02 3.121769e-02 9.994127e-01
    outer loop
      vertex 1.272669e-01 5.762614e-02 -3.203008e-02
      vertex 1.210450e-01 6.925145e-02 -3.248120e-02
      vertex 1.136024e-01 5.143889e-02 -3.203008e-02
    endloop
  endfacet
  facet normal -1.902734e-02 3.325802e-02 9.992657e-01
    outer loop
      vertex 1.136024e-01 5.143889e-02 -3.203008e-02
      vertex 1.210450e-01 6.925145e-02 -3.248120e-02
      vertex 1.080252e-01 6.180265e-02 -3.248120e-02
    endloop
  endfacet
  facet normal 8.806310e-01 4.737964e-01 -2.469094e-03
    outer loop
      vertex 1.136024e-01 5.143889e-02 -3.203008e-02
      vertex 1.080252e-01 6.180265e-02 -3.248120e-02
      vertex 1.135429e-01 5.157041e-02 -2.803268e-02
    endloop
  endfacet
  facet normal 8.800224e-01 4.749314e-01 8.963893e-04
    outer loop
      vertex 1.135429e-01 5.157041e-02 -2.803268e-02
      vertex 1.080252e-01 6.180265e-02 -3.248120e-02
      vertex 1.079534e-01 6.192819e-02 -2.848382e-02
    endloop
  endfacet
  facet normal -8.817056e-01 -4.717940e-01 2.387206e-03
    outer loop
      vertex 1.272669e-01 5.762614e-02 -3.203008e-02
      vertex 1.272073e-01 5.775765e-02 -2.803268e-02
      vertex 1.210450e-01 6.925145e-02 -3.248120e-02
    endloop
  endfacet
  facet normal -8.811646e-01 -4.728086e-01 -9.835858e-04
    outer loop
      vertex 1.210450e-01 6.925145e-02 -3.248120e-02
      vertex 1.272073e-01 5.775765e-02 -2.803268e-02
      vertex 1.209732e-01 6.937699e-02 -2.848382e-02
    endloop
  endfacet
  facet normal 1.413600e-02 -3.121925e-02 -9.994126e-01
    outer loop
      vertex 1.272073e-01 5.775765e-02 -2.803268e-02
      vertex 1.135429e-01 5.157041e-02 -2.803268e-02
      vertex 1.209732e-01 6.937699e-02 -2.848382e-02
    endloop
  endfacet
  facet normal 1.902628e-02 -3.325615e-02 -9.992657e-01
    outer loop
      vertex 1.135429e-01 5.157041e-02 -2.803268e-02
      vertex 1.079534e-01 6.192819e-02 -2.848382e-02
      vertex 1.209732e-01 6.937699e-02 -2.848382e-02
    endloop
  endfacet
  facet normal -1.704803e-02 2.979836e-02 9.994105e-01
    outer loop
      vertex 1.210450e-01 6.925145e-02 -3.248120e-02
      vertex 1.137669e-01 8.021795e-02 -3.293233e-02
      vertex 1.080252e-01 6.180265e-02 -3.248120e-02
    endloop
  endfacet
  facet normal -2.212455e-02 3.137754e-02 9.992627e-01
    outer loop
      vertex 1.080252e-01 6.180265e-02 -3.248120e-02
      vertex 1.137669e-01 8.021795e-02 -3.293233e-02
      vertex 1.015079e-01 7.157404e-02 -3.293233e-02
    endloop
  endfacet
  facet normal 8.319799e-01 5.548002e-01 -2.475316e-03
    outer loop
      vertex 1.080252e-01 6.180265e-02 -3.248120e-02
      vertex 1.015079e-01 7.157404e-02 -3.293233e-02
      vertex 1.079534e-01 6.192819e-02 -2.848382e-02
    endloop
  endfacet
  facet normal 8.312642e-01 5.558769e-01 8.963745e-04
    outer loop
      vertex 1.079534e-01 6.192819e-02 -2.848382e-02
      vertex 1.015079e-01 7.157404e-02 -3.293233e-02
      vertex 1.014244e-01 7.169247e-02 -2.893496e-02
    endloop
  endfacet
  facet normal -8.332435e-01 -5.529010e-01 2.392960e-03
    outer loop
      vertex 1.210450e-01 6.925145e-02 -3.248120e-02
      vertex 1.209732e-01 6.937699e-02 -2.848382e-02
      vertex 1.137669e-01 8.021795e-02 -3.293233e-02
    endloop
  endfacet
  facet normal -8.326069e-01 -5.538635e-01 -9.840786e-04
    outer loop
      vertex 1.137669e-01 8.021795e-02 -3.293233e-02
      vertex 1.209732e-01 6.937699e-02 -2.848382e-02
      vertex 1.136834e-01 8.033638e-02 -2.893496e-02
    endloop
  endfacet
  facet normal 1.704889e-02 -2.979986e-02 -9.994105e-01
    outer loop
      vertex 1.209732e-01 6.937699e-02 -2.848382e-02
      vertex 1.079534e-01 6.192819e-02 -2.848382e-02
      vertex 1.136834e-01 8.033638e-02 -2.893496e-02
    endloop
  endfacet
  facet normal 2.212331e-02 -3.137577e-02 -9.992628e-01
    outer loop
      vertex 1.079534e-01 6.192819e-02 -2.848382e-02
      vertex 1.014244e-01 7.169247e-02 -2.893496e-02
      vertex 1.136834e-01 8.033638e-02 -2.893496e-02
    endloop
  endfacet
  facet normal -1.981891e-02 2.810763e-02 9.994084e-01
    outer loop
      vertex 1.137669e-01 8.021795e-02 -3.293233e-02
      vertex 1.055011e-01 9.043021e-02 -3.338346e-02
      vertex 1.015079e-01 7.157404e-02 -3.293233e-02
    endloop
  endfacet
  facet normal -2.503648e-02 2.920901e-02 9.992597e-01
    outer loop
      vertex 1.015079e-01 7.157404e-02 -3.293233e-02
      vertex 1.055011e-01 9.043021e-02 -3.338346e-02
      vertex 9.411232e-02 8.066830e-02 -3.338346e-02
    endloop
  endfacet
  facet normal 7.759004e-01 6.308506e-01 -2.481567e-03
    outer loop
      vertex 1.015079e-01 7.157404e-02 -3.293233e-02
      vertex 9.411232e-02 8.066830e-02 -3.338346e-02
      vertex 1.014244e-01 7.169247e-02 -2.893496e-02
    endloop
  endfacet
  facet normal 7.750830e-01 6.318588e-01 8.963524e-04
    outer loop
      vertex 1.014244e-01 7.169247e-02 -2.893496e-02
      vertex 9.411232e-02 8.066830e-02 -3.338346e-02
      vertex 9.401783e-02 8.077854e-02 -2.938609e-02
    endloop
  endfacet
  facet normal -7.773431e-01 -6.290723e-01 2.398741e-03
    outer loop
      vertex 1.137669e-01 8.021795e-02 -3.293233e-02
      vertex 1.136834e-01 8.033638e-02 -2.893496e-02
      vertex 1.055011e-01 9.043021e-02 -3.338346e-02
    endloop
  endfacet
  facet normal -7.766158e-01 -6.299738e-01 -9.845680e-04
    outer loop
      vertex 1.055011e-01 9.043021e-02 -3.338346e-02
      vertex 1.136834e-01 8.033638e-02 -2.893496e-02
      vertex 1.054066e-01 9.054045e-02 -2.938609e-02
    endloop
  endfacet
  facet normal 1.981992e-02 -2.810905e-02 -9.994084e-01
    outer loop
      vertex 1.136834e-01 8.033638e-02 -2.893496e-02
      vertex 1.014244e-01 7.169247e-02 -2.893496e-02
      vertex 1.054066e-01 9.054045e-02 -2.938609e-02
    endloop
  endfacet
  facet normal 2.503507e-02 -2.920736e-02 -9.992598e-01
    outer loop
      vertex 1.014244e-01 7.169247e-02 -2.893496e-02
      vertex 9.401783e-02 8.077854e-02 -2.938609e-02
      vertex 1.054066e-01 9.054045e-02 -2.938609e-02
    endloop
  endfacet
  facet normal -2.242268e-02 2.615960e-02 9.994063e-01
    outer loop
      vertex 1.055011e-01 9.043021e-02 -3.338346e-02
      vertex 9.632502e-02 9.979988e-02 -3.383459e-02
      vertex 9.411232e-02 8.066830e-02 -3.338346e-02
    endloop
  endfacet
  facet normal -2.773638e-02 2.677064e-02 9.992567e-01
    outer loop
      vertex 9.411232e-02 8.066830e-02 -3.338346e-02
      vertex 9.632502e-02 9.979988e-02 -3.383459e-02
      vertex 8.590797e-02 8.900705e-02 -3.383459e-02
    endloop
  endfacet
  facet normal 7.128930e-01 7.012684e-01 -2.487849e-03
    outer loop
      vertex 9.411232e-02 8.066830e-02 -3.338346e-02
      vertex 8.590797e-02 8.900705e-02 -3.383459e-02
      vertex 9.401783e-02 8.077854e-02 -2.938609e-02
    endloop
  endfacet
  facet normal 7.119805e-01 7.021986e-01 8.963229e-04
    outer loop
      vertex 9.401783e-02 8.077854e-02 -2.938609e-02
      vertex 8.590797e-02 8.900705e-02 -3.383459e-02
      vertex 8.580330e-02 8.910807e-02 -2.983723e-02
    endloop
  endfacet
  facet normal -7.145032e-01 -6.996280e-01 2.404548e-03
    outer loop
      vertex 1.055011e-01 9.043021e-02 -3.338346e-02
      vertex 1.054066e-01 9.054045e-02 -2.938609e-02
      vertex 9.632502e-02 9.979988e-02 -3.383459e-02
    endloop
  endfacet
  facet normal -7.136911e-01 -7.004599e-01 -9.850541e-04
    outer loop
      vertex 9.632502e-02 9.979988e-02 -3.383459e-02
      vertex 1.054066e-01 9.054045e-02 -2.938609e-02
      vertex 9.622035e-02 9.990090e-02 -2.983723e-02
    endloop
  endfacet
  facet normal 2.242382e-02 -2.616093e-02 -9.994062e-01
    outer loop
      vertex 1.054066e-01 9.054045e-02 -2.938609e-02
      vertex 9.401783e-02 8.077854e-02 -2.938609e-02
      vertex 9.622035e-02 9.990090e-02 -2.983723e-02
    endloop
  endfacet
  facet normal 2.773480e-02 -2.676913e-02 -9.992568e-01
    outer loop
      vertex 9.401783e-02 8.077854e-02 -2.938609e-02
      vertex 8.580330e-02 8.910807e-02 -2.983723e-02
      vertex 9.622035e-02 9.990090e-02 -2.983723e-02
    endloop
  endfacet
  facet normal -2.483548e-02 2.397075e-02 9.994041e-01
    outer loop
      vertex 9.632502e-02 9.979988e-02 -3.383459e-02
      vertex 8.632365e-02 1.082464e-01 -3.428571e-02
      vertex 8.590797e-02 8.900705e-02 -3.383459e-02
    endloop
  endfacet
  facet normal -3.019927e-02 2.408311e-02 9.992537e-01
    outer loop
      vertex 8.590797e-02 8.900705e-02 -3.383459e-02
      vertex 8.632365e-02 1.082464e-01 -3.428571e-02
      vertex 7.697130e-02 9.651896e-02 -3.428571e-02
    endloop
  endfacet
  facet normal 6.435203e-01 7.654250e-01 -2.494160e-03
    outer loop
      vertex 8.590797e-02 8.900705e-02 -3.383459e-02
      vertex 7.697130e-02 9.651896e-02 -3.428571e-02
      vertex 8.580330e-02 8.910807e-02 -2.983723e-02
    endloop
  endfacet
  facet normal 6.425202e-01 7.662682e-01 8.962859e-04
    outer loop
      vertex 8.580330e-02 8.910807e-02 -2.983723e-02
      vertex 7.697130e-02 9.651896e-02 -3.428571e-02
      vertex 7.685735e-02 9.660983e-02 -3.028837e-02
    endloop
  endfacet
  facet normal -6.452849e-01 -7.639382e-01 2.410382e-03
    outer loop
      vertex 9.632502e-02 9.979988e-02 -3.383459e-02
      vertex 9.622035e-02 9.990090e-02 -2.983723e-02
      vertex 8.632365e-02 1.082464e-01 -3.428571e-02
    endloop
  endfacet
  facet normal -6.443945e-01 -7.646926e-01 -9.855366e-04
    outer loop
      vertex 8.632365e-02 1.082464e-01 -3.428571e-02
      vertex 9.622035e-02 9.990090e-02 -2.983723e-02
      vertex 8.620970e-02 1.083373e-01 -3.028837e-02
    endloop
  endfacet
  facet normal 2.483675e-02 -2.397197e-02 -9.994041e-01
    outer loop
      vertex 9.622035e-02 9.990090e-02 -2.983723e-02
      vertex 8.580330e-02 8.910807e-02 -2.983723e-02
      vertex 8.620970e-02 1.083373e-01 -3.028837e-02
    endloop
  endfacet
  facet normal 3.019755e-02 -2.408174e-02 -9.992538e-01
    outer loop
      vertex 8.580330e-02 8.910807e-02 -2.983723e-02
      vertex 7.685735e-02 9.660983e-02 -3.028837e-02
      vertex 8.620970e-02 1.083373e-01 -3.028837e-02
    endloop
  endfacet
  facet normal -2.703507e-02 2.155975e-02 9.994020e-01
    outer loop
      vertex 8.632365e-02 1.082464e-01 -3.428571e-02
      vertex 7.558920e-02 1.156979e-01 -3.473684e-02
      vertex 7.697130e-02 9.651896e-02 -3.428571e-02
    endloop
  endfacet
  facet normal -3.240221e-02 2.116942e-02 9.992507e-01
    outer loop
      vertex 7.697130e-02 9.651896e-02 -3.428571e-02
      vertex 7.558920e-02 1.156979e-01 -3.473684e-02
      vertex 6.738497e-02 1.031404e-01 -3.473684e-02
    endloop
  endfacet
  facet normal 5.684017e-01 8.227474e-01 -2.500503e-03
    outer loop
      vertex 7.697130e-02 9.651896e-02 -3.428571e-02
      vertex 6.738497e-02 1.031404e-01 -3.473684e-02
      vertex 7.685735e-02 9.660983e-02 -3.028837e-02
    endloop
  endfacet
  facet normal 5.673222e-01 8.234954e-01 8.962414e-04
    outer loop
      vertex 7.685735e-02 9.660983e-02 -3.028837e-02
      vertex 6.738497e-02 1.031404e-01 -3.473684e-02
      vertex 6.726272e-02 1.032202e-01 -3.073951e-02
    endloop
  endfacet
  facet normal -5.703060e-01 -8.214288e-01 2.416243e-03
    outer loop
      vertex 8.632365e-02 1.082464e-01 -3.428571e-02
      vertex 8.620970e-02 1.083373e-01 -3.028837e-02
      vertex 7.558920e-02 1.156979e-01 -3.473684e-02
    endloop
  endfacet
  facet normal -5.693448e-01 -8.220982e-01 -9.860157e-04
    outer loop
      vertex 7.558920e-02 1.156979e-01 -3.473684e-02
      vertex 8.620970e-02 1.083373e-01 -3.028837e-02
      vertex 7.546695e-02 1.157777e-01 -3.073951e-02
    endloop
  endfacet
  facet normal 2.703645e-02 -2.156085e-02 -9.994019e-01
    outer loop
      vertex 8.620970e-02 1.083373e-01 -3.028837e-02
      vertex 7.685735e-02 9.660983e-02 -3.028837e-02
      vertex 7.546695e-02 1.157777e-01 -3.073951e-02
    endloop
  endfacet
  facet normal 3.240036e-02 -2.116821e-02 -9.992508e-01
    outer loop
      vertex 7.685735e-02 9.660983e-02 -3.028837e-02
      vertex 6.726272e-02 1.032202e-01 -3.073951e-02
      vertex 7.546695e-02 1.157777e-01 -3.073951e-02
    endloop
  endfacet
  facet normal -2.900104e-02 1.894733e-02 9.993998e-01
    outer loop
      vertex 7.558920e-02 1.156979e-01 -3.473684e-02
      vertex 6.422003e-02 1.220914e-01 -3.518797e-02
      vertex 6.738497e-02 1.031404e-01 -3.473684e-02
    endloop
  endfacet
  facet normal -3.432446e-02 1.805466e-02 9.992476e-01
    outer loop
      vertex 6.738497e-02 1.031404e-01 -3.473684e-02
      vertex 6.422003e-02 1.220914e-01 -3.518797e-02
      vertex 5.723712e-02 1.088159e-01 -3.518797e-02
    endloop
  endfacet
  facet normal 4.882078e-01 8.727238e-01 -2.506876e-03
    outer loop
      vertex 6.738497e-02 1.031404e-01 -3.473684e-02
      vertex 5.723712e-02 1.088159e-01 -3.518797e-02
      vertex 6.726272e-02 1.032202e-01 -3.073951e-02
    endloop
  endfacet
  facet normal 4.870580e-01 8.733692e-01 8.961891e-04
    outer loop
      vertex 6.726272e-02 1.032202e-01 -3.073951e-02
      vertex 5.723712e-02 1.088159e-01 -3.518797e-02
      vertex 5.710764e-02 1.088840e-01 -3.119065e-02
    endloop
  endfacet
  facet normal -4.902358e-01 -8.715865e-01 2.422130e-03
    outer loop
      vertex 7.558920e-02 1.156979e-01 -3.473684e-02
      vertex 7.546695e-02 1.157777e-01 -3.073951e-02
      vertex 6.422003e-02 1.220914e-01 -3.518797e-02
    endloop
  endfacet
  facet normal -4.892120e-01 -8.721644e-01 -9.864912e-04
    outer loop
      vertex 6.422003e-02 1.220914e-01 -3.518797e-02
      vertex 7.546695e-02 1.157777e-01 -3.073951e-02
      vertex 6.409055e-02 1.221595e-01 -3.119065e-02
    endloop
  endfacet
  facet normal 2.900253e-02 -1.894830e-02 -9.993997e-01
    outer loop
      vertex 7.546695e-02 1.157777e-01 -3.073951e-02
      vertex 6.726272e-02 1.032202e-01 -3.073951e-02
      vertex 6.409055e-02 1.221595e-01 -3.119065e-02
    endloop
  endfacet
  facet normal 3.432249e-02 -1.805362e-02 -9.992477e-01
    outer loop
      vertex 6.726272e-02 1.032202e-01 -3.073951e-02
      vertex 5.710764e-02 1.088840e-01 -3.119065e-02
      vertex 6.409055e-02 1.221595e-01 -3.119065e-02
    endloop
  endfacet
  facet normal -3.071498e-02 1.615607e-02 9.993976e-01
    outer loop
      vertex 6.422003e-02 1.220914e-01 -3.518797e-02
      vertex 5.231984e-02 1.273737e-01 -3.563910e-02
      vertex 5.723712e-02 1.088159e-01 -3.518797e-02
    endloop
  endfacet
  facet normal -3.594772e-02 1.476583e-02 9.992446e-01
    outer loop
      vertex 5.723712e-02 1.088159e-01 -3.518797e-02
      vertex 5.231984e-02 1.273737e-01 -3.563910e-02
      vertex 4.662053e-02 1.134986e-01 -3.563910e-02
    endloop
  endfacet
  facet normal 4.036547e-01 9.149080e-01 -2.513279e-03
    outer loop
      vertex 5.723712e-02 1.088159e-01 -3.518797e-02
      vertex 4.662053e-02 1.134986e-01 -3.563910e-02
      vertex 5.710764e-02 1.088840e-01 -3.119065e-02
    endloop
  endfacet
  facet normal 4.024443e-01 9.154440e-01 8.961291e-04
    outer loop
      vertex 5.710764e-02 1.088840e-01 -3.119065e-02
      vertex 4.662053e-02 1.134986e-01 -3.563910e-02
      vertex 4.648494e-02 1.135543e-01 -3.164178e-02
    endloop
  endfacet
  facet normal -4.057891e-01 -9.139635e-01 2.428045e-03
    outer loop
      vertex 6.422003e-02 1.220914e-01 -3.518797e-02
      vertex 6.409055e-02 1.221595e-01 -3.119065e-02
      vertex 5.231984e-02 1.273737e-01 -3.563910e-02
    endloop
  endfacet
  facet normal -4.047113e-01 -9.144440e-01 -9.869631e-04
    outer loop
      vertex 5.231984e-02 1.273737e-01 -3.563910e-02
      vertex 6.409055e-02 1.221595e-01 -3.119065e-02
      vertex 5.218425e-02 1.274294e-01 -3.164178e-02
    endloop
  endfacet
  facet normal 3.071656e-02 -1.615690e-02 -9.993975e-01
    outer loop
      vertex 6.409055e-02 1.221595e-01 -3.119065e-02
      vertex 5.710764e-02 1.088840e-01 -3.119065e-02
      vertex 5.218425e-02 1.274294e-01 -3.164178e-02
    endloop
  endfacet
  facet normal 3.594565e-02 -1.476498e-02 -9.992447e-01
    outer loop
      vertex 5.710764e-02 1.088840e-01 -3.119065e-02
      vertex 4.648494e-02 1.135543e-01 -3.164178e-02
      vertex 5.218425e-02 1.274294e-01 -3.164178e-02
    endloop
  endfacet
  facet normal -3.216067e-02 1.321027e-02 9.993954e-01
    outer loop
      vertex 5.231984e-02 1.273737e-01 -3.563910e-02
      vertex 3.999667e-02 1.315018e-01 -3.609023e-02
      vertex 4.662053e-02 1.134986e-01 -3.563910e-02
    endloop
  endfacet
  facet normal -3.725627e-02 1.133160e-02 9.992415e-01
    outer loop
      vertex 4.662053e-02 1.134986e-01 -3.563910e-02
      vertex 3.999667e-02 1.315018e-01 -3.609023e-02
      vertex 3.563181e-02 1.171510e-01 -3.609023e-02
    endloop
  endfacet
  facet normal 3.154972e-01 9.489232e-01 -2.519714e-03
    outer loop
      vertex 4.662053e-02 1.134986e-01 -3.563910e-02
      vertex 3.563181e-02 1.171510e-01 -3.609023e-02
      vertex 4.648494e-02 1.135543e-01 -3.164178e-02
    endloop
  endfacet
  facet normal 3.142367e-01 9.493442e-01 8.960613e-04
    outer loop
      vertex 4.648494e-02 1.135543e-01 -3.164178e-02
      vertex 3.563181e-02 1.171510e-01 -3.609023e-02
      vertex 3.549129e-02 1.171937e-01 -3.209292e-02
    endloop
  endfacet
  facet normal -3.177198e-01 -9.481815e-01 2.433987e-03
    outer loop
      vertex 5.231984e-02 1.273737e-01 -3.563910e-02
      vertex 5.218425e-02 1.274294e-01 -3.164178e-02
      vertex 3.999667e-02 1.315018e-01 -3.609023e-02
    endloop
  endfacet
  facet normal -3.165973e-01 -9.485595e-01 -9.874313e-04
    outer loop
      vertex 3.999667e-02 1.315018e-01 -3.609023e-02
      vertex 5.218425e-02 1.274294e-01 -3.164178e-02
      vertex 3.985616e-02 1.315446e-01 -3.209292e-02
    endloop
  endfacet
  facet normal 3.216233e-02 -1.321095e-02 -9.993953e-01
    outer loop
      vertex 5.218425e-02 1.274294e-01 -3.164178e-02
      vertex 4.648494e-02 1.135543e-01 -3.164178e-02
      vertex 3.985616e-02 1.315446e-01 -3.209292e-02
    endloop
  endfacet
  facet normal 3.725412e-02 -1.133095e-02 -9.992416e-01
    outer loop
      vertex 4.648494e-02 1.135543e-01 -3.164178e-02
      vertex 3.549129e-02 1.171937e-01 -3.209292e-02
      vertex 3.985616e-02 1.315446e-01 -3.209292e-02
    endloop
  endfacet
  facet normal -3.332421e-02 1.013566e-02 9.993932e-01
    outer loop
      vertex 3.999667e-02 1.315018e-01 -3.609023e-02
      vertex 2.736195e-02 1.344431e-01 -3.654135e-02
      vertex 3.563181e-02 1.171510e-01 -3.609023e-02
    endloop
  endfacet
  facet normal -3.823714e-02 7.782047e-03 9.992384e-01
    outer loop
      vertex 3.563181e-02 1.171510e-01 -3.609023e-02
      vertex 2.736195e-02 1.344431e-01 -3.654135e-02
      vertex 2.437047e-02 1.197445e-01 -3.654135e-02
    endloop
  endfacet
  facet normal 2.245226e-01 9.744656e-01 -2.526180e-03
    outer loop
      vertex 3.563181e-02 1.171510e-01 -3.609023e-02
      vertex 2.437047e-02 1.197445e-01 -3.654135e-02
      vertex 3.549129e-02 1.171937e-01 -3.209292e-02
    endloop
  endfacet
  facet normal 2.232228e-01 9.747670e-01 8.959855e-04
    outer loop
      vertex 3.549129e-02 1.171937e-01 -3.209292e-02
      vertex 2.437047e-02 1.197445e-01 -3.654135e-02
      vertex 2.422627e-02 1.197738e-01 -3.254406e-02
    endloop
  endfacet
  facet normal -2.268141e-01 -9.739350e-01 2.439957e-03
    outer loop
      vertex 3.999667e-02 1.315018e-01 -3.609023e-02
      vertex 3.985616e-02 1.315446e-01 -3.209292e-02
      vertex 2.736195e-02 1.344431e-01 -3.654135e-02
    endloop
  endfacet
  facet normal -2.256566e-01 -9.742064e-01 -9.878957e-04
    outer loop
      vertex 2.736195e-02 1.344431e-01 -3.654135e-02
      vertex 3.985616e-02 1.315446e-01 -3.209292e-02
      vertex 2.721775e-02 1.344725e-01 -3.254406e-02
    endloop
  endfacet
  facet normal 3.332594e-02 -1.013618e-02 -9.993931e-01
    outer loop
      vertex 3.985616e-02 1.315446e-01 -3.209292e-02
      vertex 3.549129e-02 1.171937e-01 -3.209292e-02
      vertex 2.721775e-02 1.344725e-01 -3.254406e-02
    endloop
  endfacet
  facet normal 3.823492e-02 -7.781596e-03 -9.992385e-01
    outer loop
      vertex 3.549129e-02 1.171937e-01 -3.209292e-02
      vertex 2.422627e-02 1.197738e-01 -3.254406e-02
      vertex 2.721775e-02 1.344725e-01 -3.254406e-02
    endloop
  endfacet
  facet normal -3.419420e-02 6.959225e-03 9.993910e-01
    outer loop
      vertex 2.736195e-02 1.344431e-01 -3.654135e-02
      vertex 1.452949e-02 1.361757e-01 -3.699248e-02
      vertex 2.437047e-02 1.197445e-01 -3.654135e-02
    endloop
  endfacet
  facet normal -3.888024e-02 4.148390e-03 9.992353e-01
    outer loop
      vertex 2.437047e-02 1.197445e-01 -3.654135e-02
      vertex 1.452949e-02 1.361757e-01 -3.699248e-02
      vertex 1.293807e-02 1.212604e-01 -3.699248e-02
    endloop
  endfacet
  facet normal 1.315431e-01 9.913072e-01 -2.532678e-03
    outer loop
      vertex 2.437047e-02 1.197445e-01 -3.654135e-02
      vertex 1.293807e-02 1.212604e-01 -3.699248e-02
      vertex 2.422627e-02 1.197738e-01 -3.254406e-02
    endloop
  endfacet
  facet normal 1.302154e-01 9.914853e-01 8.959016e-04
    outer loop
      vertex 2.422627e-02 1.197738e-01 -3.254406e-02
      vertex 1.293807e-02 1.212604e-01 -3.699248e-02
      vertex 1.279147e-02 1.212760e-01 -3.299520e-02
    endloop
  endfacet
  facet normal -1.338834e-01 -9.909941e-01 2.445954e-03
    outer loop
      vertex 2.736195e-02 1.344431e-01 -3.654135e-02
      vertex 2.721775e-02 1.344725e-01 -3.254406e-02
      vertex 1.452949e-02 1.361757e-01 -3.699248e-02
    endloop
  endfacet
  facet normal -1.327010e-01 -9.911556e-01 -9.883564e-04
    outer loop
      vertex 1.452949e-02 1.361757e-01 -3.699248e-02
      vertex 2.721775e-02 1.344725e-01 -3.254406e-02
      vertex 1.438288e-02 1.361913e-01 -3.299520e-02
    endloop
  endfacet
  facet normal 3.419598e-02 -6.959587e-03 -9.993909e-01
    outer loop
      vertex 2.721775e-02 1.344725e-01 -3.254406e-02
      vertex 2.422627e-02 1.197738e-01 -3.254406e-02
      vertex 1.438288e-02 1.361913e-01 -3.299520e-02
    endloop
  endfacet
  facet normal 3.887797e-02 -4.148148e-03 -9.992354e-01
    outer loop
      vertex 2.422627e-02 1.197738e-01 -3.254406e-02
      vertex 1.279147e-02 1.212760e-01 -3.299520e-02
      vertex 1.438288e-02 1.361913e-01 -3.299520e-02
    endloop
  endfacet
  facet normal -3.476178e-02 3.708965e-03 9.993887e-01
    outer loop
      vertex 1.452949e-02 1.361757e-01 -3.699248e-02
      vertex 1.614434e-03 1.366885e-01 -3.744361e-02
      vertex 1.293807e-02 1.212604e-01 -3.699248e-02
    endloop
  endfacet
  facet normal -3.917842e-02 4.627382e-04 9.992321e-01
    outer loop
      vertex 1.293807e-02 1.212604e-01 -3.699248e-02
      vertex 1.614434e-03 1.366885e-01 -3.744361e-02
      vertex 1.437281e-03 1.216895e-01 -3.744361e-02
    endloop
  endfacet
  facet normal 3.738881e-02 9.992976e-01 -2.539208e-03
    outer loop
      vertex 1.293807e-02 1.212604e-01 -3.699248e-02
      vertex 1.437281e-03 1.216895e-01 -3.744361e-02
      vertex 1.279147e-02 1.212760e-01 -3.299520e-02
    endloop
  endfacet
  facet normal 3.604492e-02 9.993498e-01 8.958096e-04
    outer loop
      vertex 1.279147e-02 1.212760e-01 -3.299520e-02
      vertex 1.437281e-03 1.216895e-01 -3.744361e-02
      vertex 1.289568e-03 1.216913e-01 -3.344634e-02
    endloop
  endfacet
  facet normal -3.975740e-02 -9.992064e-01 2.451979e-03
    outer loop
      vertex 1.452949e-02 1.361757e-01 -3.699248e-02
      vertex 1.438288e-02 1.361913e-01 -3.299520e-02
      vertex 1.614434e-03 1.366885e-01 -3.744361e-02
    endloop
  endfacet
  facet normal -3.856059e-02 -9.992558e-01 -9.888133e-04
    outer loop
      vertex 1.614434e-03 1.366885e-01 -3.744361e-02
      vertex 1.438288e-02 1.361913e-01 -3.299520e-02
      vertex 1.466721e-03 1.366902e-01 -3.344634e-02
    endloop
  endfacet
  facet normal 3.476359e-02 -3.709158e-03 -9.993887e-01
    outer loop
      vertex 1.438288e-02 1.361913e-01 -3.299520e-02
      vertex 1.279147e-02 1.212760e-01 -3.299520e-02
      vertex 1.466721e-03 1.366902e-01 -3.344634e-02
    endloop
  endfacet
  facet normal 3.917613e-02 -4.627112e-04 -9.992322e-01
    outer loop
      vertex 1.279147e-02 1.212760e-01 -3.299520e-02
      vertex 1.289568e-03 1.216913e-01 -3.344634e-02
      vertex 1.466721e-03 1.366902e-01 -3.344634e-02
    endloop
  endfacet
  facet normal -3.502078e-02 4.136321e-04 9.993865e-01
    outer loop
      vertex 1.614434e-03 1.366885e-01 -3.744361e-02
      vertex -1.126773e-02 1.359813e-01 -3.789474e-02
      vertex 1.437281e-03 1.216895e-01 -3.744361e-02
    endloop
  endfacet
  facet normal -3.912762e-02 -3.242207e-03 9.992290e-01
    outer loop
      vertex 1.437281e-03 1.216895e-01 -3.744361e-02
      vertex -1.126773e-02 1.359813e-01 -3.789474e-02
      vertex -1.002904e-02 1.210326e-01 -3.789474e-02
    endloop
  endfacet
  facet normal -5.709946e-02 9.983652e-01 -2.545769e-03
    outer loop
      vertex 1.437281e-03 1.216895e-01 -3.744361e-02
      vertex -1.002904e-02 1.210326e-01 -3.789474e-02
      vertex 1.289568e-03 1.216913e-01 -3.344634e-02
    endloop
  endfacet
  facet normal -5.844764e-02 9.982901e-01 8.957094e-04
    outer loop
      vertex 1.289568e-03 1.216913e-01 -3.344634e-02
      vertex -1.002904e-02 1.210326e-01 -3.789474e-02
      vertex -1.017655e-02 1.210203e-01 -3.389748e-02
    endloop
  endfacet
  facet normal 5.472364e-02 -9.984985e-01 2.458033e-03
    outer loop
      vertex 1.614434e-03 1.366885e-01 -3.744361e-02
      vertex 1.466721e-03 1.366902e-01 -3.344634e-02
      vertex -1.126773e-02 1.359813e-01 -3.789474e-02
    endloop
  endfacet
  facet normal 5.592429e-02 -9.984345e-01 -9.892663e-04
    outer loop
      vertex -1.126773e-02 1.359813e-01 -3.789474e-02
      vertex 1.466721e-03 1.366902e-01 -3.344634e-02
      vertex -1.141524e-02 1.359691e-01 -3.389748e-02
    endloop
  endfacet
  facet normal 3.502261e-02 -4.136538e-04 -9.993864e-01
    outer loop
      vertex 1.466721e-03 1.366902e-01 -3.344634e-02
      vertex 1.289568e-03 1.216913e-01 -3.344634e-02
      vertex -1.141524e-02 1.359691e-01 -3.389748e-02
    endloop
  endfacet
  facet normal 3.912532e-02 3.242017e-03 -9.992291e-01
    outer loop
      vertex 1.289568e-03 1.216913e-01 -3.344634e-02
      vertex -1.017655e-02 1.210203e-01 -3.389748e-02
      vertex -1.141524e-02 1.359691e-01 -3.389748e-02
    endloop
  endfacet
  facet normal -3.496775e-02 -2.897510e-03 9.993842e-01
    outer loop
      vertex -1.126773e-02 1.359813e-01 -3.789474e-02
      vertex -2.400226e-02 1.340651e-01 -3.834586e-02
      vertex -1.002904e-02 1.210326e-01 -3.789474e-02
    endloop
  endfacet
  facet normal -3.872685e-02 -6.933439e-03 9.992258e-01
    outer loop
      vertex -1.002904e-02 1.210326e-01 -3.789474e-02
      vertex -2.400226e-02 1.340651e-01 -3.834586e-02
      vertex -2.135878e-02 1.192998e-01 -3.834586e-02
    endloop
  endfacet
  facet normal -1.510781e-01 9.885185e-01 -2.552363e-03
    outer loop
      vertex -1.002904e-02 1.210326e-01 -3.789474e-02
      vertex -2.135878e-02 1.192998e-01 -3.834586e-02
      vertex -1.017655e-02 1.210203e-01 -3.389748e-02
    endloop
  endfacet
  facet normal -1.524185e-01 9.883156e-01 8.956008e-04
    outer loop
      vertex -1.017655e-02 1.210203e-01 -3.389748e-02
      vertex -2.135878e-02 1.192998e-01 -3.834586e-02
      vertex -2.150475e-02 1.192737e-01 -3.434861e-02
    endloop
  endfacet
  facet normal 1.487163e-01 -9.888768e-01 2.464114e-03
    outer loop
      vertex -1.126773e-02 1.359813e-01 -3.789474e-02
      vertex -1.141524e-02 1.359691e-01 -3.389748e-02
      vertex -2.400226e-02 1.340651e-01 -3.834586e-02
    endloop
  endfacet
  facet normal 1.499100e-01 -9.886991e-01 -9.897153e-04
    outer loop
      vertex -2.400226e-02 1.340651e-01 -3.834586e-02
      vertex -1.141524e-02 1.359691e-01 -3.389748e-02
      vertex -2.414824e-02 1.340389e-01 -3.434861e-02
    endloop
  endfacet
  facet normal 3.496959e-02 2.897663e-03 -9.993842e-01
    outer loop
      vertex -1.141524e-02 1.359691e-01 -3.389748e-02
      vertex -1.017655e-02 1.210203e-01 -3.389748e-02
      vertex -2.414824e-02 1.340389e-01 -3.434861e-02
    endloop
  endfacet
  facet normal 3.872457e-02 6.933030e-03 -9.992259e-01
    outer loop
      vertex -1.017655e-02 1.210203e-01 -3.389748e-02
      vertex -2.150475e-02 1.192737e-01 -3.434861e-02
      vertex -2.414824e-02 1.340389e-01 -3.434861e-02
    endloop
  endfacet
  facet normal -3.460202e-02 -6.194951e-03 9.993820e-01
    outer loop
      vertex -2.400226e-02 1.340651e-01 -3.834586e-02
      vertex -3.647612e-02 1.309612e-01 -3.879699e-02
      vertex -2.135878e-02 1.192998e-01 -3.834586e-02
    endloop
  endfacet
  facet normal -3.797825e-02 -1.057793e-02 9.992226e-01
    outer loop
      vertex -2.135878e-02 1.192998e-01 -3.834586e-02
      vertex -3.647612e-02 1.309612e-01 -3.879699e-02
      vertex -3.245142e-02 1.165112e-01 -3.879699e-02
    endloop
  endfacet
  facet normal -2.437079e-01 9.698453e-01 -2.558989e-03
    outer loop
      vertex -2.135878e-02 1.192998e-01 -3.834586e-02
      vertex -3.245142e-02 1.165112e-01 -3.879699e-02
      vertex -2.150475e-02 1.192737e-01 -3.434861e-02
    endloop
  endfacet
  facet normal -2.450284e-01 9.695155e-01 8.954838e-04
    outer loop
      vertex -2.150475e-02 1.192737e-01 -3.434861e-02
      vertex -3.245142e-02 1.165112e-01 -3.879699e-02
      vertex -3.259456e-02 1.164714e-01 -3.479975e-02
    endloop
  endfacet
  facet normal 2.413814e-01 -9.704272e-01 2.470224e-03
    outer loop
      vertex -2.400226e-02 1.340651e-01 -3.834586e-02
      vertex -2.414824e-02 1.340389e-01 -3.434861e-02
      vertex -3.647612e-02 1.309612e-01 -3.879699e-02
    endloop
  endfacet
  facet normal 2.425575e-01 -9.701365e-01 -9.901604e-04
    outer loop
      vertex -3.647612e-02 1.309612e-01 -3.879699e-02
      vertex -2.414824e-02 1.340389e-01 -3.434861e-02
      vertex -3.661926e-02 1.309213e-01 -3.479975e-02
    endloop
  endfacet
  facet normal 3.460384e-02 6.195278e-03 -9.993819e-01
    outer loop
      vertex -2.414824e-02 1.340389e-01 -3.434861e-02
      vertex -2.150475e-02 1.192737e-01 -3.434861e-02
      vertex -3.661926e-02 1.309213e-01 -3.479975e-02
    endloop
  endfacet
  facet normal 3.797600e-02 1.057731e-02 -9.992227e-01
    outer loop
      vertex -2.150475e-02 1.192737e-01 -3.434861e-02
      vertex -3.259456e-02 1.164714e-01 -3.479975e-02
      vertex -3.661926e-02 1.309213e-01 -3.479975e-02
    endloop
  endfacet
  facet normal -3.392569e-02 -9.449193e-03 9.993797e-01
    outer loop
      vertex -3.647612e-02 1.309612e-01 -3.879699e-02
      vertex -4.857904e-02 1.267018e-01 -3.924812e-02
      vertex -3.245142e-02 1.165112e-01 -3.879699e-02
    endloop
  endfacet
  facet normal -3.688706e-02 -1.414296e-02 9.992194e-01
    outer loop
      vertex -3.245142e-02 1.165112e-01 -3.879699e-02
      vertex -4.857904e-02 1.267018e-01 -3.924812e-02
      vertex -4.320903e-02 1.126960e-01 -3.924812e-02
    endloop
  endfacet
  facet normal -3.341618e-01 9.425122e-01 -2.565648e-03
    outer loop
      vertex -3.245142e-02 1.165112e-01 -3.879699e-02
      vertex -4.320903e-02 1.126960e-01 -3.924812e-02
      vertex -3.259456e-02 1.164714e-01 -3.479975e-02
    endloop
  endfacet
  facet normal -3.354504e-01 9.420574e-01 8.953583e-04
    outer loop
      vertex -3.259456e-02 1.164714e-01 -3.479975e-02
      vertex -4.320903e-02 1.126960e-01 -3.924812e-02
      vertex -4.334804e-02 1.126427e-01 -3.525089e-02
    endloop
  endfacet
  facet normal 3.318918e-01 -9.433142e-01 2.476363e-03
    outer loop
      vertex -3.647612e-02 1.309612e-01 -3.879699e-02
      vertex -3.661926e-02 1.309213e-01 -3.479975e-02
      vertex -4.857904e-02 1.267018e-01 -3.924812e-02
    endloop
  endfacet
  facet normal 3.330395e-01 -9.429124e-01 -9.906014e-04
    outer loop
      vertex -4.857904e-02 1.267018e-01 -3.924812e-02
      vertex -3.661926e-02 1.309213e-01 -3.479975e-02
      vertex -4.871805e-02 1.266485e-01 -3.525089e-02
    endloop
  endfacet
  facet normal 3.392749e-02 9.449694e-03 -9.993796e-01
    outer loop
      vertex -3.661926e-02 1.309213e-01 -3.479975e-02
      vertex -3.259456e-02 1.164714e-01 -3.479975e-02
      vertex -4.871805e-02 1.266485e-01 -3.525089e-02
    endloop
  endfacet
  facet normal 3.688486e-02 1.414211e-02 -9.992194e-01
    outer loop
      vertex -3.259456e-02 1.164714e-01 -3.479975e-02
      vertex -4.334804e-02 1.126427e-01 -3.525089e-02
      vertex -4.871805e-02 1.266485e-01 -3.525089e-02
    endloop
  endfacet
  facet normal -3.294368e-02 -1.263101e-02 9.993774e-01
    outer loop
      vertex -4.857904e-02 1.267018e-01 -3.924812e-02
      vertex -6.020445e-02 1.213290e-01 -3.969925e-02
      vertex -4.320903e-02 1.126960e-01 -3.924812e-02
    endloop
  endfacet
  facet normal -3.546160e-02 -1.759633e-02 9.992161e-01
    outer loop
      vertex -4.320903e-02 1.126960e-01 -3.924812e-02
      vertex -6.020445e-02 1.213290e-01 -3.969925e-02
      vertex -5.353703e-02 1.078923e-01 -3.969925e-02
    endloop
  endfacet
  facet normal -4.216321e-01 9.067634e-01 -2.572340e-03
    outer loop
      vertex -4.320903e-02 1.126960e-01 -3.924812e-02
      vertex -5.353703e-02 1.078923e-01 -3.969925e-02
      vertex -4.334804e-02 1.126427e-01 -3.525089e-02
    endloop
  endfacet
  facet normal -4.228771e-01 9.061866e-01 8.952241e-04
    outer loop
      vertex -4.334804e-02 1.126427e-01 -3.525089e-02
      vertex -5.353703e-02 1.078923e-01 -3.969925e-02
      vertex -5.367066e-02 1.078260e-01 -3.570203e-02
    endloop
  endfacet
  facet normal 4.194394e-01 -9.077800e-01 2.482530e-03
    outer loop
      vertex -4.857904e-02 1.267018e-01 -3.924812e-02
      vertex -4.871805e-02 1.266485e-01 -3.525089e-02
      vertex -6.020445e-02 1.213290e-01 -3.969925e-02
    endloop
  endfacet
  facet normal 4.205483e-01 -9.072696e-01 -9.910382e-04
    outer loop
      vertex -6.020445e-02 1.213290e-01 -3.969925e-02
      vertex -4.871805e-02 1.266485e-01 -3.525089e-02
      vertex -6.033807e-02 1.212627e-01 -3.570203e-02
    endloop
  endfacet
  facet normal 3.294543e-02 1.263169e-02 -9.993773e-01
    outer loop
      vertex -4.871805e-02 1.266485e-01 -3.525089e-02
      vertex -4.334804e-02 1.126427e-01 -3.525089e-02
      vertex -6.033807e-02 1.212627e-01 -3.570203e-02
    endloop
  endfacet
  facet normal 3.545949e-02 1.759528e-02 -9.992162e-01
    outer loop
      vertex -4.334804e-02 1.126427e-01 -3.525089e-02
      vertex -5.367066e-02 1.078260e-01 -3.570203e-02
      vertex -6.033807e-02 1.212627e-01 -3.570203e-02
    endloop
  endfacet
  facet normal -3.166360e-02 -1.571173e-02 9.993751e-01
    outer loop
      vertex -6.020445e-02 1.213290e-01 -3.969925e-02
      vertex -7.125043e-02 1.148950e-01 -4.015038e-02
      vertex -5.353703e-02 1.078923e-01 -3.969925e-02
    endloop
  endfacet
  facet normal -3.371323e-02 -2.090676e-02 9.992129e-01
    outer loop
      vertex -5.353703e-02 1.078923e-01 -3.969925e-02
      vertex -7.125043e-02 1.148950e-01 -4.015038e-02
      vertex -6.334509e-02 1.021472e-01 -4.015038e-02
    endloop
  endfacet
  facet normal -5.053377e-01 8.629178e-01 -2.579065e-03
    outer loop
      vertex -5.353703e-02 1.078923e-01 -3.969925e-02
      vertex -6.334509e-02 1.021472e-01 -4.015038e-02
      vertex -5.367066e-02 1.078260e-01 -3.570203e-02
    endloop
  endfacet
  facet normal -5.065275e-01 8.622233e-01 8.950812e-04
    outer loop
      vertex -5.367066e-02 1.078260e-01 -3.570203e-02
      vertex -6.334509e-02 1.021472e-01 -4.015038e-02
      vertex -6.347211e-02 1.020684e-01 -3.615317e-02
    endloop
  endfacet
  facet normal 5.032426e-01 -8.641416e-01 2.488727e-03
    outer loop
      vertex -6.020445e-02 1.213290e-01 -3.969925e-02
      vertex -6.033807e-02 1.212627e-01 -3.570203e-02
      vertex -7.125043e-02 1.148950e-01 -4.015038e-02
    endloop
  endfacet
  facet normal 5.043024e-01 -8.635266e-01 -9.914709e-04
    outer loop
      vertex -7.125043e-02 1.148950e-01 -4.015038e-02
      vertex -6.033807e-02 1.212627e-01 -3.570203e-02
      vertex -7.137745e-02 1.148162e-01 -3.615317e-02
    endloop
  endfacet
  facet normal 3.166530e-02 1.571257e-02 -9.993750e-01
    outer loop
      vertex -6.033807e-02 1.212627e-01 -3.570203e-02
      vertex -5.367066e-02 1.078260e-01 -3.570203e-02
      vertex -7.137745e-02 1.148162e-01 -3.615317e-02
    endloop
  endfacet
  facet normal 3.371121e-02 2.090551e-02 -9.992129e-01
    outer loop
      vertex -5.367066e-02 1.078260e-01 -3.570203e-02
      vertex -6.347211e-02 1.020684e-01 -3.615317e-02
      vertex -7.137745e-02 1.148162e-01 -3.615317e-02
    endloop
  endfacet
  facet normal -3.009580e-02 -1.866346e-02 9.993728e-01
    outer loop
      vertex -7.125043e-02 1.148950e-01 -4.015038e-02
      vertex -8.162064e-02 1.074609e-01 -4.060150e-02
      vertex -6.334509e-02 1.021472e-01 -4.015038e-02
    endloop
  endfacet
  facet normal -3.165621e-02 -2.404409e-02 9.992096e-01
    outer loop
      vertex -6.334509e-02 1.021472e-01 -4.015038e-02
      vertex -8.162064e-02 1.074609e-01 -4.060150e-02
      vertex -7.254789e-02 9.551583e-02 -4.060150e-02
    endloop
  endfacet
  facet normal -5.845313e-01 8.113670e-01 -2.585823e-03
    outer loop
      vertex -6.334509e-02 1.021472e-01 -4.015038e-02
      vertex -7.254789e-02 9.551583e-02 -4.060150e-02
      vertex -6.347211e-02 1.020684e-01 -3.615317e-02
    endloop
  endfacet
  facet normal -5.856548e-01 8.105601e-01 8.949294e-04
    outer loop
      vertex -6.347211e-02 1.020684e-01 -3.615317e-02
      vertex -7.254789e-02 9.551583e-02 -4.060150e-02
      vertex -7.266714e-02 9.542525e-02 -3.660431e-02
    endloop
  endfacet
  facet normal 5.825533e-01 -8.127887e-01 2.494953e-03
    outer loop
      vertex -7.125043e-02 1.148950e-01 -4.015038e-02
      vertex -7.137745e-02 1.148162e-01 -3.615317e-02
      vertex -8.162064e-02 1.074609e-01 -4.060150e-02
    endloop
  endfacet
  facet normal 5.835541e-01 -8.120736e-01 -9.918994e-04
    outer loop
      vertex -8.162064e-02 1.074609e-01 -4.060150e-02
      vertex -7.137745e-02 1.148162e-01 -3.615317e-02
      vertex -8.173989e-02 1.073703e-01 -3.660431e-02
    endloop
  endfacet
  facet normal 3.009741e-02 1.866447e-02 -9.993727e-01
    outer loop
      vertex -7.137745e-02 1.148162e-01 -3.615317e-02
      vertex -6.347211e-02 1.020684e-01 -3.615317e-02
      vertex -8.173989e-02 1.073703e-01 -3.660431e-02
    endloop
  endfacet
  facet normal 3.165430e-02 2.404264e-02 -9.992097e-01
    outer loop
      vertex -6.347211e-02 1.020684e-01 -3.615317e-02
      vertex -7.266714e-02 9.542525e-02 -3.660431e-02
      vertex -8.173989e-02 1.073703e-01 -3.660431e-02
    endloop
  endfacet
  facet normal -2.825319e-02 -2.145937e-02 9.993704e-01
    outer loop
      vertex -8.162064e-02 1.074609e-01 -4.060150e-02
      vertex -9.122507e-02 9.909685e-02 -4.105263e-02
      vertex -7.254789e-02 9.551583e-02 -4.060150e-02
    endloop
  endfacet
  facet normal -2.930763e-02 -2.697957e-02 9.992063e-01
    outer loop
      vertex -7.254789e-02 9.551583e-02 -4.060150e-02
      vertex -9.122507e-02 9.909685e-02 -4.105263e-02
      vertex -8.106585e-02 8.806099e-02 -4.105263e-02
    endloop
  endfacet
  facet normal -6.585057e-01 7.525713e-01 -2.592615e-03
    outer loop
      vertex -7.254789e-02 9.551583e-02 -4.060150e-02
      vertex -8.106585e-02 8.806099e-02 -4.105263e-02
      vertex -7.266714e-02 9.542525e-02 -3.660431e-02
    endloop
  endfacet
  facet normal -6.595522e-01 7.516582e-01 8.947687e-04
    outer loop
      vertex -7.266714e-02 9.542525e-02 -3.660431e-02
      vertex -8.106585e-02 8.806099e-02 -4.105263e-02
      vertex -8.117625e-02 8.795936e-02 -3.705545e-02
    endloop
  endfacet
  facet normal 6.566635e-01 -7.541796e-01 2.501208e-03
    outer loop
      vertex -8.162064e-02 1.074609e-01 -4.060150e-02
      vertex -8.173989e-02 1.073703e-01 -3.660431e-02
      vertex -9.122507e-02 9.909685e-02 -4.105263e-02
    endloop
  endfacet
  facet normal 6.575959e-01 -7.533702e-01 -9.923235e-04
    outer loop
      vertex -9.122507e-02 9.909685e-02 -4.105263e-02
      vertex -8.173989e-02 1.073703e-01 -3.660431e-02
      vertex -9.133547e-02 9.899522e-02 -3.705545e-02
    endloop
  endfacet
  facet normal 2.825471e-02 2.146052e-02 -9.993704e-01
    outer loop
      vertex -8.173989e-02 1.073703e-01 -3.660431e-02
      vertex -7.266714e-02 9.542525e-02 -3.660431e-02
      vertex -9.133547e-02 9.899522e-02 -3.705545e-02
    endloop
  endfacet
  facet normal 2.930586e-02 2.697794e-02 -9.992064e-01
    outer loop
      vertex -7.266714e-02 9.542525e-02 -3.660431e-02
      vertex -8.117625e-02 8.795936e-02 -3.705545e-02
      vertex -9.133547e-02 9.899522e-02 -3.705545e-02
    endloop
  endfacet
  facet normal -2.615122e-02 -2.407390e-02 9.993681e-01
    outer loop
      vertex -9.122507e-02 9.909685e-02 -4.105263e-02
      vertex -9.998094e-02 8.988080e-02 -4.150376e-02
      vertex -8.106585e-02 8.806099e-02 -4.105263e-02
    endloop
  endfacet
  facet normal -2.668724e-02 -2.968615e-02 9.992029e-01
    outer loop
      vertex -8.106585e-02 8.806099e-02 -4.105263e-02
      vertex -9.998094e-02 8.988080e-02 -4.150376e-02
      vertex -8.882587e-02 7.985262e-02 -4.150376e-02
    endloop
  endfacet
  facet normal -7.266003e-01 6.870555e-01 -2.599441e-03
    outer loop
      vertex -8.106585e-02 8.806099e-02 -4.105263e-02
      vertex -8.882587e-02 7.985262e-02 -4.150376e-02
      vertex -8.117625e-02 8.795936e-02 -3.705545e-02
    endloop
  endfacet
  facet normal -7.275598e-01 6.860437e-01 8.945989e-04
    outer loop
      vertex -8.117625e-02 8.795936e-02 -3.705545e-02
      vertex -8.882587e-02 7.985262e-02 -4.150376e-02
      vertex -8.892638e-02 7.974082e-02 -3.750659e-02
    endloop
  endfacet
  facet normal 7.249114e-01 -6.888375e-01 2.507493e-03
    outer loop
      vertex -9.122507e-02 9.909685e-02 -4.105263e-02
      vertex -9.133547e-02 9.899522e-02 -3.705545e-02
      vertex -9.998094e-02 8.988080e-02 -4.150376e-02
    endloop
  endfacet
  facet normal 7.257665e-01 -6.879404e-01 -9.927434e-04
    outer loop
      vertex -9.998094e-02 8.988080e-02 -4.150376e-02
      vertex -9.133547e-02 9.899522e-02 -3.705545e-02
      vertex -1.000815e-01 8.976899e-02 -3.750659e-02
    endloop
  endfacet
  facet normal 2.615264e-02 2.407520e-02 -9.993680e-01
    outer loop
      vertex -9.133547e-02 9.899522e-02 -3.705545e-02
      vertex -8.117625e-02 8.795936e-02 -3.705545e-02
      vertex -1.000815e-01 8.976899e-02 -3.750659e-02
    endloop
  endfacet
  facet normal 2.668562e-02 2.968435e-02 -9.992030e-01
    outer loop
      vertex -8.117625e-02 8.795936e-02 -3.705545e-02
      vertex -8.892638e-02 7.974082e-02 -3.750659e-02
      vertex -1.000815e-01 8.976899e-02 -3.750659e-02
    endloop
  endfacet
  facet normal -2.380769e-02 -2.648302e-02 9.993657e-01
    outer loop
      vertex -9.998094e-02 8.988080e-02 -4.150376e-02
      vertex -1.078133e-01 7.989813e-02 -4.195489e-02
      vertex -8.882587e-02 7.985262e-02 -4.150376e-02
    endloop
  endfacet
  facet normal -2.381730e-02 -3.213870e-02 9.991996e-01
    outer loop
      vertex -8.882587e-02 7.985262e-02 -4.150376e-02
      vertex -1.078133e-01 7.989813e-02 -4.195489e-02
      vertex -9.576189e-02 7.096709e-02 -4.195489e-02
    endloop
  endfacet
  facet normal -7.882069e-01 6.154048e-01 -2.606301e-03
    outer loop
      vertex -8.882587e-02 7.985262e-02 -4.150376e-02
      vertex -9.576189e-02 7.096709e-02 -4.195489e-02
      vertex -8.892638e-02 7.974082e-02 -3.750659e-02
    endloop
  endfacet
  facet normal -7.890702e-01 6.143024e-01 8.944199e-04
    outer loop
      vertex -8.892638e-02 7.974082e-02 -3.750659e-02
      vertex -9.576189e-02 7.096709e-02 -4.195489e-02
      vertex -9.585159e-02 7.084606e-02 -3.795772e-02
    endloop
  endfacet
  facet normal 7.866879e-01 -6.173459e-01 2.513808e-03
    outer loop
      vertex -9.998094e-02 8.988080e-02 -4.150376e-02
      vertex -1.000815e-01 8.976899e-02 -3.750659e-02
      vertex -1.078133e-01 7.989813e-02 -4.195489e-02
    endloop
  endfacet
  facet normal 7.874574e-01 -6.163682e-01 -9.931588e-04
    outer loop
      vertex -1.078133e-01 7.989813e-02 -4.195489e-02
      vertex -1.000815e-01 8.976899e-02 -3.750659e-02
      vertex -1.079030e-01 7.977710e-02 -3.795772e-02
    endloop
  endfacet
  facet normal 2.380898e-02 2.648446e-02 -9.993657e-01
    outer loop
      vertex -1.000815e-01 8.976899e-02 -3.750659e-02
      vertex -8.892638e-02 7.974082e-02 -3.750659e-02
      vertex -1.079030e-01 7.977710e-02 -3.795772e-02
    endloop
  endfacet
  facet normal 2.381585e-02 3.213674e-02 -9.991997e-01
    outer loop
      vertex -8.892638e-02 7.974082e-02 -3.750659e-02
      vertex -9.585159e-02 7.084606e-02 -3.795772e-02
      vertex -1.079030e-01 7.977710e-02 -3.795772e-02
    endloop
  endfacet
  facet normal -2.124263e-02 -2.866447e-02 9.993633e-01
    outer loop
      vertex -1.078133e-01 7.989813e-02 -4.195489e-02
      vertex -1.146558e-01 6.924072e-02 -4.240602e-02
      vertex -9.576189e-02 7.096709e-02 -4.195489e-02
    endloop
  endfacet
  facet normal -2.072240e-02 -3.431424e-02 9.991962e-01
    outer loop
      vertex -9.576189e-02 7.096709e-02 -4.195489e-02
      vertex -1.146558e-01 6.924072e-02 -4.240602e-02
      vertex -1.018155e-01 6.148649e-02 -4.240602e-02
    endloop
  endfacet
  facet normal -8.427756e-01 5.382587e-01 -2.613195e-03
    outer loop
      vertex -9.576189e-02 7.096709e-02 -4.195489e-02
      vertex -1.018155e-01 6.148649e-02 -4.240602e-02
      vertex -9.585159e-02 7.084606e-02 -3.795772e-02
    endloop
  endfacet
  facet normal -8.435340e-01 5.370750e-01 8.942317e-04
    outer loop
      vertex -9.585159e-02 7.084606e-02 -3.795772e-02
      vertex -1.018155e-01 6.148649e-02 -4.240602e-02
      vertex -1.018935e-01 6.135728e-02 -3.840886e-02
    endloop
  endfacet
  facet normal 8.414412e-01 -5.403427e-01 2.520152e-03
    outer loop
      vertex -1.078133e-01 7.989813e-02 -4.195489e-02
      vertex -1.079030e-01 7.977710e-02 -3.795772e-02
      vertex -1.146558e-01 6.924072e-02 -4.240602e-02
    endloop
  endfacet
  facet normal 8.421177e-01 -5.392928e-01 -9.935697e-04
    outer loop
      vertex -1.146558e-01 6.924072e-02 -4.240602e-02
      vertex -1.079030e-01 7.977710e-02 -3.795772e-02
      vertex -1.147338e-01 6.911152e-02 -3.840886e-02
    endloop
  endfacet
  facet normal 2.124378e-02 2.866603e-02 -9.993633e-01
    outer loop
      vertex -1.079030e-01 7.977710e-02 -3.795772e-02
      vertex -9.585159e-02 7.084606e-02 -3.795772e-02
      vertex -1.147338e-01 6.911152e-02 -3.840886e-02
    endloop
  endfacet
  facet normal 2.072114e-02 3.431214e-02 -9.991963e-01
    outer loop
      vertex -9.585159e-02 7.084606e-02 -3.795772e-02
      vertex -1.018935e-01 6.135728e-02 -3.840886e-02
      vertex -1.147338e-01 6.911152e-02 -3.840886e-02
    endloop
  endfacet
  facet normal -1.847810e-02 -3.059790e-02 9.993610e-01
    outer loop
      vertex -1.146558e-01 6.924072e-02 -4.240602e-02
      vertex -1.204510e-01 5.800612e-02 -4.285714e-02
      vertex -1.018155e-01 6.148649e-02 -4.240602e-02
    endloop
  endfacet
  facet normal -1.742924e-02 -3.619219e-02 9.991928e-01
    outer loop
      vertex -1.018155e-01 6.148649e-02 -4.240602e-02
      vertex -1.204510e-01 5.800612e-02 -4.285714e-02
      vertex -1.069364e-01 5.149787e-02 -4.285714e-02
    endloop
  endfacet
  facet normal -8.898189e-01 4.563062e-01 -2.620124e-03
    outer loop
      vertex -1.018155e-01 6.148649e-02 -4.240602e-02
      vertex -1.069364e-01 5.149787e-02 -4.285714e-02
      vertex -1.018935e-01 6.135728e-02 -3.840886e-02
    endloop
  endfacet
  facet normal -8.904649e-01 4.550511e-01 8.940340e-04
    outer loop
      vertex -1.018935e-01 6.135728e-02 -3.840886e-02
      vertex -1.069364e-01 5.149787e-02 -4.285714e-02
      vertex -1.070020e-01 5.136161e-02 -3.886000e-02
    endloop
  endfacet
  facet normal 8.886828e-01 -4.585156e-01 2.526527e-03
    outer loop
      vertex -1.146558e-01 6.924072e-02 -4.240602e-02
      vertex -1.147338e-01 6.911152e-02 -3.840886e-02
      vertex -1.204510e-01 5.800612e-02 -4.285714e-02
    endloop
  endfacet
  facet normal 8.892593e-01 -4.574023e-01 -9.939761e-04
    outer loop
      vertex -1.204510e-01 5.800612e-02 -4.285714e-02
      vertex -1.147338e-01 6.911152e-02 -3.840886e-02
      vertex -1.205166e-01 5.786986e-02 -3.886000e-02
    endloop
  endfacet
  facet normal 1.847911e-02 3.059958e-02 -9.993609e-01
    outer loop
      vertex -1.147338e-01 6.911152e-02 -3.840886e-02
      vertex -1.018935e-01 6.135728e-02 -3.840886e-02
      vertex -1.205166e-01 5.786986e-02 -3.886000e-02
    endloop
  endfacet
  facet normal 1.742817e-02 3.618997e-02 -9.991929e-01
    outer loop
      vertex -1.018935e-01 6.135728e-02 -3.840886e-02
      vertex -1.070020e-01 5.136161e-02 -3.886000e-02
      vertex -1.205166e-01 5.786986e-02 -3.886000e-02
    endloop
  endfacet
  facet normal -1.553806e-02 -3.226512e-02 9.993586e-01
    outer loop
      vertex -1.204510e-01 5.800612e-02 -4.285714e-02
      vertex -1.251512e-01 4.629668e-02 -4.330827e-02
      vertex -1.069364e-01 5.149787e-02 -4.285714e-02
    endloop
  endfacet
  facet normal -1.396639e-02 -3.775453e-02 9.991894e-01
    outer loop
      vertex -1.069364e-01 5.149787e-02 -4.285714e-02
      vertex -1.251512e-01 4.629668e-02 -4.330827e-02
      vertex -1.110829e-01 4.109246e-02 -4.330827e-02
    endloop
  endfacet
  facet normal -9.289169e-01 3.702790e-01 -2.627088e-03
    outer loop
      vertex -1.069364e-01 5.149787e-02 -4.285714e-02
      vertex -1.110829e-01 4.109246e-02 -4.330827e-02
      vertex -1.070020e-01 5.136161e-02 -3.886000e-02
    endloop
  endfacet
  facet normal -9.294436e-01 3.689632e-01 8.938269e-04
    outer loop
      vertex -1.070020e-01 5.136161e-02 -3.886000e-02
      vertex -1.110829e-01 4.109246e-02 -4.330827e-02
      vertex -1.111355e-01 4.095034e-02 -3.931114e-02
    endloop
  endfacet
  facet normal 9.279906e-01 -3.725950e-01 2.532933e-03
    outer loop
      vertex -1.204510e-01 5.800612e-02 -4.285714e-02
      vertex -1.205166e-01 5.786986e-02 -3.886000e-02
      vertex -1.251512e-01 4.629668e-02 -4.330827e-02
    endloop
  endfacet
  facet normal 9.284613e-01 -3.714277e-01 -9.943779e-04
    outer loop
      vertex -1.251512e-01 4.629668e-02 -4.330827e-02
      vertex -1.205166e-01 5.786986e-02 -3.886000e-02
      vertex -1.252037e-01 4.615456e-02 -3.931114e-02
    endloop
  endfacet
  facet normal 1.553892e-02 3.226690e-02 -9.993585e-01
    outer loop
      vertex -1.205166e-01 5.786986e-02 -3.886000e-02
      vertex -1.070020e-01 5.136161e-02 -3.886000e-02
      vertex -1.252037e-01 4.615456e-02 -3.931114e-02
    endloop
  endfacet
  facet normal 1.396552e-02 3.775219e-02 -9.991895e-01
    outer loop
      vertex -1.070020e-01 5.136161e-02 -3.886000e-02
      vertex -1.111355e-01 4.095034e-02 -3.931114e-02
      vertex -1.252037e-01 4.615456e-02 -3.931114e-02
    endloop
  endfacet
  facet normal -1.244811e-02 -3.365025e-02 9.993561e-01
    outer loop
      vertex -1.251512e-01 4.629668e-02 -4.330827e-02
      vertex -1.287185e-01 3.421860e-02 -4.375940e-02
      vertex -1.110829e-01 4.109246e-02 -4.330827e-02
    endloop
  endfacet
  facet normal -1.036405e-02 -3.898596e-02 9.991860e-01
    outer loop
      vertex -1.110829e-01 4.109246e-02 -4.330827e-02
      vertex -1.287185e-01 3.421860e-02 -4.375940e-02
      vertex -1.142220e-01 3.036484e-02 -4.375940e-02
    endloop
  endfacet
  facet normal -9.597202e-01 2.809453e-01 -2.634087e-03
    outer loop
      vertex -1.110829e-01 4.109246e-02 -4.330827e-02
      vertex -1.142220e-01 3.036484e-02 -4.375940e-02
      vertex -1.111355e-01 4.095034e-02 -3.931114e-02
    endloop
  endfacet
  facet normal -9.601220e-01 2.795800e-01 8.936101e-04
    outer loop
      vertex -1.111355e-01 4.095034e-02 -3.931114e-02
      vertex -1.142220e-01 3.036484e-02 -4.375940e-02
      vertex -1.142610e-01 3.021810e-02 -3.976228e-02
    endloop
  endfacet
  facet normal 9.590138e-01 -2.833478e-01 2.539369e-03
    outer loop
      vertex -1.251512e-01 4.629668e-02 -4.330827e-02
      vertex -1.252037e-01 4.615456e-02 -3.931114e-02
      vertex -1.287185e-01 3.421860e-02 -4.375940e-02
    endloop
  endfacet
  facet normal 9.593737e-01 -2.821367e-01 -9.947750e-04
    outer loop
      vertex -1.287185e-01 3.421860e-02 -4.375940e-02
      vertex -1.252037e-01 4.615456e-02 -3.931114e-02
      vertex -1.287575e-01 3.407186e-02 -3.976228e-02
    endloop
  endfacet
  facet normal 1.244879e-02 3.365210e-02 -9.993561e-01
    outer loop
      vertex -1.252037e-01 4.615456e-02 -3.931114e-02
      vertex -1.111355e-01 4.095034e-02 -3.931114e-02
      vertex -1.287575e-01 3.407186e-02 -3.976228e-02
    endloop
  endfacet
  facet normal 1.036341e-02 3.898354e-02 -9.991861e-01
    outer loop
      vertex -1.111355e-01 4.095034e-02 -3.931114e-02
      vertex -1.142610e-01 3.021810e-02 -3.976228e-02
      vertex -1.287575e-01 3.407186e-02 -3.976228e-02
    endloop
  endfacet
  facet normal -9.235259e-03 -3.473984e-02 9.993537e-01
    outer loop
      vertex -1.287185e-01 3.421860e-02 -4.375940e-02
      vertex -1.311255e-01 2.188097e-02 -4.421053e-02
      vertex -1.142220e-01 3.036484e-02 -4.375940e-02
    endloop
  endfacet
  facet normal -6.653808e-03 -3.987409e-02 9.991826e-01
    outer loop
      vertex -1.142220e-01 3.036484e-02 -4.375940e-02
      vertex -1.311255e-01 2.188097e-02 -4.421053e-02
      vertex -1.163301e-01 1.941205e-02 -4.421053e-02
    endloop
  endfacet
  facet normal -9.819538e-01 1.891027e-01 -2.641122e-03
    outer loop
      vertex -1.142220e-01 3.036484e-02 -4.375940e-02
      vertex -1.163301e-01 1.941205e-02 -4.421053e-02
      vertex -1.142610e-01 3.021810e-02 -3.976228e-02
    endloop
  endfacet
  facet normal -9.822260e-01 1.876999e-01 8.933836e-04
    outer loop
      vertex -1.142610e-01 3.021810e-02 -3.976228e-02
      vertex -1.163301e-01 1.941205e-02 -4.421053e-02
      vertex -1.163551e-01 1.926199e-02 -4.021342e-02
    endloop
  endfacet
  facet normal 9.814755e-01 -1.915710e-01 2.545836e-03
    outer loop
      vertex -1.287185e-01 3.421860e-02 -4.375940e-02
      vertex -1.287575e-01 3.407186e-02 -3.976228e-02
      vertex -1.311255e-01 2.188097e-02 -4.421053e-02
    endloop
  endfacet
  facet normal 9.817203e-01 -1.903265e-01 -9.951674e-04
    outer loop
      vertex -1.311255e-01 2.188097e-02 -4.421053e-02
      vertex -1.287575e-01 3.407186e-02 -3.976228e-02
      vertex -1.311505e-01 2.173090e-02 -4.021342e-02
    endloop
  endfacet
  facet normal 9.235771e-03 3.474177e-02 -9.993536e-01
    outer loop
      vertex -1.287575e-01 3.407186e-02 -3.976228e-02
      vertex -1.142610e-01 3.021810e-02 -3.976228e-02
      vertex -1.311505e-01 2.173090e-02 -4.021342e-02
    endloop
  endfacet
  facet normal 6.653394e-03 3.987160e-02 -9.991827e-01
    outer loop
      vertex -1.142610e-01 3.021810e-02 -3.976228e-02
      vertex -1.163551e-01 1.926199e-02 -4.021342e-02
      vertex -1.311505e-01 2.173090e-02 -4.021342e-02
    endloop
  endfacet
  facet normal -5.927751e-03 -3.552306e-02 9.993513e-01
    outer loop
      vertex -1.311255e-01 2.188097e-02 -4.421053e-02
      vertex -1.323550e-01 9.394799e-03 -4.466165e-02
      vertex -1.163301e-01 1.941205e-02 -4.421053e-02
    endloop
  endfacet
  facet normal -2.868343e-03 -4.040953e-02 9.991791e-01
    outer loop
      vertex -1.163301e-01 1.941205e-02 -4.421053e-02
      vertex -1.323550e-01 9.394799e-03 -4.466165e-02
      vertex -1.173926e-01 8.332744e-03 -4.466165e-02
    endloop
  endfacet
  facet normal -9.954191e-01 9.557131e-02 -2.648192e-03
    outer loop
      vertex -1.163301e-01 1.941205e-02 -4.421053e-02
      vertex -1.173926e-01 8.332744e-03 -4.466165e-02
      vertex -1.163551e-01 1.926199e-02 -4.021342e-02
    endloop
  endfacet
  facet normal -9.955583e-01 9.414318e-02 8.931472e-04
    outer loop
      vertex -1.163551e-01 1.926199e-02 -4.021342e-02
      vertex -1.173926e-01 8.332744e-03 -4.466165e-02
      vertex -1.174034e-01 8.180678e-03 -4.066456e-02
    endloop
  endfacet
  facet normal 9.951749e-01 -9.808373e-02 2.552334e-03
    outer loop
      vertex -1.311255e-01 2.188097e-02 -4.421053e-02
      vertex -1.311505e-01 2.173090e-02 -4.021342e-02
      vertex -1.323550e-01 9.394799e-03 -4.466165e-02
    endloop
  endfacet
  facet normal 9.953017e-01 -9.681679e-02 -9.955550e-04
    outer loop
      vertex -1.323550e-01 9.394799e-03 -4.466165e-02
      vertex -1.311505e-01 2.173090e-02 -4.021342e-02
      vertex -1.323658e-01 9.242733e-03 -4.066456e-02
    endloop
  endfacet
  facet normal 5.928081e-03 3.552504e-02 -9.993512e-01
    outer loop
      vertex -1.311505e-01 2.173090e-02 -4.021342e-02
      vertex -1.163551e-01 1.926199e-02 -4.021342e-02
      vertex -1.323658e-01 9.242733e-03 -4.066456e-02
    endloop
  endfacet
  facet normal 2.868164e-03 4.040700e-02 -9.991792e-01
    outer loop
      vertex -1.163551e-01 1.926199e-02 -4.021342e-02
      vertex -1.174034e-01 8.180678e-03 -4.066456e-02
      vertex -1.323658e-01 9.242733e-03 -4.066456e-02
    endloop
  endfacet
  facet normal -2.554761e-03 -3.599176e-02 9.993488e-01
    outer loop
      vertex -1.323550e-01 9.394799e-03 -4.466165e-02
      vertex -1.324004e-01 -3.128011e-03 -4.511278e-02
      vertex -1.173926e-01 8.332744e-03 -4.466165e-02
    endloop
  endfacet
  facet normal 9.588603e-04 -4.058601e-02 9.991756e-01
    outer loop
      vertex -1.173926e-01 8.332744e-03 -4.466165e-02
      vertex -1.324004e-01 -3.128011e-03 -4.511278e-02
      vertex -1.174046e-01 -2.773729e-03 -4.511278e-02
    endloop
  endfacet
  facet normal -9.999958e-01 1.186317e-03 -2.655298e-03
    outer loop
      vertex -1.173926e-01 8.332744e-03 -4.466165e-02
      vertex -1.174046e-01 -2.773729e-03 -4.511278e-02
      vertex -1.174034e-01 8.180678e-03 -4.066456e-02
    endloop
  endfacet
  facet normal -9.999996e-01 -2.544883e-04 8.929009e-04
    outer loop
      vertex -1.174034e-01 8.180678e-03 -4.066456e-02
      vertex -1.174046e-01 -2.773729e-03 -4.511278e-02
      vertex -1.174010e-01 -2.926440e-03 -4.111570e-02
    endloop
  endfacet
  facet normal 9.999898e-01 -3.720683e-03 2.558864e-03
    outer loop
      vertex -1.323550e-01 9.394799e-03 -4.466165e-02
      vertex -1.323658e-01 9.242733e-03 -4.066456e-02
      vertex -1.324004e-01 -3.128011e-03 -4.511278e-02
    endloop
  endfacet
  facet normal 9.999965e-01 -2.442481e-03 -9.959377e-04
    outer loop
      vertex -1.324004e-01 -3.128011e-03 -4.511278e-02
      vertex -1.323658e-01 9.242733e-03 -4.066456e-02
      vertex -1.323968e-01 -3.280722e-03 -4.111570e-02
    endloop
  endfacet
  facet normal 2.554904e-03 3.599377e-02 -9.993487e-01
    outer loop
      vertex -1.323658e-01 9.242733e-03 -4.066456e-02
      vertex -1.174034e-01 8.180678e-03 -4.066456e-02
      vertex -1.323968e-01 -3.280722e-03 -4.111570e-02
    endloop
  endfacet
  facet normal -9.588001e-04 4.058346e-02 -9.991757e-01
    outer loop
      vertex -1.174034e-01 8.180678e-03 -4.066456e-02
      vertex -1.174010e-01 -2.926440e-03 -4.111570e-02
      vertex -1.323968e-01 -3.280722e-03 -4.111570e-02
    endloop
  endfacet
  facet normal 8.538347e-04 -3.614055e-02 9.993464e-01
    outer loop
      vertex -1.324004e-01 -3.128011e-03 -4.511278e-02
      vertex -1.312659e-01 -1.557564e-02 -4.556391e-02
      vertex -1.174046e-01 -2.773729e-03 -4.511278e-02
    endloop
  endfacet
  facet normal 4.793800e-03 -4.040041e-02 9.991721e-01
    outer loop
      vertex -1.174046e-01 -2.773729e-03 -4.511278e-02
      vertex -1.312659e-01 -1.557564e-02 -4.556391e-02
      vertex -1.163704e-01 -1.380818e-02 -4.556391e-02
    endloop
  endfacet
  facet normal -9.956430e-01 -9.320946e-02 -2.662440e-03
    outer loop
      vertex -1.174046e-01 -2.773729e-03 -4.511278e-02
      vertex -1.163704e-01 -1.380818e-02 -4.556391e-02
      vertex -1.174010e-01 -2.926440e-03 -4.111570e-02
    endloop
  endfacet
  facet normal -9.955102e-01 -9.465013e-02 8.926445e-04
    outer loop
      vertex -1.174010e-01 -2.926440e-03 -4.111570e-02
      vertex -1.163704e-01 -1.380818e-02 -4.556391e-02
      vertex -1.163523e-01 -1.396018e-02 -4.156684e-02
    endloop
  endfacet
  facet normal 9.958772e-01 9.067572e-02 2.565425e-03
    outer loop
      vertex -1.324004e-01 -3.128011e-03 -4.511278e-02
      vertex -1.323968e-01 -3.280722e-03 -4.111570e-02
      vertex -1.312659e-01 -1.557564e-02 -4.556391e-02
    endloop
  endfacet
  facet normal 9.957628e-01 9.195380e-02 -9.963155e-04
    outer loop
      vertex -1.312659e-01 -1.557564e-02 -4.556391e-02
      vertex -1.323968e-01 -3.280722e-03 -4.111570e-02
      vertex -1.312478e-01 -1.572764e-02 -4.156684e-02
    endloop
  endfacet
  facet normal -8.538826e-04 3.614258e-02 -9.993463e-01
    outer loop
      vertex -1.323968e-01 -3.280722e-03 -4.111570e-02
      vertex -1.174010e-01 -2.926440e-03 -4.111570e-02
      vertex -1.312478e-01 -1.572764e-02 -4.156684e-02
    endloop
  endfacet
  facet normal -4.793498e-03 4.039787e-02 -9.991722e-01
    outer loop
      vertex -1.174010e-01 -2.926440e-03 -4.111570e-02
      vertex -1.163523e-01 -1.396018e-02 -4.156684e-02
      vertex -1.312478e-01 -1.572764e-02 -4.156684e-02
    endloop
  endfacet
  facet normal 4.267733e-03 -3.596691e-02 9.993439e-01
    outer loop
      vertex -1.312659e-01 -1.557564e-02 -4.556391e-02
      vertex -1.289659e-01 -2.783737e-02 -4.601504e-02
      vertex -1.163704e-01 -1.380818e-02 -4.556391e-02
    endloop
  endfacet
  facet normal 8.602262e-03 -3.985286e-02 9.991685e-01
    outer loop
      vertex -1.163704e-01 -1.380818e-02 -4.556391e-02
      vertex -1.289659e-01 -2.783737e-02 -4.601504e-02
      vertex -1.143036e-01 -2.467250e-02 -4.601504e-02
    endloop
  endfacet
  facet normal -9.823994e-01 -1.867731e-01 -2.669618e-03
    outer loop
      vertex -1.163704e-01 -1.380818e-02 -4.556391e-02
      vertex -1.143036e-01 -2.467250e-02 -4.601504e-02
      vertex -1.163523e-01 -1.396018e-02 -4.156684e-02
    endloop
  endfacet
  facet normal -9.821302e-01 -1.882007e-01 8.923778e-04
    outer loop
      vertex -1.163523e-01 -1.396018e-02 -4.156684e-02
      vertex -1.143036e-01 -2.467250e-02 -4.601504e-02
      vertex -1.142713e-01 -2.482241e-02 -4.201798e-02
    endloop
  endfacet
  facet normal 9.828737e-01 1.842627e-01 2.572017e-03
    outer loop
      vertex -1.312659e-01 -1.557564e-02 -4.556391e-02
      vertex -1.312478e-01 -1.572764e-02 -4.156684e-02
      vertex -1.289659e-01 -2.783737e-02 -4.601504e-02
    endloop
  endfacet
  facet normal 9.826382e-01 1.855292e-01 -9.966883e-04
    outer loop
      vertex -1.289659e-01 -2.783737e-02 -4.601504e-02
      vertex -1.312478e-01 -1.572764e-02 -4.156684e-02
      vertex -1.289336e-01 -2.798728e-02 -4.201798e-02
    endloop
  endfacet
  facet normal -4.267973e-03 3.596893e-02 -9.993438e-01
    outer loop
      vertex -1.312478e-01 -1.572764e-02 -4.156684e-02
      vertex -1.163523e-01 -1.396018e-02 -4.156684e-02
      vertex -1.289336e-01 -2.798728e-02 -4.201798e-02
    endloop
  endfacet
  facet normal -8.601717e-03 3.985034e-02 -9.991686e-01
    outer loop
      vertex -1.163523e-01 -1.396018e-02 -4.156684e-02
      vertex -1.142713e-01 -2.482241e-02 -4.201798e-02
      vertex -1.289336e-01 -2.798728e-02 -4.201798e-02
    endloop
  endfacet
  facet normal 7.656465e-03 -3.547114e-02 9.993414e-01
    outer loop
      vertex -1.289659e-01 -2.783737e-02 -4.601504e-02
      vertex -1.255255e-01 -3.980454e-02 -4.646617e-02
      vertex -1.143036e-01 -2.467250e-02 -4.601504e-02
    endloop
  endfacet
  facet normal 1.235012e-02 -3.894670e-02 9.991650e-01
    outer loop
      vertex -1.143036e-01 -2.467250e-02 -4.601504e-02
      vertex -1.255255e-01 -3.980454e-02 -4.646617e-02
      vertex -1.112272e-01 -3.527049e-02 -4.646617e-02
    endloop
  endfacet
  facet normal -9.603834e-01 -2.786691e-01 -2.676833e-03
    outer loop
      vertex -1.143036e-01 -2.467250e-02 -4.601504e-02
      vertex -1.112272e-01 -3.527049e-02 -4.646617e-02
      vertex -1.142713e-01 -2.482241e-02 -4.201798e-02
    endloop
  endfacet
  facet normal -9.599789e-01 -2.800707e-01 8.921008e-04
    outer loop
      vertex -1.142713e-01 -2.482241e-02 -4.201798e-02
      vertex -1.112272e-01 -3.527049e-02 -4.646617e-02
      vertex -1.111807e-01 -3.541698e-02 -4.246912e-02
    endloop
  endfacet
  facet normal 9.610953e-01 2.762048e-01 2.578642e-03
    outer loop
      vertex -1.289659e-01 -2.783737e-02 -4.601504e-02
      vertex -1.289336e-01 -2.798728e-02 -4.201798e-02
      vertex -1.255255e-01 -3.980454e-02 -4.646617e-02
    endloop
  endfacet
  facet normal 9.607400e-01 2.774483e-01 -9.970560e-04
    outer loop
      vertex -1.255255e-01 -3.980454e-02 -4.646617e-02
      vertex -1.289336e-01 -2.798728e-02 -4.201798e-02
      vertex -1.254791e-01 -3.995103e-02 -4.246912e-02
    endloop
  endfacet
  facet normal -7.656898e-03 3.547315e-02 -9.993413e-01
    outer loop
      vertex -1.289336e-01 -2.798728e-02 -4.201798e-02
      vertex -1.142713e-01 -2.482241e-02 -4.201798e-02
      vertex -1.254791e-01 -3.995103e-02 -4.246912e-02
    endloop
  endfacet
  facet normal -1.234933e-02 3.894422e-02 -9.991651e-01
    outer loop
      vertex -1.142713e-01 -2.482241e-02 -4.201798e-02
      vertex -1.111807e-01 -3.541698e-02 -4.246912e-02
      vertex -1.254791e-01 -3.995103e-02 -4.246912e-02
    endloop
  endfacet
  facet normal 1.098967e-02 -3.465647e-02 9.993389e-01
    outer loop
      vertex -1.255255e-01 -3.980454e-02 -4.646617e-02
      vertex -1.209797e-01 -5.137156e-02 -4.691729e-02
      vertex -1.112272e-01 -3.527049e-02 -4.646617e-02
    endloop
  endfacet
  facet normal 1.600364e-02 -3.768847e-02 9.991614e-01
    outer loop
      vertex -1.112272e-01 -3.527049e-02 -4.646617e-02
      vertex -1.209797e-01 -5.137156e-02 -4.691729e-02
      vertex -1.071729e-01 -4.550878e-02 -4.691729e-02
    endloop
  endfacet
  facet normal -9.297915e-01 -3.680769e-01 -2.684085e-03
    outer loop
      vertex -1.112272e-01 -3.527049e-02 -4.646617e-02
      vertex -1.071729e-01 -4.550878e-02 -4.691729e-02
      vertex -1.111807e-01 -3.541698e-02 -4.246912e-02
    endloop
  endfacet
  facet normal -9.292543e-01 -3.694398e-01 8.918134e-04
    outer loop
      vertex -1.111807e-01 -3.541698e-02 -4.246912e-02
      vertex -1.071729e-01 -4.550878e-02 -4.691729e-02
      vertex -1.071127e-01 -4.565052e-02 -4.292026e-02
    endloop
  endfacet
  facet normal 9.307366e-01 3.656812e-01 2.585299e-03
    outer loop
      vertex -1.255255e-01 -3.980454e-02 -4.646617e-02
      vertex -1.254791e-01 -3.995103e-02 -4.246912e-02
      vertex -1.209797e-01 -5.137156e-02 -4.691729e-02
    endloop
  endfacet
  facet normal 9.302637e-01 3.668903e-01 -9.974186e-04
    outer loop
      vertex -1.209797e-01 -5.137156e-02 -4.691729e-02
      vertex -1.254791e-01 -3.995103e-02 -4.246912e-02
      vertex -1.209195e-01 -5.151330e-02 -4.292026e-02
    endloop
  endfacet
  facet normal -1.099030e-02 3.465843e-02 -9.993388e-01
    outer loop
      vertex -1.254791e-01 -3.995103e-02 -4.246912e-02
      vertex -1.111807e-01 -3.541698e-02 -4.246912e-02
      vertex -1.209195e-01 -5.151330e-02 -4.292026e-02
    endloop
  endfacet
  facet normal -1.600262e-02 3.768606e-02 -9.991615e-01
    outer loop
      vertex -1.111807e-01 -3.541698e-02 -4.246912e-02
      vertex -1.071127e-01 -4.565052e-02 -4.292026e-02
      vertex -1.209195e-01 -5.151330e-02 -4.292026e-02
    endloop
  endfacet
  facet normal 1.423738e-02 -3.352893e-02 9.993363e-01
    outer loop
      vertex -1.209797e-01 -5.137156e-02 -4.691729e-02
      vertex -1.153731e-01 -6.243678e-02 -4.736842e-02
      vertex -1.071729e-01 -4.550878e-02 -4.691729e-02
    endloop
  endfacet
  facet normal 1.952980e-02 -3.608791e-02 9.991578e-01
    outer loop
      vertex -1.071729e-01 -4.550878e-02 -4.691729e-02
      vertex -1.153731e-01 -6.243678e-02 -4.736842e-02
      vertex -1.021810e-01 -5.529757e-02 -4.736842e-02
    endloop
  endfacet
  facet normal -8.908966e-01 -4.541981e-01 -2.691375e-03
    outer loop
      vertex -1.071729e-01 -4.550878e-02 -4.691729e-02
      vertex -1.021810e-01 -5.529757e-02 -4.736842e-02
      vertex -1.071127e-01 -4.565052e-02 -4.292026e-02
    endloop
  endfacet
  facet normal -8.902304e-01 -4.555096e-01 8.915153e-04
    outer loop
      vertex -1.071127e-01 -4.565052e-02 -4.292026e-02
      vertex -1.021810e-01 -5.529757e-02 -4.736842e-02
      vertex -1.021075e-01 -5.543327e-02 -4.337140e-02
    endloop
  endfacet
  facet normal 8.920684e-01 4.518930e-01 2.591988e-03
    outer loop
      vertex -1.209797e-01 -5.137156e-02 -4.691729e-02
      vertex -1.209195e-01 -5.151330e-02 -4.292026e-02
      vertex -1.153731e-01 -6.243678e-02 -4.736842e-02
    endloop
  endfacet
  facet normal 8.914812e-01 4.530566e-01 -9.977759e-04
    outer loop
      vertex -1.153731e-01 -6.243678e-02 -4.736842e-02
      vertex -1.209195e-01 -5.151330e-02 -4.292026e-02
      vertex -1.152996e-01 -6.257249e-02 -4.337140e-02
    endloop
  endfacet
  facet normal -1.423819e-02 3.353085e-02 -9.993363e-01
    outer loop
      vertex -1.209195e-01 -5.151330e-02 -4.292026e-02
      vertex -1.071127e-01 -4.565052e-02 -4.292026e-02
      vertex -1.152996e-01 -6.257249e-02 -4.337140e-02
    endloop
  endfacet
  facet normal -1.952855e-02 3.608560e-02 -9.991579e-01
    outer loop
      vertex -1.071127e-01 -4.565052e-02 -4.292026e-02
      vertex -1.021075e-01 -5.543327e-02 -4.337140e-02
      vertex -1.152996e-01 -6.257249e-02 -4.337140e-02
    endloop
  endfacet
  facet normal 1.737026e-02 -3.209742e-02 9.993338e-01
    outer loop
      vertex -1.153731e-01 -6.243678e-02 -4.736842e-02
      vertex -1.087598e-01 -7.290344e-02 -4.781955e-02
      vertex -1.021810e-01 -5.529757e-02 -4.736842e-02
    endloop
  endfacet
  facet normal 2.289655e-02 -3.415784e-02 9.991541e-01
    outer loop
      vertex -1.021810e-01 -5.529757e-02 -4.736842e-02
      vertex -1.087598e-01 -7.290344e-02 -4.781955e-02
      vertex -9.630006e-02 -6.455149e-02 -4.781955e-02
    endloop
  endfacet
  facet normal -8.440462e-01 -5.362636e-01 -2.698702e-03
    outer loop
      vertex -1.021810e-01 -5.529757e-02 -4.736842e-02
      vertex -9.630006e-02 -6.455149e-02 -4.781955e-02
      vertex -1.021075e-01 -5.543327e-02 -4.337140e-02
    endloop
  endfacet
  facet normal -8.432559e-01 -5.375115e-01 8.912065e-04
    outer loop
      vertex -1.021075e-01 -5.543327e-02 -4.337140e-02
      vertex -9.630006e-02 -6.455149e-02 -4.781955e-02
      vertex -9.621397e-02 -6.467992e-02 -4.382254e-02
    endloop
  endfacet
  facet normal 8.454360e-01 5.340705e-01 2.598710e-03
    outer loop
      vertex -1.153731e-01 -6.243678e-02 -4.736842e-02
      vertex -1.152996e-01 -6.257249e-02 -4.337140e-02
      vertex -1.087598e-01 -7.290344e-02 -4.781955e-02
    endloop
  endfacet
  facet normal 8.447388e-01 5.351778e-01 -9.981280e-04
    outer loop
      vertex -1.087598e-01 -7.290344e-02 -4.781955e-02
      vertex -1.152996e-01 -6.257249e-02 -4.337140e-02
      vertex -1.086737e-01 -7.303187e-02 -4.382254e-02
    endloop
  endfacet
  facet normal -1.737125e-02 3.209926e-02 -9.993337e-01
    outer loop
      vertex -1.152996e-01 -6.257249e-02 -4.337140e-02
      vertex -1.021075e-01 -5.543327e-02 -4.337140e-02
      vertex -1.086737e-01 -7.303187e-02 -4.382254e-02
    endloop
  endfacet
  facet normal -2.289508e-02 3.415564e-02 -9.991542e-01
    outer loop
      vertex -1.021075e-01 -5.543327e-02 -4.337140e-02
      vertex -9.621397e-02 -6.467992e-02 -4.382254e-02
      vertex -1.086737e-01 -7.303187e-02 -4.382254e-02
    endloop
  endfacet
  facet normal 2.035988e-02 -3.037355e-02 9.993312e-01
    outer loop
      vertex -1.087598e-01 -7.290344e-02 -4.781955e-02
      vertex -1.012026e-01 -8.268048e-02 -4.827068e-02
      vertex -9.630006e-02 -6.455149e-02 -4.781955e-02
    endloop
  endfacet
  facet normal 2.607315e-02 -3.191407e-02 9.991505e-01
    outer loop
      vertex -9.630006e-02 -6.455149e-02 -4.781955e-02
      vertex -1.012026e-01 -8.268048e-02 -4.827068e-02
      vertex -8.958643e-02 -7.319028e-02 -4.827068e-02
    endloop
  endfacet
  facet normal -7.896586e-01 -6.135405e-01 -2.706067e-03
    outer loop
      vertex -9.630006e-02 -6.455149e-02 -4.781955e-02
      vertex -8.958643e-02 -7.319028e-02 -4.827068e-02
      vertex -9.621397e-02 -6.467992e-02 -4.382254e-02
    endloop
  endfacet
  facet normal -7.887502e-01 -6.147132e-01 8.908869e-04
    outer loop
      vertex -9.621397e-02 -6.467992e-02 -4.382254e-02
      vertex -8.958643e-02 -7.319028e-02 -4.827068e-02
      vertex -8.948841e-02 -7.331026e-02 -4.427368e-02
    endloop
  endfacet
  facet normal 7.912556e-01 6.114800e-01 2.605465e-03
    outer loop
      vertex -1.087598e-01 -7.290344e-02 -4.781955e-02
      vertex -1.086737e-01 -7.303187e-02 -4.382254e-02
      vertex -1.012026e-01 -8.268048e-02 -4.827068e-02
    endloop
  endfacet
  facet normal 7.904539e-01 6.125207e-01 -9.984747e-04
    outer loop
      vertex -1.012026e-01 -8.268048e-02 -4.827068e-02
      vertex -1.086737e-01 -7.303187e-02 -4.382254e-02
      vertex -1.011046e-01 -8.280046e-02 -4.427368e-02
    endloop
  endfacet
  facet normal -2.036105e-02 3.037530e-02 -9.993312e-01
    outer loop
      vertex -1.086737e-01 -7.303187e-02 -4.382254e-02
      vertex -9.621397e-02 -6.467992e-02 -4.382254e-02
      vertex -1.011046e-01 -8.280046e-02 -4.427368e-02
    endloop
  endfacet
  facet normal -2.607146e-02 3.191201e-02 -9.991506e-01
    outer loop
      vertex -9.621397e-02 -6.467992e-02 -4.382254e-02
      vertex -8.948841e-02 -7.331026e-02 -4.427368e-02
      vertex -1.011046e-01 -8.280046e-02 -4.427368e-02
    endloop
  endfacet
  facet normal 2.317901e-02 -2.837159e-02 9.993287e-01
    outer loop
      vertex -1.012026e-01 -8.268048e-02 -4.827068e-02
      vertex -9.277261e-02 -9.168334e-02 -4.872180e-02
      vertex -8.958643e-02 -7.319028e-02 -4.827068e-02
    endloop
  endfacet
  facet normal 2.903039e-02 -2.937529e-02 9.991468e-01
    outer loop
      vertex -8.958643e-02 -7.319028e-02 -4.827068e-02
      vertex -9.277261e-02 -9.168334e-02 -4.872180e-02
      vertex -8.210356e-02 -8.113956e-02 -4.872180e-02
    endloop
  endfacet
  facet normal -7.282193e-01 -6.853388e-01 -2.713469e-03
    outer loop
      vertex -8.958643e-02 -7.319028e-02 -4.827068e-02
      vertex -8.210356e-02 -8.113956e-02 -4.872180e-02
      vertex -8.948841e-02 -7.331026e-02 -4.427368e-02
    endloop
  endfacet
  facet normal -7.272001e-01 -6.864250e-01 8.905563e-04
    outer loop
      vertex -8.948841e-02 -7.331026e-02 -4.427368e-02
      vertex -8.210356e-02 -8.113956e-02 -4.872180e-02
      vertex -8.199444e-02 -8.124998e-02 -4.472482e-02
    endloop
  endfacet
  facet normal 7.300109e-01 6.834305e-01 2.612253e-03
    outer loop
      vertex -1.012026e-01 -8.268048e-02 -4.827068e-02
      vertex -1.011046e-01 -8.280046e-02 -4.427368e-02
      vertex -9.277261e-02 -9.168334e-02 -4.872180e-02
    endloop
  endfacet
  facet normal 7.291110e-01 6.843947e-01 -9.988160e-04
    outer loop
      vertex -9.277261e-02 -9.168334e-02 -4.872180e-02
      vertex -1.011046e-01 -8.280046e-02 -4.427368e-02
      vertex -9.266349e-02 -9.179376e-02 -4.472482e-02
    endloop
  endfacet
  facet normal -2.318035e-02 2.837323e-02 -9.993286e-01
    outer loop
      vertex -1.011046e-01 -8.280046e-02 -4.427368e-02
      vertex -8.948841e-02 -7.331026e-02 -4.427368e-02
      vertex -9.266349e-02 -9.179376e-02 -4.472482e-02
    endloop
  endfacet
  facet normal -2.902850e-02 2.937338e-02 -9.991469e-01
    outer loop
      vertex -8.948841e-02 -7.331026e-02 -4.427368e-02
      vertex -8.199444e-02 -8.124998e-02 -4.472482e-02
      vertex -9.266349e-02 -9.179376e-02 -4.472482e-02
    endloop
  endfacet
  facet normal 2.580181e-02 -2.610836e-02 9.993261e-01
    outer loop
      vertex -9.277261e-02 -9.168334e-02 -4.872180e-02
      vertex -8.354825e-02 -9.983470e-02 -4.917293e-02
      vertex -8.210356e-02 -8.113956e-02 -4.872180e-02
    endloop
  endfacet
  facet normal 3.174092e-02 -2.656289e-02 9.991431e-01
    outer loop
      vertex -8.210356e-02 -8.113956e-02 -4.872180e-02
      vertex -8.354825e-02 -9.983470e-02 -4.917293e-02
      vertex -7.392152e-02 -8.833139e-02 -4.917293e-02
    endloop
  endfacet
  facet normal -6.602770e-01 -7.510173e-01 -2.720911e-03
    outer loop
      vertex -8.210356e-02 -8.113956e-02 -4.872180e-02
      vertex -7.392152e-02 -8.833139e-02 -4.917293e-02
      vertex -8.199444e-02 -8.124998e-02 -4.472482e-02
    endloop
  endfacet
  facet normal -6.591550e-01 -7.520065e-01 8.902146e-04
    outer loop
      vertex -8.199444e-02 -8.124998e-02 -4.472482e-02
      vertex -7.392152e-02 -8.833139e-02 -4.917293e-02
      vertex -7.380223e-02 -8.843122e-02 -4.517596e-02
    endloop
  endfacet
  facet normal 6.622487e-01 7.492795e-01 2.619075e-03
    outer loop
      vertex -9.277261e-02 -9.168334e-02 -4.872180e-02
      vertex -9.266349e-02 -9.179376e-02 -4.472482e-02
      vertex -8.354825e-02 -9.983470e-02 -4.917293e-02
    endloop
  endfacet
  facet normal 6.612579e-01 7.501579e-01 -9.991517e-04
    outer loop
      vertex -8.354825e-02 -9.983470e-02 -4.917293e-02
      vertex -9.266349e-02 -9.179376e-02 -4.472482e-02
      vertex -8.342895e-02 -9.993453e-02 -4.517596e-02
    endloop
  endfacet
  facet normal -2.580331e-02 2.610987e-02 -9.993260e-01
    outer loop
      vertex -9.266349e-02 -9.179376e-02 -4.472482e-02
      vertex -8.199444e-02 -8.124998e-02 -4.472482e-02
      vertex -8.342895e-02 -9.993453e-02 -4.517596e-02
    endloop
  endfacet
  facet normal -3.173885e-02 2.656116e-02 -9.991432e-01
    outer loop
      vertex -8.199444e-02 -8.124998e-02 -4.472482e-02
      vertex -7.380223e-02 -8.843122e-02 -4.517596e-02
      vertex -8.342895e-02 -9.993453e-02 -4.517596e-02
    endloop
  endfacet
  facet normal 2.820411e-02 -2.360305e-02 9.993235e-01
    outer loop
      vertex -8.354825e-02 -9.983470e-02 -4.917293e-02
      vertex -7.361485e-02 -1.070651e-01 -4.962406e-02
      vertex -7.392152e-02 -8.833139e-02 -4.917293e-02
    endloop
  endfacet
  facet normal 3.417947e-02 -2.350080e-02 9.991394e-01
    outer loop
      vertex -7.392152e-02 -8.833139e-02 -4.917293e-02
      vertex -7.361485e-02 -1.070651e-01 -4.962406e-02
      vertex -6.511632e-02 -9.470490e-02 -4.962406e-02
    endloop
  endfacet
  facet normal -5.864383e-01 -8.099893e-01 -2.728391e-03
    outer loop
      vertex -7.392152e-02 -8.833139e-02 -4.917293e-02
      vertex -6.511632e-02 -9.470490e-02 -4.962406e-02
      vertex -7.380223e-02 -8.843122e-02 -4.517596e-02
    endloop
  endfacet
  facet normal -5.852229e-01 -8.108720e-01 8.898617e-04
    outer loop
      vertex -7.380223e-02 -8.843122e-02 -4.517596e-02
      vertex -6.511632e-02 -9.470490e-02 -4.962406e-02
      vertex -6.498788e-02 -9.479321e-02 -4.562710e-02
    endloop
  endfacet
  facet normal 5.885739e-01 8.084392e-01 2.625930e-03
    outer loop
      vertex -8.354825e-02 -9.983470e-02 -4.917293e-02
      vertex -8.342895e-02 -9.993453e-02 -4.517596e-02
      vertex -7.361485e-02 -1.070651e-01 -4.962406e-02
    endloop
  endfacet
  facet normal 5.875004e-01 8.092232e-01 -9.994819e-04
    outer loop
      vertex -7.361485e-02 -1.070651e-01 -4.962406e-02
      vertex -8.342895e-02 -9.993453e-02 -4.517596e-02
      vertex -7.348640e-02 -1.071534e-01 -4.562710e-02
    endloop
  endfacet
  facet normal -2.820575e-02 2.360443e-02 -9.993234e-01
    outer loop
      vertex -8.342895e-02 -9.993453e-02 -4.517596e-02
      vertex -7.380223e-02 -8.843122e-02 -4.517596e-02
      vertex -7.348640e-02 -1.071534e-01 -4.562710e-02
    endloop
  endfacet
  facet normal -3.417723e-02 2.349926e-02 -9.991395e-01
    outer loop
      vertex -7.380223e-02 -8.843122e-02 -4.517596e-02
      vertex -6.498788e-02 -9.479321e-02 -4.562710e-02
      vertex -7.348640e-02 -1.071534e-01 -4.562710e-02
    endloop
  endfacet
  facet normal 3.036359e-02 -2.087712e-02 9.993209e-01
    outer loop
      vertex -7.361485e-02 -1.070651e-01 -4.962406e-02
      vertex -6.306373e-02 -1.133137e-01 -5.007519e-02
      vertex -6.511632e-02 -9.470490e-02 -4.962406e-02
    endloop
  endfacet
  facet normal 3.632306e-02 -2.021528e-02 9.991356e-01
    outer loop
      vertex -6.511632e-02 -9.470490e-02 -4.962406e-02
      vertex -6.306373e-02 -1.133137e-01 -5.007519e-02
      vertex -5.576922e-02 -1.002068e-01 -5.007519e-02
    endloop
  endfacet
  facet normal -5.073625e-01 -8.617284e-01 -2.735909e-03
    outer loop
      vertex -6.511632e-02 -9.470490e-02 -4.962406e-02
      vertex -5.576922e-02 -1.002068e-01 -5.007519e-02
      vertex -6.498788e-02 -9.479321e-02 -4.562710e-02
    endloop
  endfacet
  facet normal -5.060638e-01 -8.624956e-01 8.894973e-04
    outer loop
      vertex -6.498788e-02 -9.479321e-02 -4.562710e-02
      vertex -5.576922e-02 -1.002068e-01 -5.007519e-02
      vertex -5.563273e-02 -1.002827e-01 -4.607824e-02
    endloop
  endfacet
  facet normal 5.096443e-01 8.603812e-01 2.632819e-03
    outer loop
      vertex -7.361485e-02 -1.070651e-01 -4.962406e-02
      vertex -7.348640e-02 -1.071534e-01 -4.562710e-02
      vertex -6.306373e-02 -1.133137e-01 -5.007519e-02
    endloop
  endfacet
  facet normal 5.084970e-01 8.610632e-01 -9.998064e-04
    outer loop
      vertex -6.306373e-02 -1.133137e-01 -5.007519e-02
      vertex -7.348640e-02 -1.071534e-01 -4.562710e-02
      vertex -6.292725e-02 -1.133896e-01 -4.607824e-02
    endloop
  endfacet
  facet normal -3.036537e-02 2.087834e-02 -9.993208e-01
    outer loop
      vertex -7.348640e-02 -1.071534e-01 -4.562710e-02
      vertex -6.498788e-02 -9.479321e-02 -4.562710e-02
      vertex -6.292725e-02 -1.133896e-01 -4.607824e-02
    endloop
  endfacet
  facet normal -3.632067e-02 2.021395e-02 -9.991357e-01
    outer loop
      vertex -6.498788e-02 -9.479321e-02 -4.562710e-02
      vertex -5.563273e-02 -1.002827e-01 -4.607824e-02
      vertex -6.292725e-02 -1.133896e-01 -4.607824e-02
    endloop
  endfacet
  facet normal 3.226004e-02 -1.795405e-02 9.993182e-01
    outer loop
      vertex -6.306373e-02 -1.133137e-01 -5.007519e-02
      vertex -5.199137e-02 -1.185284e-01 -5.052632e-02
      vertex -5.576922e-02 -1.002068e-01 -5.007519e-02
    endloop
  endfacet
  facet normal 3.815128e-02 -1.673470e-02 9.991318e-01
    outer loop
      vertex -5.576922e-02 -1.002068e-01 -5.007519e-02
      vertex -5.199137e-02 -1.185284e-01 -5.052632e-02
      vertex -4.596594e-02 -1.047918e-01 -5.052632e-02
    endloop
  endfacet
  facet normal -4.237559e-01 -9.057723e-01 -2.743468e-03
    outer loop
      vertex -5.576922e-02 -1.002068e-01 -5.007519e-02
      vertex -4.596594e-02 -1.047918e-01 -5.052632e-02
      vertex -5.563273e-02 -1.002827e-01 -4.607824e-02
    endloop
  endfacet
  facet normal -4.223847e-01 -9.064162e-01 8.891215e-04
    outer loop
      vertex -5.563273e-02 -1.002827e-01 -4.607824e-02
      vertex -4.596594e-02 -1.047918e-01 -5.052632e-02
      vertex -4.582260e-02 -1.048547e-01 -4.652938e-02
    endloop
  endfacet
  facet normal 4.261644e-01 9.046419e-01 2.639741e-03
    outer loop
      vertex -6.306373e-02 -1.133137e-01 -5.007519e-02
      vertex -6.292725e-02 -1.133896e-01 -4.607824e-02
      vertex -5.199137e-02 -1.185284e-01 -5.052632e-02
    endloop
  endfacet
  facet normal 4.249532e-01 9.052148e-01 -1.000125e-03
    outer loop
      vertex -5.199137e-02 -1.185284e-01 -5.052632e-02
      vertex -6.292725e-02 -1.133896e-01 -4.607824e-02
      vertex -5.184804e-02 -1.185913e-01 -4.652938e-02
    endloop
  endfacet
  facet normal -3.226194e-02 1.795510e-02 -9.993182e-01
    outer loop
      vertex -6.292725e-02 -1.133896e-01 -4.607824e-02
      vertex -5.563273e-02 -1.002827e-01 -4.607824e-02
      vertex -5.184804e-02 -1.185913e-01 -4.652938e-02
    endloop
  endfacet
  facet normal -3.814876e-02 1.673360e-02 -9.991320e-01
    outer loop
      vertex -5.563273e-02 -1.002827e-01 -4.607824e-02
      vertex -4.582260e-02 -1.048547e-01 -4.652938e-02
      vertex -5.184804e-02 -1.185913e-01 -4.652938e-02
    endloop
  endfacet
  facet normal 3.387551e-02 -1.485918e-02 9.993156e-01
    outer loop
      vertex -5.199137e-02 -1.185284e-01 -5.052632e-02
      vertex -4.049852e-02 -1.226668e-01 -5.097744e-02
      vertex -4.596594e-02 -1.047918e-01 -5.052632e-02
    endloop
  endfacet
  facet normal 3.964642e-02 -1.308929e-02 9.991280e-01
    outer loop
      vertex -4.596594e-02 -1.047918e-01 -5.052632e-02
      vertex -4.049852e-02 -1.226668e-01 -5.097744e-02
      vertex -3.579592e-02 -1.084230e-01 -5.097744e-02
    endloop
  endfacet
  facet normal -3.363649e-01 -9.417277e-01 -2.751065e-03
    outer loop
      vertex -4.596594e-02 -1.047918e-01 -5.052632e-02
      vertex -3.579592e-02 -1.084230e-01 -5.097744e-02
      vertex -4.582260e-02 -1.048547e-01 -4.652938e-02
    endloop
  endfacet
  facet normal -3.349330e-01 -9.422415e-01 8.887340e-04
    outer loop
      vertex -4.582260e-02 -1.048547e-01 -4.652938e-02
      vertex -3.579592e-02 -1.084230e-01 -5.097744e-02
      vertex -3.564699e-02 -1.084721e-01 -4.698052e-02
    endloop
  endfacet
  facet normal 3.388797e-01 9.408260e-01 2.646699e-03
    outer loop
      vertex -5.199137e-02 -1.185284e-01 -5.052632e-02
      vertex -5.184804e-02 -1.185913e-01 -4.652938e-02
      vertex -4.049852e-02 -1.226668e-01 -5.097744e-02
    endloop
  endfacet
  facet normal 3.376147e-01 9.412839e-01 -1.000438e-03
    outer loop
      vertex -4.049852e-02 -1.226668e-01 -5.097744e-02
      vertex -5.184804e-02 -1.185913e-01 -4.652938e-02
      vertex -4.034959e-02 -1.227159e-01 -4.698052e-02
    endloop
  endfacet
  facet normal -3.387750e-02 1.486005e-02 -9.993155e-01
    outer loop
      vertex -5.184804e-02 -1.185913e-01 -4.652938e-02
      vertex -4.582260e-02 -1.048547e-01 -4.652938e-02
      vertex -4.034959e-02 -1.227159e-01 -4.698052e-02
    endloop
  endfacet
  facet normal -3.964379e-02 1.308843e-02 -9.991282e-01
    outer loop
      vertex -4.582260e-02 -1.048547e-01 -4.652938e-02
      vertex -3.564699e-02 -1.084721e-01 -4.698052e-02
      vertex -4.034959e-02 -1.227159e-01 -4.698052e-02
    endloop
  endfacet
  facet normal 3.519447e-02 -1.161948e-02 9.993129e-01
    outer loop
      vertex -4.049852e-02 -1.226668e-01 -5.097744e-02
      vertex -2.868931e-02 -1.256961e-01 -5.142857e-02
      vertex -3.579592e-02 -1.084230e-01 -5.097744e-02
    endloop
  endfacet
  facet normal 4.079367e-02 -9.310888e-03 9.991242e-01
    outer loop
      vertex -3.579592e-02 -1.084230e-01 -5.097744e-02
      vertex -2.868931e-02 -1.256961e-01 -5.142857e-02
      vertex -2.535149e-02 -1.110721e-01 -5.142857e-02
    endloop
  endfacet
  facet normal -2.459699e-01 -9.692735e-01 -2.758703e-03
    outer loop
      vertex -3.579592e-02 -1.084230e-01 -5.097744e-02
      vertex -2.535149e-02 -1.110721e-01 -5.142857e-02
      vertex -3.564699e-02 -1.084721e-01 -4.698052e-02
    endloop
  endfacet
  facet normal -2.444897e-01 -9.696515e-01 8.883346e-04
    outer loop
      vertex -3.564699e-02 -1.084721e-01 -4.698052e-02
      vertex -2.535149e-02 -1.110721e-01 -5.142857e-02
      vertex -2.519827e-02 -1.111071e-01 -4.743166e-02
    endloop
  endfacet
  facet normal 2.485693e-01 9.686105e-01 2.653690e-03
    outer loop
      vertex -4.049852e-02 -1.226668e-01 -5.097744e-02
      vertex -4.034959e-02 -1.227159e-01 -4.698052e-02
      vertex -2.868931e-02 -1.256961e-01 -5.142857e-02
    endloop
  endfacet
  facet normal 2.472615e-01 9.689483e-01 -1.000745e-03
    outer loop
      vertex -2.868931e-02 -1.256961e-01 -5.142857e-02
      vertex -4.034959e-02 -1.227159e-01 -4.698052e-02
      vertex -2.853609e-02 -1.257310e-01 -4.743166e-02
    endloop
  endfacet
  facet normal -3.519655e-02 1.162017e-02 -9.993129e-01
    outer loop
      vertex -4.034959e-02 -1.227159e-01 -4.698052e-02
      vertex -3.564699e-02 -1.084721e-01 -4.698052e-02
      vertex -2.853609e-02 -1.257310e-01 -4.743166e-02
    endloop
  endfacet
  facet normal -4.079095e-02 9.310268e-03 -9.991243e-01
    outer loop
      vertex -3.564699e-02 -1.084721e-01 -4.698052e-02
      vertex -2.519827e-02 -1.111071e-01 -4.743166e-02
      vertex -2.853609e-02 -1.257310e-01 -4.743166e-02
    endloop
  endfacet
  facet normal 3.620399e-02 -8.263325e-03 9.993103e-01
    outer loop
      vertex -2.868931e-02 -1.256961e-01 -5.142857e-02
      vertex -1.667027e-02 -1.275936e-01 -5.187970e-02
      vertex -2.535149e-02 -1.110721e-01 -5.142857e-02
    endloop
  endfacet
  facet normal 4.158125e-02 -5.432647e-03 9.991204e-01
    outer loop
      vertex -2.535149e-02 -1.110721e-01 -5.142857e-02
      vertex -1.667027e-02 -1.275936e-01 -5.187970e-02
      vertex -1.472702e-02 -1.127200e-01 -5.187970e-02
    endloop
  endfacet
  facet normal -1.533782e-01 -9.881637e-01 -2.766380e-03
    outer loop
      vertex -2.535149e-02 -1.110721e-01 -5.142857e-02
      vertex -1.472702e-02 -1.127200e-01 -5.187970e-02
      vertex -2.519827e-02 -1.111071e-01 -4.743166e-02
    endloop
  endfacet
  facet normal -1.518625e-01 -9.884012e-01 8.879234e-04
    outer loop
      vertex -2.519827e-02 -1.111071e-01 -4.743166e-02
      vertex -1.472702e-02 -1.127200e-01 -5.187970e-02
      vertex -1.457086e-02 -1.127404e-01 -4.788280e-02
    endloop
  endfacet
  facet normal 1.560395e-01 9.877472e-01 2.660717e-03
    outer loop
      vertex -2.868931e-02 -1.256961e-01 -5.142857e-02
      vertex -2.853609e-02 -1.257310e-01 -4.743166e-02
      vertex -1.667027e-02 -1.275936e-01 -5.187970e-02
    endloop
  endfacet
  facet normal 1.547004e-01 9.879609e-01 -1.001046e-03
    outer loop
      vertex -1.667027e-02 -1.275936e-01 -5.187970e-02
      vertex -2.853609e-02 -1.257310e-01 -4.743166e-02
      vertex -1.651411e-02 -1.276140e-01 -4.788280e-02
    endloop
  endfacet
  facet normal -3.620614e-02 8.263816e-03 -9.993102e-01
    outer loop
      vertex -2.853609e-02 -1.257310e-01 -4.743166e-02
      vertex -2.519827e-02 -1.111071e-01 -4.743166e-02
      vertex -1.651411e-02 -1.276140e-01 -4.788280e-02
    endloop
  endfacet
  facet normal -4.157846e-02 5.432283e-03 -9.991205e-01
    outer loop
      vertex -2.519827e-02 -1.111071e-01 -4.743166e-02
      vertex -1.457086e-02 -1.127404e-01 -4.788280e-02
      vertex -1.651411e-02 -1.276140e-01 -4.788280e-02
    endloop
  endfacet
  facet normal 3.689386e-02 -4.820233e-03 9.993076e-01
    outer loop
      vertex -1.667027e-02 -1.275936e-01 -5.187970e-02
      vertex -4.549420e-03 -1.283467e-01 -5.233083e-02
      vertex -1.472702e-02 -1.127200e-01 -5.187970e-02
    endloop
  endfacet
  facet normal 4.200055e-02 -1.488765e-03 9.991165e-01
    outer loop
      vertex -1.472702e-02 -1.127200e-01 -5.187970e-02
      vertex -4.549420e-03 -1.283467e-01 -5.233083e-02
      vertex -4.018059e-03 -1.133561e-01 -5.233083e-02
    endloop
  endfacet
  facet normal -5.941658e-02 -9.982294e-01 -2.774098e-03
    outer loop
      vertex -1.472702e-02 -1.127200e-01 -5.187970e-02
      vertex -4.018059e-03 -1.133561e-01 -5.233083e-02
      vertex -1.457086e-02 -1.127404e-01 -4.788280e-02
    endloop
  endfacet
  facet normal -5.787869e-02 -9.983232e-01 8.875000e-04
    outer loop
      vertex -1.457086e-02 -1.127404e-01 -4.788280e-02
      vertex -4.018059e-03 -1.133561e-01 -5.233083e-02
      vertex -3.860346e-03 -1.133617e-01 -4.833394e-02
    endloop
  endfacet
  facet normal 6.211642e-02 9.980653e-01 2.667779e-03
    outer loop
      vertex -1.667027e-02 -1.275936e-01 -5.187970e-02
      vertex -1.651411e-02 -1.276140e-01 -4.788280e-02
      vertex -4.549420e-03 -1.283467e-01 -5.233083e-02
    endloop
  endfacet
  facet normal 6.075768e-02 9.981520e-01 -1.001341e-03
    outer loop
      vertex -4.549420e-03 -1.283467e-01 -5.233083e-02
      vertex -1.651411e-02 -1.276140e-01 -4.788280e-02
      vertex -4.391708e-03 -1.283523e-01 -4.833394e-02
    endloop
  endfacet
  facet normal -3.689606e-02 4.820521e-03 -9.993075e-01
    outer loop
      vertex -1.651411e-02 -1.276140e-01 -4.788280e-02
      vertex -1.457086e-02 -1.127404e-01 -4.788280e-02
      vertex -4.391708e-03 -1.283523e-01 -4.833394e-02
    endloop
  endfacet
  facet normal -4.199773e-02 1.488665e-03 -9.991166e-01
    outer loop
      vertex -1.457086e-02 -1.127404e-01 -4.788280e-02
      vertex -3.860346e-03 -1.133617e-01 -4.833394e-02
      vertex -4.391708e-03 -1.283523e-01 -4.833394e-02
    endloop
  endfacet
  facet normal 3.725667e-02 -1.320612e-03 9.993049e-01
    outer loop
      vertex -4.549420e-03 -1.283467e-01 -5.233083e-02
      vertex 7.564755e-03 -1.279533e-01 -5.278195e-02
      vertex -4.018059e-03 -1.133561e-01 -5.233083e-02
    endloop
  endfacet
  facet normal 4.204621e-02 2.485824e-03 9.991126e-01
    outer loop
      vertex -4.018059e-03 -1.133561e-01 -5.233083e-02
      vertex 7.564755e-03 -1.279533e-01 -5.278195e-02
      vertex 6.679482e-03 -1.129794e-01 -5.278195e-02
    endloop
  endfacet
  facet normal 3.507585e-02 -9.993808e-01 -2.781857e-03
    outer loop
      vertex -4.018059e-03 -1.133561e-01 -5.233083e-02
      vertex 6.679482e-03 -1.129794e-01 -5.278195e-02
      vertex -3.860346e-03 -1.133617e-01 -4.833394e-02
    endloop
  endfacet
  facet normal 3.662232e-02 -9.993288e-01 8.870644e-04
    outer loop
      vertex -3.860346e-03 -1.133617e-01 -4.833394e-02
      vertex 6.679482e-03 -1.129794e-01 -5.278195e-02
      vertex 6.837345e-03 -1.129701e-01 -4.878508e-02
    endloop
  endfacet
  facet normal -3.236137e-02 9.994727e-01 2.674876e-03
    outer loop
      vertex -4.549420e-03 -1.283467e-01 -5.233083e-02
      vertex -4.391708e-03 -1.283523e-01 -4.833394e-02
      vertex 7.564755e-03 -1.279533e-01 -5.278195e-02
    endloop
  endfacet
  facet normal -3.372769e-02 9.994306e-01 -1.001630e-03
    outer loop
      vertex 7.564755e-03 -1.279533e-01 -5.278195e-02
      vertex -4.391708e-03 -1.283523e-01 -4.833394e-02
      vertex 7.722618e-03 -1.279439e-01 -4.878508e-02
    endloop
  endfacet
  facet normal -3.725890e-02 1.320691e-03 -9.993048e-01
    outer loop
      vertex -4.391708e-03 -1.283523e-01 -4.833394e-02
      vertex -3.860346e-03 -1.133617e-01 -4.833394e-02
      vertex 7.722618e-03 -1.279439e-01 -4.878508e-02
    endloop
  endfacet
  facet normal -4.204337e-02 -2.485656e-03 -9.991127e-01
    outer loop
      vertex -3.860346e-03 -1.133617e-01 -4.833394e-02
      vertex 6.837345e-03 -1.129701e-01 -4.878508e-02
      vertex 7.722618e-03 -1.279439e-01 -4.878508e-02
    endloop
  endfacet
  facet normal 3.728789e-02 2.204506e-03 9.993021e-01
    outer loop
      vertex 7.564755e-03 -1.279533e-01 -5.278195e-02
      vertex 1.956424e-02 -1.264212e-01 -5.323308e-02
      vertex 6.679482e-03 -1.129794e-01 -5.278195e-02
    endloop
  endfacet
  facet normal 4.171616e-02 6.455761e-03 9.991086e-01
    outer loop
      vertex 6.679482e-03 -1.129794e-01 -5.278195e-02
      vertex 1.956424e-02 -1.264212e-01 -5.323308e-02
      vertex 1.727023e-02 -1.115976e-01 -5.323308e-02
    endloop
  endfacet
  facet normal 1.292553e-01 -9.916074e-01 -2.789657e-03
    outer loop
      vertex 6.679482e-03 -1.129794e-01 -5.278195e-02
      vertex 1.727023e-02 -1.115976e-01 -5.323308e-02
      vertex 6.837345e-03 -1.129701e-01 -4.878508e-02
    endloop
  endfacet
  facet normal 1.307965e-01 -9.914088e-01 8.866164e-04
    outer loop
      vertex 6.837345e-03 -1.129701e-01 -4.878508e-02
      vertex 1.727023e-02 -1.115976e-01 -5.323308e-02
      vertex 1.742683e-02 -1.115734e-01 -4.923622e-02
    endloop
  endfacet
  facet normal -1.265504e-01 9.919566e-01 2.682008e-03
    outer loop
      vertex 7.564755e-03 -1.279533e-01 -5.278195e-02
      vertex 7.722618e-03 -1.279439e-01 -4.878508e-02
      vertex 1.956424e-02 -1.264212e-01 -5.323308e-02
    endloop
  endfacet
  facet normal -1.279121e-01 9.917850e-01 -1.001913e-03
    outer loop
      vertex 1.956424e-02 -1.264212e-01 -5.323308e-02
      vertex 7.722618e-03 -1.279439e-01 -4.878508e-02
      vertex 1.972084e-02 -1.263970e-01 -4.923622e-02
    endloop
  endfacet
  facet normal -3.729013e-02 -2.204639e-03 -9.993020e-01
    outer loop
      vertex 7.722618e-03 -1.279439e-01 -4.878508e-02
      vertex 6.837345e-03 -1.129701e-01 -4.878508e-02
      vertex 1.972084e-02 -1.263970e-01 -4.923622e-02
    endloop
  endfacet
  facet normal -4.171333e-02 -6.455323e-03 -9.991088e-01
    outer loop
      vertex 6.837345e-03 -1.129701e-01 -4.878508e-02
      vertex 1.742683e-02 -1.115734e-01 -4.923622e-02
      vertex 1.972084e-02 -1.263970e-01 -4.923622e-02
    endloop
  endfacet
  facet normal 3.698596e-02 5.723741e-03 9.992994e-01
    outer loop
      vertex 1.956424e-02 -1.264212e-01 -5.323308e-02
      vertex 3.134247e-02 -1.237686e-01 -5.368421e-02
      vertex 1.727023e-02 -1.115976e-01 -5.323308e-02
    endloop
  endfacet
  facet normal 4.101169e-02 1.038557e-02 9.991047e-01
    outer loop
      vertex 1.727023e-02 -1.115976e-01 -5.323308e-02
      vertex 3.134247e-02 -1.237686e-01 -5.368421e-02
      vertex 2.766018e-02 -1.092276e-01 -5.368421e-02
    endloop
  endfacet
  facet normal 2.222806e-01 -9.749787e-01 -2.797498e-03
    outer loop
      vertex 1.727023e-02 -1.115976e-01 -5.323308e-02
      vertex 2.766018e-02 -1.092276e-01 -5.368421e-02
      vertex 1.742683e-02 -1.115734e-01 -4.923622e-02
    endloop
  endfacet
  facet normal 2.238027e-01 -9.746341e-01 8.861559e-04
    outer loop
      vertex 1.742683e-02 -1.115734e-01 -4.923622e-02
      vertex 2.766018e-02 -1.092276e-01 -5.368421e-02
      vertex 2.781412e-02 -1.091886e-01 -4.968736e-02
    endloop
  endfacet
  facet normal -2.196097e-01 9.755841e-01 2.689176e-03
    outer loop
      vertex 1.956424e-02 -1.264212e-01 -5.323308e-02
      vertex 1.972084e-02 -1.263970e-01 -4.923622e-02
      vertex 3.134247e-02 -1.237686e-01 -5.368421e-02
    endloop
  endfacet
  facet normal -2.209545e-01 9.752836e-01 -1.002189e-03
    outer loop
      vertex 3.134247e-02 -1.237686e-01 -5.368421e-02
      vertex 1.972084e-02 -1.263970e-01 -4.923622e-02
      vertex 3.149641e-02 -1.237296e-01 -4.968736e-02
    endloop
  endfacet
  facet normal -3.698819e-02 -5.724086e-03 -9.992993e-01
    outer loop
      vertex 1.972084e-02 -1.263970e-01 -4.923622e-02
      vertex 1.742683e-02 -1.115734e-01 -4.923622e-02
      vertex 3.149641e-02 -1.237296e-01 -4.968736e-02
    endloop
  endfacet
  facet normal -4.100890e-02 -1.038486e-02 -9.991048e-01
    outer loop
      vertex 1.742683e-02 -1.115734e-01 -4.923622e-02
      vertex 2.781412e-02 -1.091886e-01 -4.968736e-02
      vertex 3.149641e-02 -1.237296e-01 -4.968736e-02
    endloop
  endfacet
  facet normal 3.635225e-02 9.205640e-03 9.992966e-01
    outer loop
      vertex 3.134247e-02 -1.237686e-01 -5.368421e-02
      vertex 4.279526e-02 -1.200235e-01 -5.413534e-02
      vertex 2.766018e-02 -1.092276e-01 -5.368421e-02
    endloop
  endfacet
  facet normal 3.993744e-02 1.423998e-02 9.991007e-01
    outer loop
      vertex 2.766018e-02 -1.092276e-01 -5.368421e-02
      vertex 4.279526e-02 -1.200235e-01 -5.413534e-02
      vertex 3.775755e-02 -1.058948e-01 -5.413534e-02
    endloop
  endfacet
  facet normal 3.133211e-01 -9.496431e-01 -2.805382e-03
    outer loop
      vertex 2.766018e-02 -1.092276e-01 -5.368421e-02
      vertex 3.775755e-02 -1.058948e-01 -5.413534e-02
      vertex 2.781412e-02 -1.091886e-01 -4.968736e-02
    endloop
  endfacet
  facet normal 3.148103e-01 -9.491542e-01 8.856827e-04
    outer loop
      vertex 2.781412e-02 -1.091886e-01 -4.968736e-02
      vertex 3.775755e-02 -1.058948e-01 -5.413534e-02
      vertex 3.790744e-02 -1.058413e-01 -5.013850e-02
    endloop
  endfacet
  facet normal -3.107084e-01 9.505014e-01 2.696381e-03
    outer loop
      vertex 3.134247e-02 -1.237686e-01 -5.368421e-02
      vertex 3.149641e-02 -1.237296e-01 -4.968736e-02
      vertex 4.279526e-02 -1.200235e-01 -5.413534e-02
    endloop
  endfacet
  facet normal -3.120242e-01 9.500736e-01 -1.002459e-03
    outer loop
      vertex 4.279526e-02 -1.200235e-01 -5.413534e-02
      vertex 3.149641e-02 -1.237296e-01 -4.968736e-02
      vertex 4.294514e-02 -1.199701e-01 -5.013850e-02
    endloop
  endfacet
  facet normal -3.635445e-02 -9.206198e-03 -9.992966e-01
    outer loop
      vertex 3.149641e-02 -1.237296e-01 -4.968736e-02
      vertex 2.781412e-02 -1.091886e-01 -4.968736e-02
      vertex 4.294514e-02 -1.199701e-01 -5.013850e-02
    endloop
  endfacet
  facet normal -3.993470e-02 -1.423901e-02 -9.991008e-01
    outer loop
      vertex 2.781412e-02 -1.091886e-01 -4.968736e-02
      vertex 3.790744e-02 -1.058413e-01 -5.013850e-02
      vertex 4.294514e-02 -1.199701e-01 -5.013850e-02
    endloop
  endfacet
  facet normal 3.539113e-02 1.261896e-02 9.992939e-01
    outer loop
      vertex 4.279526e-02 -1.200235e-01 -5.413534e-02
      vertex 5.382175e-02 -1.152237e-01 -5.458647e-02
      vertex 3.775755e-02 -1.058948e-01 -5.413534e-02
    endloop
  endfacet
  facet normal 3.850134e-02 1.798423e-02 9.990967e-01
    outer loop
      vertex 3.775755e-02 -1.058948e-01 -5.413534e-02
      vertex 5.382175e-02 -1.152237e-01 -5.458647e-02
      vertex 4.747355e-02 -1.016332e-01 -5.458647e-02
    endloop
  endfacet
  facet normal 4.015638e-01 -9.158267e-01 -2.813307e-03
    outer loop
      vertex 3.775755e-02 -1.058948e-01 -5.413534e-02
      vertex 4.747355e-02 -1.016332e-01 -5.458647e-02
      vertex 3.790744e-02 -1.058413e-01 -5.013850e-02
    endloop
  endfacet
  facet normal 4.030064e-01 -9.151967e-01 8.851967e-04
    outer loop
      vertex 3.790744e-02 -1.058413e-01 -5.013850e-02
      vertex 4.747355e-02 -1.016332e-01 -5.458647e-02
      vertex 4.761803e-02 -1.015657e-01 -5.058965e-02
    endloop
  endfacet
  facet normal -3.990332e-01 9.169325e-01 2.703622e-03
    outer loop
      vertex 4.279526e-02 -1.200235e-01 -5.413534e-02
      vertex 4.294514e-02 -1.199701e-01 -5.013850e-02
      vertex 5.382175e-02 -1.152237e-01 -5.458647e-02
    endloop
  endfacet
  facet normal -4.003079e-01 9.163801e-01 -1.002723e-03
    outer loop
      vertex 5.382175e-02 -1.152237e-01 -5.458647e-02
      vertex 4.294514e-02 -1.199701e-01 -5.013850e-02
      vertex 5.396622e-02 -1.151562e-01 -5.058965e-02
    endloop
  endfacet
  facet normal -3.539328e-02 -1.261973e-02 -9.992938e-01
    outer loop
      vertex 4.294514e-02 -1.199701e-01 -5.013850e-02
      vertex 3.790744e-02 -1.058413e-01 -5.013850e-02
      vertex 5.396622e-02 -1.151562e-01 -5.058965e-02
    endloop
  endfacet
  facet normal -3.849869e-02 -1.798300e-02 -9.990968e-01
    outer loop
      vertex 3.790744e-02 -1.058413e-01 -5.013850e-02
      vertex 4.761803e-02 -1.015657e-01 -5.058965e-02
      vertex 5.396622e-02 -1.151562e-01 -5.058965e-02
    endloop
  endfacet
  facet normal 3.410988e-02 1.593296e-02 9.992911e-01
    outer loop
      vertex 5.382175e-02 -1.152237e-01 -5.458647e-02
      vertex 6.432527e-02 -1.094159e-01 -5.503759e-02
      vertex 4.747355e-02 -1.016332e-01 -5.458647e-02
    endloop
  endfacet
  facet normal 3.671462e-02 2.158440e-02 9.990927e-01
    outer loop
      vertex 4.747355e-02 -1.016332e-01 -5.458647e-02
      vertex 6.432527e-02 -1.094159e-01 -5.503759e-02
      vertex 5.672322e-02 -9.648502e-02 -5.503759e-02
    endloop
  endfacet
  facet normal 4.862206e-01 -8.738316e-01 -2.821274e-03
    outer loop
      vertex 4.747355e-02 -1.016332e-01 -5.458647e-02
      vertex 5.672322e-02 -9.648502e-02 -5.503759e-02
      vertex 4.761803e-02 -1.015657e-01 -5.058965e-02
    endloop
  endfacet
  facet normal 4.876032e-01 -8.730649e-01 8.846976e-04
    outer loop
      vertex 4.761803e-02 -1.015657e-01 -5.058965e-02
      vertex 5.672322e-02 -9.648502e-02 -5.503759e-02
      vertex 5.686097e-02 -9.640404e-02 -5.104079e-02
    endloop
  endfacet
  facet normal -4.837955e-01 8.751769e-01 2.710899e-03
    outer loop
      vertex 5.382175e-02 -1.152237e-01 -5.458647e-02
      vertex 5.396622e-02 -1.151562e-01 -5.058965e-02
      vertex 6.432527e-02 -1.094159e-01 -5.503759e-02
    endloop
  endfacet
  facet normal -4.850173e-01 8.745040e-01 -1.002979e-03
    outer loop
      vertex 6.432527e-02 -1.094159e-01 -5.503759e-02
      vertex 5.396622e-02 -1.151562e-01 -5.058965e-02
      vertex 6.446302e-02 -1.093350e-01 -5.104079e-02
    endloop
  endfacet
  facet normal -3.411197e-02 -1.593393e-02 -9.992910e-01
    outer loop
      vertex 5.396622e-02 -1.151562e-01 -5.058965e-02
      vertex 4.761803e-02 -1.015657e-01 -5.058965e-02
      vertex 6.446302e-02 -1.093350e-01 -5.104079e-02
    endloop
  endfacet
  facet normal -3.671208e-02 -2.158291e-02 -9.990928e-01
    outer loop
      vertex 4.761803e-02 -1.015657e-01 -5.058965e-02
      vertex 5.686097e-02 -9.640404e-02 -5.104079e-02
      vertex 6.446302e-02 -1.093350e-01 -5.104079e-02
    endloop
  endfacet
  facet normal 3.251869e-02 1.911763e-02 9.992883e-01
    outer loop
      vertex 6.432527e-02 -1.094159e-01 -5.503759e-02
      vertex 7.421420e-02 -1.026561e-01 -5.548872e-02
      vertex 5.672322e-02 -9.648502e-02 -5.503759e-02
    endloop
  endfacet
  facet normal 3.459166e-02 2.500768e-02 9.990886e-01
    outer loop
      vertex 5.672322e-02 -9.648502e-02 -5.503759e-02
      vertex 7.421420e-02 -1.026561e-01 -5.548872e-02
      vertex 6.542612e-02 -9.050010e-02 -5.548872e-02
    endloop
  endfacet
  facet normal 5.665353e-01 -8.240326e-01 -2.829284e-03
    outer loop
      vertex 5.672322e-02 -9.648502e-02 -5.503759e-02
      vertex 6.542612e-02 -9.050010e-02 -5.548872e-02
      vertex 5.686097e-02 -9.640404e-02 -5.104079e-02
    endloop
  endfacet
  facet normal 5.678451e-01 -8.231350e-01 8.841854e-04
    outer loop
      vertex 5.686097e-02 -9.640404e-02 -5.104079e-02
      vertex 6.542612e-02 -9.050010e-02 -5.548872e-02
      vertex 6.555589e-02 -9.040628e-02 -5.149193e-02
    endloop
  endfacet
  facet normal -5.642385e-01 8.256074e-01 2.718213e-03
    outer loop
      vertex 6.432527e-02 -1.094159e-01 -5.503759e-02
      vertex 6.446302e-02 -1.093350e-01 -5.104079e-02
      vertex 7.421420e-02 -1.026561e-01 -5.548872e-02
    endloop
  endfacet
  facet normal -5.653960e-01 8.248190e-01 -1.003230e-03
    outer loop
      vertex 7.421420e-02 -1.026561e-01 -5.548872e-02
      vertex 6.446302e-02 -1.093350e-01 -5.104079e-02
      vertex 7.434398e-02 -1.025623e-01 -5.149193e-02
    endloop
  endfacet
  facet normal -3.252069e-02 -1.911880e-02 -9.992882e-01
    outer loop
      vertex 6.446302e-02 -1.093350e-01 -5.104079e-02
      vertex 5.686097e-02 -9.640404e-02 -5.104079e-02
      vertex 7.434398e-02 -1.025623e-01 -5.149193e-02
    endloop
  endfacet
  facet normal -3.458926e-02 -2.500595e-02 -9.990887e-01
    outer loop
      vertex 5.686097e-02 -9.640404e-02 -5.104079e-02
      vertex 6.555589e-02 -9.040628e-02 -5.149193e-02
      vertex 7.434398e-02 -1.025623e-01 -5.149193e-02
    endloop
  endfacet
  facet normal 3.063055e-02 2.214404e-02 9.992855e-01
    outer loop
      vertex 7.421420e-02 -1.026561e-01 -5.548872e-02
      vertex 8.340278e-02 -9.500829e-02 -5.593985e-02
      vertex 6.542612e-02 -9.050010e-02 -5.548872e-02
    endloop
  endfacet
  facet normal 3.214992e-02 2.822272e-02 9.990845e-01
    outer loop
      vertex 6.542612e-02 -9.050010e-02 -5.548872e-02
      vertex 8.340278e-02 -9.500829e-02 -5.593985e-02
      vertex 7.350705e-02 -8.373556e-02 -5.593985e-02
    endloop
  endfacet
  facet normal 6.417909e-01 -7.668745e-01 -2.837337e-03
    outer loop
      vertex 6.542612e-02 -9.050010e-02 -5.548872e-02
      vertex 7.350705e-02 -8.373556e-02 -5.593985e-02
      vertex 6.555589e-02 -9.040628e-02 -5.149193e-02
    endloop
  endfacet
  facet normal 6.430153e-01 -7.658528e-01 8.836599e-04
    outer loop
      vertex 6.555589e-02 -9.040628e-02 -5.149193e-02
      vertex 7.350705e-02 -8.373556e-02 -5.593985e-02
      vertex 7.362764e-02 -8.362970e-02 -5.194307e-02
    endloop
  endfacet
  facet normal -6.396439e-01 7.686665e-01 2.725565e-03
    outer loop
      vertex 7.421420e-02 -1.026561e-01 -5.548872e-02
      vertex 7.434398e-02 -1.025623e-01 -5.149193e-02
      vertex 8.340278e-02 -9.500829e-02 -5.593985e-02
    endloop
  endfacet
  facet normal -6.407263e-01 7.677687e-01 -1.003473e-03
    outer loop
      vertex 8.340278e-02 -9.500829e-02 -5.593985e-02
      vertex 7.434398e-02 -1.025623e-01 -5.149193e-02
      vertex 8.352338e-02 -9.490243e-02 -5.194307e-02
    endloop
  endfacet
  facet normal -3.063243e-02 -2.214540e-02 -9.992854e-01
    outer loop
      vertex 7.434398e-02 -1.025623e-01 -5.149193e-02
      vertex 6.555589e-02 -9.040628e-02 -5.149193e-02
      vertex 8.352338e-02 -9.490243e-02 -5.194307e-02
    endloop
  endfacet
  facet normal -3.214768e-02 -2.822075e-02 -9.990846e-01
    outer loop
      vertex 6.555589e-02 -9.040628e-02 -5.149193e-02
      vertex 7.362764e-02 -8.362970e-02 -5.194307e-02
      vertex 8.352338e-02 -9.490243e-02 -5.194307e-02
    endloop
  endfacet
  facet normal 2.846112e-02 2.498452e-02 9.992826e-01
    outer loop
      vertex 8.340278e-02 -9.500829e-02 -5.593985e-02
      vertex 9.181182e-02 -8.654411e-02 -5.639098e-02
      vertex 7.350705e-02 -8.373556e-02 -5.593985e-02
    endloop
  endfacet
  facet normal 2.940977e-02 3.119987e-02 9.990804e-01
    outer loop
      vertex 7.350705e-02 -8.373556e-02 -5.593985e-02
      vertex 9.181182e-02 -8.654411e-02 -5.639098e-02
      vertex 8.089671e-02 -7.625526e-02 -5.639098e-02
    endloop
  endfacet
  facet normal 7.113150e-01 -7.028676e-01 -2.845434e-03
    outer loop
      vertex 7.350705e-02 -8.373556e-02 -5.593985e-02
      vertex 8.089671e-02 -7.625526e-02 -5.639098e-02
      vertex 7.362764e-02 -8.362970e-02 -5.194307e-02
    endloop
  endfacet
  facet normal 7.124424e-01 -7.017300e-01 8.831208e-04
    outer loop
      vertex 7.362764e-02 -8.362970e-02 -5.194307e-02
      vertex 8.089671e-02 -7.625526e-02 -5.639098e-02
      vertex 8.100701e-02 -7.613824e-02 -5.239421e-02
    endloop
  endfacet
  facet normal -7.093385e-01 7.048627e-01 2.732954e-03
    outer loop
      vertex 8.340278e-02 -9.500829e-02 -5.593985e-02
      vertex 8.352338e-02 -9.490243e-02 -5.194307e-02
      vertex 9.181182e-02 -8.654411e-02 -5.639098e-02
    endloop
  endfacet
  facet normal -7.103354e-01 7.038627e-01 -1.003710e-03
    outer loop
      vertex 9.181182e-02 -8.654411e-02 -5.639098e-02
      vertex 8.352338e-02 -9.490243e-02 -5.194307e-02
      vertex 9.192212e-02 -8.642709e-02 -5.239421e-02
    endloop
  endfacet
  facet normal -2.846288e-02 -2.498607e-02 -9.992825e-01
    outer loop
      vertex 8.352338e-02 -9.490243e-02 -5.194307e-02
      vertex 7.362764e-02 -8.362970e-02 -5.194307e-02
      vertex 9.192212e-02 -8.642709e-02 -5.239421e-02
    endloop
  endfacet
  facet normal -2.940771e-02 -3.119768e-02 -9.990805e-01
    outer loop
      vertex 7.362764e-02 -8.362970e-02 -5.194307e-02
      vertex 8.100701e-02 -7.613824e-02 -5.239421e-02
      vertex 9.192212e-02 -8.642709e-02 -5.239421e-02
    endloop
  endfacet
  facet normal 2.602868e-02 2.761298e-02 9.992798e-01
    outer loop
      vertex 9.181182e-02 -8.654411e-02 -5.639098e-02
      vertex 9.936940e-02 -7.734231e-02 -5.684211e-02
      vertex 8.089671e-02 -7.625526e-02 -5.639098e-02
    endloop
  endfacet
  facet normal 2.639435e-02 3.391147e-02 9.990762e-01
    outer loop
      vertex 8.089671e-02 -7.625526e-02 -5.639098e-02
      vertex 9.936940e-02 -7.734231e-02 -5.684211e-02
      vertex 8.753230e-02 -6.812912e-02 -5.684211e-02
    endloop
  endfacet
  facet normal 7.744869e-01 -6.325835e-01 -2.853574e-03
    outer loop
      vertex 8.089671e-02 -7.625526e-02 -5.639098e-02
      vertex 8.753230e-02 -6.812912e-02 -5.684211e-02
      vertex 8.100701e-02 -7.613824e-02 -5.239421e-02
    endloop
  endfacet
  facet normal 7.755063e-01 -6.313392e-01 8.825682e-04
    outer loop
      vertex 8.100701e-02 -7.613824e-02 -5.239421e-02
      vertex 8.753230e-02 -6.812912e-02 -5.684211e-02
      vertex 8.763127e-02 -6.800195e-02 -5.284535e-02
    endloop
  endfacet
  facet normal -7.727000e-01 6.347654e-01 2.740380e-03
    outer loop
      vertex 9.181182e-02 -8.654411e-02 -5.639098e-02
      vertex 9.192212e-02 -8.642709e-02 -5.239421e-02
      vertex 9.936940e-02 -7.734231e-02 -5.684211e-02
    endloop
  endfacet
  facet normal -7.736017e-01 6.336714e-01 -1.003939e-03
    outer loop
      vertex 9.936940e-02 -7.734231e-02 -5.684211e-02
      vertex 9.192212e-02 -8.642709e-02 -5.239421e-02
      vertex 9.946838e-02 -7.721514e-02 -5.284535e-02
    endloop
  endfacet
  facet normal -2.603030e-02 -2.761469e-02 -9.992797e-01
    outer loop
      vertex 9.192212e-02 -8.642709e-02 -5.239421e-02
      vertex 8.100701e-02 -7.613824e-02 -5.239421e-02
      vertex 9.946838e-02 -7.721514e-02 -5.284535e-02
    endloop
  endfacet
  facet normal -2.639250e-02 -3.390908e-02 -9.990764e-01
    outer loop
      vertex 8.100701e-02 -7.613824e-02 -5.239421e-02
      vertex 8.763127e-02 -6.800195e-02 -5.284535e-02
      vertex 9.946838e-02 -7.721514e-02 -5.284535e-02
    endloop
  endfacet
  facet normal 2.335389e-02 3.000508e-02 9.992769e-01
    outer loop
      vertex 9.936940e-02 -7.734231e-02 -5.684211e-02
      vertex 1.060115e-01 -6.748790e-02 -5.729323e-02
      vertex 8.753230e-02 -6.812912e-02 -5.684211e-02
    endloop
  endfacet
  facet normal 2.312935e-02 3.633210e-02 9.990721e-01
    outer loop
      vertex 8.753230e-02 -6.812912e-02 -5.684211e-02
      vertex 1.060115e-01 -6.748790e-02 -5.729323e-02
      vertex 9.335799e-02 -5.943255e-02 -5.729323e-02
    endloop
  endfacet
  facet normal 8.307422e-01 -5.566499e-01 -2.861758e-03
    outer loop
      vertex 8.753230e-02 -6.812912e-02 -5.684211e-02
      vertex 9.335799e-02 -5.943255e-02 -5.729323e-02
      vertex 8.763127e-02 -6.800195e-02 -5.284535e-02
    endloop
  endfacet
  facet normal 8.316436e-01 -5.553091e-01 8.820017e-04
    outer loop
      vertex 8.763127e-02 -6.800195e-02 -5.284535e-02
      vertex 9.335799e-02 -5.943255e-02 -5.729323e-02
      vertex 9.344472e-02 -5.929633e-02 -5.329649e-02
    endloop
  endfacet
  facet normal -8.291627e-01 5.590007e-01 2.747845e-03
    outer loop
      vertex 9.936940e-02 -7.734231e-02 -5.684211e-02
      vertex 9.946838e-02 -7.721514e-02 -5.284535e-02
      vertex 1.060115e-01 -6.748790e-02 -5.729323e-02
    endloop
  endfacet
  facet normal -8.299603e-01 5.578216e-01 -1.004162e-03
    outer loop
      vertex 1.060115e-01 -6.748790e-02 -5.729323e-02
      vertex 9.946838e-02 -7.721514e-02 -5.284535e-02
      vertex 1.060982e-01 -6.735167e-02 -5.329649e-02
    endloop
  endfacet
  facet normal -2.335535e-02 -3.000696e-02 -9.992768e-01
    outer loop
      vertex 9.946838e-02 -7.721514e-02 -5.284535e-02
      vertex 8.763127e-02 -6.800195e-02 -5.284535e-02
      vertex 1.060982e-01 -6.735167e-02 -5.329649e-02
    endloop
  endfacet
  facet normal -2.312771e-02 -3.632954e-02 -9.990722e-01
    outer loop
      vertex 8.763127e-02 -6.800195e-02 -5.284535e-02
      vertex 9.344472e-02 -5.929633e-02 -5.329649e-02
      vertex 1.060982e-01 -6.735167e-02 -5.329649e-02
    endloop
  endfacet
  facet normal 2.045969e-02 3.213854e-02 9.992740e-01
    outer loop
      vertex 1.060115e-01 -6.748790e-02 -5.729323e-02
      vertex 1.116825e-01 -5.707134e-02 -5.774436e-02
      vertex 9.335799e-02 -5.943255e-02 -5.729323e-02
    endloop
  endfacet
  facet normal 1.964279e-02 3.843884e-02 9.990679e-01
    outer loop
      vertex 9.335799e-02 -5.943255e-02 -5.729323e-02
      vertex 1.116825e-01 -5.707134e-02 -5.774436e-02
      vertex 9.832549e-02 -5.024570e-02 -5.774436e-02
    endloop
  endfacet
  facet normal 8.795786e-01 -4.757449e-01 -2.869986e-03
    outer loop
      vertex 9.335799e-02 -5.943255e-02 -5.729323e-02
      vertex 9.832549e-02 -5.024570e-02 -5.774436e-02
      vertex 9.344472e-02 -5.929633e-02 -5.329649e-02
    endloop
  endfacet
  facet normal 8.803528e-01 -4.743187e-01 8.814212e-04
    outer loop
      vertex 9.344472e-02 -5.929633e-02 -5.329649e-02
      vertex 9.832549e-02 -5.024570e-02 -5.774436e-02
      vertex 9.839913e-02 -5.010160e-02 -5.374764e-02
    endloop
  endfacet
  facet normal -8.782223e-01 4.782448e-01 2.755347e-03
    outer loop
      vertex 1.060115e-01 -6.748790e-02 -5.729323e-02
      vertex 1.060982e-01 -6.735167e-02 -5.329649e-02
      vertex 1.116825e-01 -5.707134e-02 -5.774436e-02
    endloop
  endfacet
  facet normal -8.789079e-01 4.769905e-01 -1.004377e-03
    outer loop
      vertex 1.116825e-01 -5.707134e-02 -5.774436e-02
      vertex 1.060982e-01 -6.735167e-02 -5.329649e-02
      vertex 1.117562e-01 -5.692724e-02 -5.374764e-02
    endloop
  endfacet
  facet normal -2.046097e-02 -3.214056e-02 -9.992739e-01
    outer loop
      vertex 1.060982e-01 -6.735167e-02 -5.329649e-02
      vertex 9.344472e-02 -5.929633e-02 -5.329649e-02
      vertex 1.117562e-01 -5.692724e-02 -5.374764e-02
    endloop
  endfacet
  facet normal -1.964139e-02 -3.843612e-02 -9.990680e-01
    outer loop
      vertex 9.344472e-02 -5.929633e-02 -5.329649e-02
      vertex 9.839913e-02 -5.010160e-02 -5.374764e-02
      vertex 1.117562e-01 -5.692724e-02 -5.374764e-02
    endloop
  endfacet
  facet normal 1.737103e-02 3.399326e-02 9.992711e-01
    outer loop
      vertex 1.116825e-01 -5.707134e-02 -5.774436e-02
      vertex 1.163358e-01 -4.618779e-02 -5.819549e-02
      vertex 9.832549e-02 -5.024570e-02 -5.774436e-02
    endloop
  endfacet
  facet normal 1.596481e-02 4.021146e-02 9.990636e-01
    outer loop
      vertex 9.832549e-02 -5.024570e-02 -5.774436e-02
      vertex 1.163358e-01 -4.618779e-02 -5.819549e-02
      vertex 1.023943e-01 -4.065274e-02 -5.819549e-02
    endloop
  endfacet
  facet normal 9.205599e-01 -3.905908e-01 -2.878260e-03
    outer loop
      vertex 9.832549e-02 -5.024570e-02 -5.774436e-02
      vertex 1.023943e-01 -4.065274e-02 -5.819549e-02
      vertex 9.839913e-02 -5.010160e-02 -5.374764e-02
    endloop
  endfacet
  facet normal 9.211987e-01 -3.890914e-01 8.808266e-04
    outer loop
      vertex 9.839913e-02 -5.010160e-02 -5.374764e-02
      vertex 1.023943e-01 -4.065274e-02 -5.819549e-02
      vertex 1.024542e-01 -4.050201e-02 -5.419878e-02
    endloop
  endfacet
  facet normal -9.194408e-01 3.932188e-01 2.762889e-03
    outer loop
      vertex 1.116825e-01 -5.707134e-02 -5.774436e-02
      vertex 1.117562e-01 -5.692724e-02 -5.374764e-02
      vertex 1.163358e-01 -4.618779e-02 -5.819549e-02
    endloop
  endfacet
  facet normal -9.200073e-01 3.919000e-01 -1.004586e-03
    outer loop
      vertex 1.163358e-01 -4.618779e-02 -5.819549e-02
      vertex 1.117562e-01 -5.692724e-02 -5.374764e-02
      vertex 1.163956e-01 -4.603706e-02 -5.419878e-02
    endloop
  endfacet
  facet normal -1.737213e-02 -3.399540e-02 -9.992710e-01
    outer loop
      vertex 1.117562e-01 -5.692724e-02 -5.374764e-02
      vertex 9.839913e-02 -5.010160e-02 -5.374764e-02
      vertex 1.163956e-01 -4.603706e-02 -5.419878e-02
    endloop
  endfacet
  facet normal -1.596367e-02 -4.020859e-02 -9.990638e-01
    outer loop
      vertex 9.839913e-02 -5.010160e-02 -5.374764e-02
      vertex 1.024542e-01 -4.050201e-02 -5.419878e-02
      vertex 1.163956e-01 -4.603706e-02 -5.419878e-02
    endloop
  endfacet
  facet normal 1.411473e-02 3.555157e-02 9.992682e-01
    outer loop
      vertex 1.163358e-01 -4.618779e-02 -5.819549e-02
      vertex 1.199338e-01 -3.493616e-02 -5.864662e-02
      vertex 1.023943e-01 -4.065274e-02 -5.819549e-02
    endloop
  endfacet
  facet normal 1.212739e-02 4.163260e-02 9.990594e-01
    outer loop
      vertex 1.023943e-01 -4.065274e-02 -5.819549e-02
      vertex 1.199338e-01 -3.493616e-02 -5.864662e-02
      vertex 1.055323e-01 -3.074109e-02 -5.864662e-02
    endloop
  endfacet
  facet normal 9.533199e-01 -3.019483e-01 -2.886578e-03
    outer loop
      vertex 1.023943e-01 -4.065274e-02 -5.819549e-02
      vertex 1.055323e-01 -3.074109e-02 -5.864662e-02
      vertex 1.024542e-01 -4.050201e-02 -5.419878e-02
    endloop
  endfacet
  facet normal 9.538165e-01 -3.003885e-01 8.802176e-04
    outer loop
      vertex 1.024542e-01 -4.050201e-02 -5.419878e-02
      vertex 1.055323e-01 -3.074109e-02 -5.864662e-02
      vertex 1.055778e-01 -3.058505e-02 -5.464992e-02
    endloop
  endfacet
  facet normal -9.524502e-01 3.046818e-01 2.770469e-03
    outer loop
      vertex 1.163358e-01 -4.618779e-02 -5.819549e-02
      vertex 1.163956e-01 -4.603706e-02 -5.419878e-02
      vertex 1.199338e-01 -3.493616e-02 -5.864662e-02
    endloop
  endfacet
  facet normal -9.528915e-01 3.033098e-01 -1.004787e-03
    outer loop
      vertex 1.199338e-01 -3.493616e-02 -5.864662e-02
      vertex 1.163956e-01 -4.603706e-02 -5.419878e-02
      vertex 1.199792e-01 -3.478013e-02 -5.464992e-02
    endloop
  endfacet
  facet normal -1.411562e-02 -3.555381e-02 -9.992681e-01
    outer loop
      vertex 1.163956e-01 -4.603706e-02 -5.419878e-02
      vertex 1.024542e-01 -4.050201e-02 -5.419878e-02
      vertex 1.199792e-01 -3.478013e-02 -5.464992e-02
    endloop
  endfacet
  facet normal -1.212652e-02 -4.162962e-02 -9.990595e-01
    outer loop
      vertex 1.024542e-01 -4.050201e-02 -5.419878e-02
      vertex 1.055778e-01 -3.058505e-02 -5.464992e-02
      vertex 1.199792e-01 -3.478013e-02 -5.464992e-02
    endloop
  endfacet
  facet normal 1.071919e-02 3.679835e-02 9.992652e-01
    outer loop
      vertex 1.199338e-01 -3.493616e-02 -5.864662e-02
      vertex 1.224487e-01 -2.341829e-02 -5.909774e-02
      vertex 1.055323e-01 -3.074109e-02 -5.864662e-02
    endloop
  endfacet
  facet normal 8.164069e-03 4.268797e-02 9.990551e-01
    outer loop
      vertex 1.055323e-01 -3.074109e-02 -5.864662e-02
      vertex 1.224487e-01 -2.341829e-02 -5.909774e-02
      vertex 1.077157e-01 -2.060061e-02 -5.909774e-02
    endloop
  endfacet
  facet normal 9.775661e-01 -2.106090e-01 -2.894942e-03
    outer loop
      vertex 1.055323e-01 -3.074109e-02 -5.864662e-02
      vertex 1.077157e-01 -2.060061e-02 -5.909774e-02
      vertex 1.055778e-01 -3.058505e-02 -5.464992e-02
    endloop
  endfacet
  facet normal 9.779148e-01 -2.090021e-01 8.795942e-04
    outer loop
      vertex 1.055778e-01 -3.058505e-02 -5.464992e-02
      vertex 1.077157e-01 -2.060061e-02 -5.909774e-02
      vertex 1.077463e-01 -2.044064e-02 -5.510106e-02
    endloop
  endfacet
  facet normal -9.769557e-01 2.134242e-01 2.778088e-03
    outer loop
      vertex 1.199338e-01 -3.493616e-02 -5.864662e-02
      vertex 1.199792e-01 -3.478013e-02 -5.464992e-02
      vertex 1.224487e-01 -2.341829e-02 -5.909774e-02
    endloop
  endfacet
  facet normal -9.772668e-01 2.120109e-01 -1.004980e-03
    outer loop
      vertex 1.224487e-01 -2.341829e-02 -5.909774e-02
      vertex 1.199792e-01 -3.478013e-02 -5.464992e-02
      vertex 1.224793e-01 -2.325832e-02 -5.510106e-02
    endloop
  endfacet
  facet normal -1.071987e-02 -3.680069e-02 -9.992651e-01
    outer loop
      vertex 1.199792e-01 -3.478013e-02 -5.464992e-02
      vertex 1.055778e-01 -3.058505e-02 -5.464992e-02
      vertex 1.224793e-01 -2.325832e-02 -5.510106e-02
    endloop
  endfacet
  facet normal -8.163482e-03 -4.268490e-02 -9.990552e-01
    outer loop
      vertex 1.055778e-01 -3.058505e-02 -5.464992e-02
      vertex 1.077463e-01 -2.044064e-02 -5.510106e-02
      vertex 1.224793e-01 -2.325832e-02 -5.510106e-02
    endloop
  endfacet
  facet normal 7.214179e-03 3.772123e-02 9.992623e-01
    outer loop
      vertex 1.224487e-01 -2.341829e-02 -5.909774e-02
      vertex 1.238624e-01 -1.173796e-02 -5.954887e-02
      vertex 1.077157e-01 -2.060061e-02 -5.909774e-02
    endloop
  endfacet
  facet normal 4.109676e-03 4.336649e-02 9.990508e-01
    outer loop
      vertex 1.077157e-01 -2.060061e-02 -5.909774e-02
      vertex 1.238624e-01 -1.173796e-02 -5.954887e-02
      vertex 1.089293e-01 -1.032281e-02 -5.954887e-02
    endloop
  endfacet
  facet normal 9.930818e-01 -1.173884e-01 -2.903351e-03
    outer loop
      vertex 1.077157e-01 -2.060061e-02 -5.909774e-02
      vertex 1.089293e-01 -1.032281e-02 -5.954887e-02
      vertex 1.077463e-01 -2.044064e-02 -5.510106e-02
    endloop
  endfacet
  facet normal 9.932781e-01 -1.157487e-01 8.789560e-04
    outer loop
      vertex 1.077463e-01 -2.044064e-02 -5.510106e-02
      vertex 1.089293e-01 -1.032281e-02 -5.954887e-02
      vertex 1.089447e-01 -1.016032e-02 -5.555220e-02
    endloop
  endfacet
  facet normal -9.927384e-01 1.202610e-01 2.785747e-03
    outer loop
      vertex 1.224487e-01 -2.341829e-02 -5.909774e-02
      vertex 1.224793e-01 -2.325832e-02 -5.510106e-02
      vertex 1.238624e-01 -1.173796e-02 -5.954887e-02
    endloop
  endfacet
  facet normal -9.929155e-01 1.188187e-01 -1.005166e-03
    outer loop
      vertex 1.238624e-01 -1.173796e-02 -5.954887e-02
      vertex 1.224793e-01 -2.325832e-02 -5.510106e-02
      vertex 1.238778e-01 -1.157547e-02 -5.555220e-02
    endloop
  endfacet
  facet normal -7.214639e-03 -3.772363e-02 -9.992622e-01
    outer loop
      vertex 1.224793e-01 -2.325832e-02 -5.510106e-02
      vertex 1.077463e-01 -2.044064e-02 -5.510106e-02
      vertex 1.238778e-01 -1.157547e-02 -5.555220e-02
    endloop
  endfacet
  facet normal -4.109379e-03 -4.336336e-02 -9.990509e-01
    outer loop
      vertex 1.077463e-01 -2.044064e-02 -5.510106e-02
      vertex 1.089447e-01 -1.016032e-02 -5.555220e-02
      vertex 1.238778e-01 -1.157547e-02 -5.555220e-02
    endloop
  endfacet
  facet normal 3.630553e-03 3.831065e-02 9.992593e-01
    outer loop
      vertex 1.238624e-01 -1.173796e-02 -5.954887e-02
      vertex 1.241667e-01 -6.082412e-17 -6.000000e-02
      vertex 1.089293e-01 -1.032281e-02 -5.954887e-02
    endloop
  endfacet
  facet normal 2.186034e-17 4.366037e-02 9.990464e-01
    outer loop
      vertex 1.089293e-01 -1.032281e-02 -5.954887e-02
      vertex 1.241667e-01 -6.082412e-17 -6.000000e-02
      vertex 1.091667e-01 -5.347624e-17 -6.000000e-02
    endloop
  endfacet
  facet normal 9.997285e-01 -2.311926e-02 -2.911807e-03
    outer loop
      vertex 1.089293e-01 -1.032281e-02 -5.954887e-02
      vertex 1.091667e-01 -5.347624e-17 -6.000000e-02
      vertex 1.089447e-01 -1.016032e-02 -5.555220e-02
    endloop
  endfacet
  facet normal 9.997693e-01 -2.146099e-02 8.783030e-04
    outer loop
      vertex 1.089447e-01 -1.016032e-02 -5.555220e-02
      vertex 1.091667e-01 -5.347624e-17 -6.000000e-02
      vertex 1.091667e-01 1.635653e-04 -5.600335e-02
    endloop
  endfacet
  facet normal -9.996574e-01 2.602385e-02 2.793445e-03
    outer loop
      vertex 1.238624e-01 -1.173796e-02 -5.954887e-02
      vertex 1.238778e-01 -1.157547e-02 -5.555220e-02
      vertex 1.241667e-01 -6.082412e-17 -6.000000e-02
    endloop
  endfacet
  facet normal -9.996977e-01 2.456520e-02 -1.005344e-03
    outer loop
      vertex 1.241667e-01 -6.082412e-17 -6.000000e-02
      vertex 1.238778e-01 -1.157547e-02 -5.555220e-02
      vertex 1.241667e-01 1.635653e-04 -5.600335e-02
    endloop
  endfacet
  facet normal -3.630785e-03 -3.831310e-02 -9.992592e-01
    outer loop
      vertex 1.238778e-01 -1.157547e-02 -5.555220e-02
      vertex 1.089447e-01 -1.016032e-02 -5.555220e-02
      vertex 1.241667e-01 1.635653e-04 -5.600335e-02
    endloop
  endfacet
  facet normal -2.185806e-17 -4.365721e-02 -9.990466e-01
    outer loop
      vertex 1.089447e-01 -1.016032e-02 -5.555220e-02
      vertex 1.091667e-01 1.635653e-04 -5.600335e-02
      vertex 1.241667e-01 1.635653e-04 -5.600335e-02
    endloop
  endfacet
  facet normal 1.888896e-17 3.856001e-02 9.992563e-01
    outer loop
      vertex 1.241667e-01 -6.082412e-17 -6.000000e-02
      vertex 1.233633e-01 1.169067e-02 -6.045113e-02
      vertex 1.091667e-01 -5.347624e-17 -6.000000e-02
    endloop
  endfacet
  facet normal -4.128510e-03 4.356523e-02 9.990421e-01
    outer loop
      vertex 1.091667e-01 -5.347624e-17 -6.000000e-02
      vertex 1.233633e-01 1.169067e-02 -6.045113e-02
      vertex 1.084302e-01 1.027552e-02 -6.045113e-02
    endloop
  endfacet
  facet normal 9.974466e-01 7.135661e-02 -2.920309e-03
    outer loop
      vertex 1.091667e-01 -5.347624e-17 -6.000000e-02
      vertex 1.084302e-01 1.027552e-02 -6.045113e-02
      vertex 1.091667e-01 1.635653e-04 -5.600335e-02
    endloop
  endfacet
  facet normal 9.973302e-01 7.301868e-02 8.776350e-04
    outer loop
      vertex 1.091667e-01 1.635653e-04 -5.600335e-02
      vertex 1.084302e-01 1.027552e-02 -6.045113e-02
      vertex 1.084148e-01 1.043870e-02 -5.645449e-02
    endloop
  endfacet
  facet normal -9.976509e-01 -6.844583e-02 2.801184e-03
    outer loop
      vertex 1.241667e-01 -6.082412e-17 -6.000000e-02
      vertex 1.241667e-01 1.635653e-04 -5.600335e-02
      vertex 1.233633e-01 1.169067e-02 -6.045113e-02
    endloop
  endfacet
  facet normal -9.975529e-01 -6.990783e-02 -1.005515e-03
    outer loop
      vertex 1.233633e-01 1.169067e-02 -6.045113e-02
      vertex 1.241667e-01 1.635653e-04 -5.600335e-02
      vertex 1.233479e-01 1.185386e-02 -5.645449e-02
    endloop
  endfacet
  facet normal -1.888397e-17 -3.856249e-02 -9.992562e-01
    outer loop
      vertex 1.241667e-01 1.635653e-04 -5.600335e-02
      vertex 1.091667e-01 1.635653e-04 -5.600335e-02
      vertex 1.233479e-01 1.185386e-02 -5.645449e-02
    endloop
  endfacet
  facet normal 4.128209e-03 -4.356206e-02 -9.990422e-01
    outer loop
      vertex 1.091667e-01 1.635653e-04 -5.600335e-02
      vertex 1.084148e-01 1.043870e-02 -5.645449e-02
      vertex 1.233479e-01 1.185386e-02 -5.645449e-02
    endloop
  endfacet
  facet normal -3.645247e-03 3.846570e-02 9.992533e-01
    outer loop
      vertex 1.233633e-01 1.169067e-02 -6.045113e-02
      vertex 1.214640e-01 2.322997e-02 -6.090226e-02
      vertex 1.084302e-01 1.027552e-02 -6.045113e-02
    endloop
  endfacet
  facet normal -8.239070e-03 4.308014e-02 9.990376e-01
    outer loop
      vertex 1.084302e-01 1.027552e-02 -6.045113e-02
      vertex 1.214640e-01 2.322997e-02 -6.090226e-02
      vertex 1.067310e-01 2.041229e-02 -6.090226e-02
    endloop
  endfacet
  facet normal 9.862565e-01 1.651955e-01 -2.928858e-03
    outer loop
      vertex 1.084302e-01 1.027552e-02 -6.045113e-02
      vertex 1.067310e-01 2.041229e-02 -6.090226e-02
      vertex 1.084148e-01 1.043870e-02 -5.645449e-02
    endloop
  endfacet
  facet normal 9.859825e-01 1.668464e-01 8.769517e-04
    outer loop
      vertex 1.084148e-01 1.043870e-02 -5.645449e-02
      vertex 1.067310e-01 2.041229e-02 -6.090226e-02
      vertex 1.067002e-01 2.057364e-02 -5.690563e-02
    endloop
  endfacet
  facet normal -9.867367e-01 -1.623045e-01 2.808962e-03
    outer loop
      vertex 1.233633e-01 1.169067e-02 -6.045113e-02
      vertex 1.233479e-01 1.185386e-02 -5.645449e-02
      vertex 1.214640e-01 2.322997e-02 -6.090226e-02
    endloop
  endfacet
  facet normal -9.865002e-01 -1.637568e-01 -1.005678e-03
    outer loop
      vertex 1.214640e-01 2.322997e-02 -6.090226e-02
      vertex 1.233479e-01 1.185386e-02 -5.645449e-02
      vertex 1.214331e-01 2.339132e-02 -5.690563e-02
    endloop
  endfacet
  facet normal 3.645482e-03 -3.846819e-02 -9.992532e-01
    outer loop
      vertex 1.233479e-01 1.185386e-02 -5.645449e-02
      vertex 1.084148e-01 1.043870e-02 -5.645449e-02
      vertex 1.214331e-01 2.339132e-02 -5.690563e-02
    endloop
  endfacet
  facet normal 8.238467e-03 -4.307698e-02 -9.990378e-01
    outer loop
      vertex 1.084148e-01 1.043870e-02 -5.645449e-02
      vertex 1.067002e-01 2.057364e-02 -5.690563e-02
      vertex 1.214331e-01 2.339132e-02 -5.690563e-02
    endloop
  endfacet
  facet normal -7.272693e-03 3.802718e-02 9.992502e-01
    outer loop
      vertex 1.214640e-01 2.322997e-02 -6.090226e-02
      vertex 1.184900e-01 3.451560e-02 -6.135338e-02
      vertex 1.067310e-01 2.041229e-02 -6.090226e-02
    endloop
  endfacet
  facet normal -1.229489e-02 4.220762e-02 9.990332e-01
    outer loop
      vertex 1.067310e-01 2.041229e-02 -6.090226e-02
      vertex 1.184900e-01 3.451560e-02 -6.135338e-02
      vertex 1.040886e-01 3.032053e-02 -6.135338e-02
    endloop
  endfacet
  facet normal 9.662581e-01 2.575592e-01 -2.937455e-03
    outer loop
      vertex 1.067310e-01 2.041229e-02 -6.090226e-02
      vertex 1.040886e-01 3.032053e-02 -6.135338e-02
      vertex 1.067002e-01 2.057364e-02 -5.690563e-02
    endloop
  endfacet
  facet normal 9.658275e-01 2.591841e-01 8.762530e-04
    outer loop
      vertex 1.067002e-01 2.057364e-02 -5.690563e-02
      vertex 1.040886e-01 3.032053e-02 -6.135338e-02
      vertex 1.040425e-01 3.047858e-02 -5.735677e-02
    endloop
  endfacet
  facet normal -9.670123e-01 -2.547143e-01 2.816782e-03
    outer loop
      vertex 1.214640e-01 2.322997e-02 -6.090226e-02
      vertex 1.214331e-01 2.339132e-02 -5.690563e-02
      vertex 1.184900e-01 3.451560e-02 -6.135338e-02
    endloop
  endfacet
  facet normal -9.666382e-01 -2.561437e-01 -1.005833e-03
    outer loop
      vertex 1.184900e-01 3.451560e-02 -6.135338e-02
      vertex 1.214331e-01 2.339132e-02 -5.690563e-02
      vertex 1.184440e-01 3.467366e-02 -5.735677e-02
    endloop
  endfacet
  facet normal 7.273165e-03 -3.802965e-02 -9.992501e-01
    outer loop
      vertex 1.214331e-01 2.339132e-02 -5.690563e-02
      vertex 1.067002e-01 2.057364e-02 -5.690563e-02
      vertex 1.184440e-01 3.467366e-02 -5.735677e-02
    endloop
  endfacet
  facet normal 1.229398e-02 -4.220452e-02 -9.990334e-01
    outer loop
      vertex 1.067002e-01 2.057364e-02 -5.690563e-02
      vertex 1.040425e-01 3.047858e-02 -5.735677e-02
      vertex 1.184440e-01 3.467366e-02 -5.735677e-02
    endloop
  endfacet
  facet normal -1.084987e-02 3.724696e-02 9.992472e-01
    outer loop
      vertex 1.184900e-01 3.451560e-02 -6.135338e-02
      vertex 1.144723e-01 4.544793e-02 -6.180451e-02
      vertex 1.040886e-01 3.032053e-02 -6.135338e-02
    endloop
  endfacet
  facet normal -1.625949e-02 4.095369e-02 9.990287e-01
    outer loop
      vertex 1.040886e-01 3.032053e-02 -6.135338e-02
      vertex 1.144723e-01 4.544793e-02 -6.180451e-02
      vertex 1.005308e-01 3.991289e-02 -6.180451e-02
    endloop
  endfacet
  facet normal 9.376298e-01 3.476228e-01 -2.946099e-03
    outer loop
      vertex 1.040886e-01 3.032053e-02 -6.135338e-02
      vertex 1.005308e-01 3.991289e-02 -6.180451e-02
      vertex 1.040425e-01 3.047858e-02 -5.735677e-02
    endloop
  endfacet
  facet normal 9.370452e-01 3.492069e-01 8.755386e-04
    outer loop
      vertex 1.040425e-01 3.047858e-02 -5.735677e-02
      vertex 1.005308e-01 3.991289e-02 -6.180451e-02
      vertex 1.004699e-01 4.006622e-02 -5.780792e-02
    endloop
  endfacet
  facet normal -9.386536e-01 -3.448499e-01 2.824642e-03
    outer loop
      vertex 1.184900e-01 3.451560e-02 -6.135338e-02
      vertex 1.184440e-01 3.467366e-02 -5.735677e-02
      vertex 1.144723e-01 4.544793e-02 -6.180451e-02
    endloop
  endfacet
  facet normal -9.381442e-01 -3.462434e-01 -1.005979e-03
    outer loop
      vertex 1.144723e-01 4.544793e-02 -6.180451e-02
      vertex 1.184440e-01 3.467366e-02 -5.735677e-02
      vertex 1.144114e-01 4.560127e-02 -5.780792e-02
    endloop
  endfacet
  facet normal 1.085058e-02 -3.724939e-02 -9.992471e-01
    outer loop
      vertex 1.184440e-01 3.467366e-02 -5.735677e-02
      vertex 1.040425e-01 3.047858e-02 -5.735677e-02
      vertex 1.144114e-01 4.560127e-02 -5.780792e-02
    endloop
  endfacet
  facet normal 1.625829e-02 -4.095067e-02 -9.990289e-01
    outer loop
      vertex 1.040425e-01 3.047858e-02 -5.735677e-02
      vertex 1.004699e-01 4.006622e-02 -5.780792e-02
      vertex 1.144114e-01 4.560127e-02 -5.780792e-02
    endloop
  endfacet
  facet normal -1.434463e-02 3.613063e-02 9.992441e-01
    outer loop
      vertex 1.144723e-01 4.544793e-02 -6.180451e-02
      vertex 1.094508e-01 5.593088e-02 -6.225564e-02
      vertex 1.005308e-01 3.991289e-02 -6.180451e-02
    endloop
  endfacet
  facet normal -2.009705e-02 3.932779e-02 9.990242e-01
    outer loop
      vertex 1.005308e-01 3.991289e-02 -6.180451e-02
      vertex 1.094508e-01 5.593088e-02 -6.225564e-02
      vertex 9.609373e-02 4.910524e-02 -6.225564e-02
    endloop
  endfacet
  facet normal 9.006274e-01 4.345821e-01 -2.954791e-03
    outer loop
      vertex 1.005308e-01 3.991289e-02 -6.180451e-02
      vertex 9.609373e-02 4.910524e-02 -6.225564e-02
      vertex 1.004699e-01 4.006622e-02 -5.780792e-02
    endloop
  endfacet
  facet normal 8.998926e-01 4.361107e-01 8.748085e-04
    outer loop
      vertex 1.004699e-01 4.006622e-02 -5.780792e-02
      vertex 9.609373e-02 4.910524e-02 -6.225564e-02
      vertex 9.601850e-02 4.925247e-02 -5.825906e-02
    endloop
  endfacet
  facet normal -9.019139e-01 -4.319066e-01 2.832543e-03
    outer loop
      vertex 1.144723e-01 4.544793e-02 -6.180451e-02
      vertex 1.144114e-01 4.560127e-02 -5.780792e-02
      vertex 1.094508e-01 5.593088e-02 -6.225564e-02
    endloop
  endfacet
  facet normal -9.012725e-01 -4.332514e-01 -1.006118e-03
    outer loop
      vertex 1.094508e-01 5.593088e-02 -6.225564e-02
      vertex 1.144114e-01 4.560127e-02 -5.780792e-02
      vertex 1.093755e-01 5.607811e-02 -5.825906e-02
    endloop
  endfacet
  facet normal 1.434557e-02 -3.613299e-02 -9.992440e-01
    outer loop
      vertex 1.144114e-01 4.560127e-02 -5.780792e-02
      vertex 1.004699e-01 4.006622e-02 -5.780792e-02
      vertex 1.093755e-01 5.607811e-02 -5.825906e-02
    endloop
  endfacet
  facet normal 2.009556e-02 -3.932487e-02 -9.990244e-01
    outer loop
      vertex 1.004699e-01 4.006622e-02 -5.780792e-02
      vertex 9.601850e-02 4.925247e-02 -5.825906e-02
      vertex 1.093755e-01 5.607811e-02 -5.825906e-02
    endloop
  endfacet
  facet normal -1.772543e-02 3.468677e-02 9.992410e-01
    outer loop
      vertex 1.094508e-01 5.593088e-02 -6.225564e-02
      vertex 1.034745e-01 6.587279e-02 -6.270677e-02
      vertex 9.609373e-02 4.910524e-02 -6.225564e-02
    endloop
  endfacet
  facet normal -2.377271e-02 3.734271e-02 9.990197e-01
    outer loop
      vertex 9.609373e-02 4.910524e-02 -6.225564e-02
      vertex 1.034745e-01 6.587279e-02 -6.270677e-02
      vertex 9.082095e-02 5.781745e-02 -6.270677e-02
    endloop
  endfacet
  facet normal 8.555812e-01 5.176602e-01 -2.963531e-03
    outer loop
      vertex 9.609373e-02 4.910524e-02 -6.225564e-02
      vertex 9.082095e-02 5.781745e-02 -6.270677e-02
      vertex 9.601850e-02 4.925247e-02 -5.825906e-02
    endloop
  endfacet
  facet normal 8.547014e-01 5.191192e-01 8.740624e-04
    outer loop
      vertex 9.601850e-02 4.925247e-02 -5.825906e-02
      vertex 9.082095e-02 5.781745e-02 -6.270677e-02
      vertex 9.073196e-02 5.795722e-02 -5.871020e-02
    endloop
  endfacet
  facet normal -8.571212e-01 -5.151070e-01 2.840486e-03
    outer loop
      vertex 1.094508e-01 5.593088e-02 -6.225564e-02
      vertex 1.093755e-01 5.607811e-02 -5.825906e-02
      vertex 1.034745e-01 6.587279e-02 -6.270677e-02
    endloop
  endfacet
  facet normal -8.563525e-01 -5.163907e-01 -1.006248e-03
    outer loop
      vertex 1.034745e-01 6.587279e-02 -6.270677e-02
      vertex 1.093755e-01 5.607811e-02 -5.825906e-02
      vertex 1.033855e-01 6.601257e-02 -5.871020e-02
    endloop
  endfacet
  facet normal 1.772659e-02 -3.468905e-02 -9.992409e-01
    outer loop
      vertex 1.093755e-01 5.607811e-02 -5.825906e-02
      vertex 9.601850e-02 4.925247e-02 -5.825906e-02
      vertex 1.033855e-01 6.601257e-02 -5.871020e-02
    endloop
  endfacet
  facet normal 2.377094e-02 -3.733992e-02 -9.990199e-01
    outer loop
      vertex 9.601850e-02 4.925247e-02 -5.825906e-02
      vertex 9.073196e-02 5.795722e-02 -5.871020e-02
      vertex 1.033855e-01 6.601257e-02 -5.871020e-02
    endloop
  endfacet
  facet normal -2.096160e-02 3.292696e-02 9.992379e-01
    outer loop
      vertex 1.034745e-01 6.587279e-02 -6.270677e-02
      vertex 9.660049e-02 7.518718e-02 -6.315789e-02
      vertex 9.082095e-02 5.781745e-02 -6.270677e-02
    endloop
  endfacet
  facet normal -2.725289e-02 3.501451e-02 9.990151e-01
    outer loop
      vertex 9.082095e-02 5.781745e-02 -6.270677e-02
      vertex 9.660049e-02 7.518718e-02 -6.315789e-02
      vertex 8.476338e-02 6.597399e-02 -6.315789e-02
    endloop
  endfacet
  facet normal 8.028934e-01 5.961152e-01 -2.972320e-03
    outer loop
      vertex 9.082095e-02 5.781745e-02 -6.270677e-02
      vertex 8.476338e-02 6.597399e-02 -6.315789e-02
      vertex 9.073196e-02 5.795722e-02 -5.871020e-02
    endloop
  endfacet
  facet normal 8.018753e-01 5.974908e-01 8.733001e-04
    outer loop
      vertex 9.073196e-02 5.795722e-02 -5.871020e-02
      vertex 8.476338e-02 6.597399e-02 -6.315789e-02
      vertex 8.466139e-02 6.610503e-02 -5.916134e-02
    endloop
  endfacet
  facet normal -8.046753e-01 -5.937084e-01 2.848471e-03
    outer loop
      vertex 1.034745e-01 6.587279e-02 -6.270677e-02
      vertex 1.033855e-01 6.601257e-02 -5.871020e-02
      vertex 9.660049e-02 7.518718e-02 -6.315789e-02
    endloop
  endfacet
  facet normal -8.037851e-01 -5.949189e-01 -1.006370e-03
    outer loop
      vertex 9.660049e-02 7.518718e-02 -6.315789e-02
      vertex 1.033855e-01 6.601257e-02 -5.871020e-02
      vertex 9.649849e-02 7.531822e-02 -5.916134e-02
    endloop
  endfacet
  facet normal 2.096299e-02 -3.292913e-02 -9.992378e-01
    outer loop
      vertex 1.033855e-01 6.601257e-02 -5.871020e-02
      vertex 9.073196e-02 5.795722e-02 -5.871020e-02
      vertex 9.649849e-02 7.531822e-02 -5.916134e-02
    endloop
  endfacet
  facet normal 2.725085e-02 -3.501189e-02 -9.990153e-01
    outer loop
      vertex 9.073196e-02 5.795722e-02 -5.871020e-02
      vertex 8.466139e-02 6.610503e-02 -5.916134e-02
      vertex 9.649849e-02 7.531822e-02 -5.916134e-02
    endloop
  endfacet
  facet normal -2.402366e-02 3.086560e-02 9.992348e-01
    outer loop
      vertex 9.660049e-02 7.518718e-02 -6.315789e-02
      vertex 8.889383e-02 8.379354e-02 -6.360902e-02
      vertex 8.476338e-02 6.597399e-02 -6.315789e-02
    endloop
  endfacet
  facet normal -3.050560e-02 3.236239e-02 9.990106e-01
    outer loop
      vertex 8.476338e-02 6.597399e-02 -6.315789e-02
      vertex 8.889383e-02 8.379354e-02 -6.360902e-02
      vertex 7.797872e-02 7.350469e-02 -6.360902e-02
    endloop
  endfacet
  facet normal 7.430346e-01 6.692463e-01 -2.981158e-03
    outer loop
      vertex 8.476338e-02 6.597399e-02 -6.315789e-02
      vertex 7.797872e-02 7.350469e-02 -6.360902e-02
      vertex 8.466139e-02 6.610503e-02 -5.916134e-02
    endloop
  endfacet
  facet normal 7.418861e-01 6.705254e-01 8.725213e-04
    outer loop
      vertex 8.466139e-02 6.610503e-02 -5.916134e-02
      vertex 7.797872e-02 7.350469e-02 -6.360902e-02
      vertex 7.786457e-02 7.362579e-02 -5.961249e-02
    endloop
  endfacet
  facet normal -7.450444e-01 -6.670087e-01 2.856498e-03
    outer loop
      vertex 9.660049e-02 7.518718e-02 -6.315789e-02
      vertex 9.649849e-02 7.531822e-02 -5.916134e-02
      vertex 8.889383e-02 8.379354e-02 -6.360902e-02
    endloop
  endfacet
  facet normal -7.440398e-01 -6.681345e-01 -1.006484e-03
    outer loop
      vertex 8.889383e-02 8.379354e-02 -6.360902e-02
      vertex 9.649849e-02 7.531822e-02 -5.916134e-02
      vertex 8.877968e-02 8.391464e-02 -5.961249e-02
    endloop
  endfacet
  facet normal 2.402525e-02 -3.086765e-02 -9.992347e-01
    outer loop
      vertex 9.649849e-02 7.531822e-02 -5.916134e-02
      vertex 8.466139e-02 6.610503e-02 -5.916134e-02
      vertex 8.877968e-02 8.391464e-02 -5.961249e-02
    endloop
  endfacet
  facet normal 3.050330e-02 -3.235995e-02 -9.990107e-01
    outer loop
      vertex 8.466139e-02 6.610503e-02 -5.916134e-02
      vertex 7.786457e-02 7.362579e-02 -5.961249e-02
      vertex 8.877968e-02 8.391464e-02 -5.961249e-02
    endloop
  endfacet
  facet normal -2.688355e-02 2.851988e-02 9.992317e-01
    outer loop
      vertex 8.889383e-02 8.379354e-02 -6.360902e-02
      vertex 8.042662e-02 9.161800e-02 -6.406015e-02
      vertex 7.797872e-02 7.350469e-02 -6.360902e-02
    endloop
  endfacet
  facet normal -3.350073e-02 2.940852e-02 9.990059e-01
    outer loop
      vertex 7.797872e-02 7.350469e-02 -6.360902e-02
      vertex 8.042662e-02 9.161800e-02 -6.406015e-02
      vertex 7.053089e-02 8.034527e-02 -6.406015e-02
    endloop
  endfacet
  facet normal 6.765394e-01 7.364004e-01 -2.990046e-03
    outer loop
      vertex 7.797872e-02 7.350469e-02 -6.360902e-02
      vertex 7.053089e-02 8.034527e-02 -6.406015e-02
      vertex 7.786457e-02 7.362579e-02 -5.961249e-02
    endloop
  endfacet
  facet normal 6.752695e-01 7.375705e-01 8.717260e-04
    outer loop
      vertex 7.786457e-02 7.362579e-02 -5.961249e-02
      vertex 7.053089e-02 8.034527e-02 -6.406015e-02
      vertex 7.040554e-02 8.045530e-02 -6.006363e-02
    endloop
  endfacet
  facet normal -6.787611e-01 -7.343535e-01 2.864567e-03
    outer loop
      vertex 8.889383e-02 8.379354e-02 -6.360902e-02
      vertex 8.877968e-02 8.391464e-02 -5.961249e-02
      vertex 8.042662e-02 9.161800e-02 -6.406015e-02
    endloop
  endfacet
  facet normal -6.776500e-01 -7.353838e-01 -1.006588e-03
    outer loop
      vertex 8.042662e-02 9.161800e-02 -6.406015e-02
      vertex 8.877968e-02 8.391464e-02 -5.961249e-02
      vertex 8.030128e-02 9.172803e-02 -6.006363e-02
    endloop
  endfacet
  facet normal 2.688534e-02 -2.852178e-02 -9.992315e-01
    outer loop
      vertex 8.877968e-02 8.391464e-02 -5.961249e-02
      vertex 7.786457e-02 7.362579e-02 -5.961249e-02
      vertex 8.030128e-02 9.172803e-02 -6.006363e-02
    endloop
  endfacet
  facet normal 3.349819e-02 -2.940630e-02 -9.990061e-01
    outer loop
      vertex 7.786457e-02 7.362579e-02 -5.961249e-02
      vertex 7.040554e-02 8.045530e-02 -6.006363e-02
      vertex 8.030128e-02 9.172803e-02 -6.006363e-02
    endloop
  endfacet
  facet normal -2.951489e-02 2.590957e-02 9.992285e-01
    outer loop
      vertex 8.042662e-02 9.161800e-02 -6.406015e-02
      vertex 7.127750e-02 9.859397e-02 -6.451128e-02
      vertex 7.053089e-02 8.034527e-02 -6.406015e-02
    endloop
  endfacet
  facet normal -3.621032e-02 2.617788e-02 9.990013e-01
    outer loop
      vertex 7.053089e-02 8.034527e-02 -6.406015e-02
      vertex 7.127750e-02 9.859397e-02 -6.451128e-02
      vertex 6.248941e-02 8.643792e-02 -6.451128e-02
    endloop
  endfacet
  facet normal 6.040015e-01 7.969775e-01 -2.998984e-03
    outer loop
      vertex 7.053089e-02 8.034527e-02 -6.406015e-02
      vertex 6.248941e-02 8.643792e-02 -6.451128e-02
      vertex 7.040554e-02 8.045530e-02 -6.006363e-02
    endloop
  endfacet
  facet normal 6.026206e-01 7.980273e-01 8.709139e-04
    outer loop
      vertex 7.040554e-02 8.045530e-02 -6.006363e-02
      vertex 6.248941e-02 8.643792e-02 -6.451128e-02
      vertex 6.235395e-02 8.653585e-02 -6.051477e-02
    endloop
  endfacet
  facet normal -6.064171e-01 -7.951415e-01 2.872679e-03
    outer loop
      vertex 8.042662e-02 9.161800e-02 -6.406015e-02
      vertex 8.030128e-02 9.172803e-02 -6.006363e-02
      vertex 7.127750e-02 9.859397e-02 -6.451128e-02
    endloop
  endfacet
  facet normal -6.052086e-01 -7.960663e-01 -1.006685e-03
    outer loop
      vertex 7.127750e-02 9.859397e-02 -6.451128e-02
      vertex 8.030128e-02 9.172803e-02 -6.006363e-02
      vertex 7.114204e-02 9.869190e-02 -6.051477e-02
    endloop
  endfacet
  facet normal 2.951686e-02 -2.591130e-02 -9.992284e-01
    outer loop
      vertex 8.030128e-02 9.172803e-02 -6.006363e-02
      vertex 7.040554e-02 8.045530e-02 -6.006363e-02
      vertex 7.114204e-02 9.869190e-02 -6.051477e-02
    endloop
  endfacet
  facet normal 3.620757e-02 -2.617589e-02 -9.990014e-01
    outer loop
      vertex 7.040554e-02 8.045530e-02 -6.006363e-02
      vertex 6.235395e-02 8.653585e-02 -6.051477e-02
      vertex 7.114204e-02 9.869190e-02 -6.051477e-02
    endloop
  endfacet
  facet normal -3.189324e-02 2.305689e-02 9.992253e-01
    outer loop
      vertex 7.127750e-02 9.859397e-02 -6.451128e-02
      vertex 6.153087e-02 1.046627e-01 -6.496241e-02
      vertex 6.248941e-02 8.643792e-02 -6.451128e-02
    endloop
  endfacet
  facet normal -3.860886e-02 2.269802e-02 9.989966e-01
    outer loop
      vertex 6.248941e-02 8.643792e-02 -6.451128e-02
      vertex 6.153087e-02 1.046627e-01 -6.496241e-02
      vertex 5.392882e-02 9.173180e-02 -6.496241e-02
    endloop
  endfacet
  facet normal 5.260688e-01 8.504367e-01 -3.007973e-03
    outer loop
      vertex 6.248941e-02 8.643792e-02 -6.451128e-02
      vertex 5.392882e-02 9.173180e-02 -6.496241e-02
      vertex 6.235395e-02 8.653585e-02 -6.051477e-02
    endloop
  endfacet
  facet normal 5.245883e-01 8.513556e-01 8.700847e-04
    outer loop
      vertex 6.235395e-02 8.653585e-02 -6.051477e-02
      vertex 5.392882e-02 9.173180e-02 -6.496241e-02
      vertex 5.378441e-02 9.181670e-02 -6.096592e-02
    endloop
  endfacet
  facet normal -5.286583e-01 -8.488299e-01 2.880835e-03
    outer loop
      vertex 7.127750e-02 9.859397e-02 -6.451128e-02
      vertex 7.114204e-02 9.869190e-02 -6.051477e-02
      vertex 6.153087e-02 1.046627e-01 -6.496241e-02
    endloop
  endfacet
  facet normal -5.273624e-01 -8.496398e-01 -1.006772e-03
    outer loop
      vertex 6.153087e-02 1.046627e-01 -6.496241e-02
      vertex 7.114204e-02 9.869190e-02 -6.051477e-02
      vertex 6.138646e-02 1.047476e-01 -6.096592e-02
    endloop
  endfacet
  facet normal 3.189538e-02 -2.305844e-02 -9.992252e-01
    outer loop
      vertex 7.114204e-02 9.869190e-02 -6.051477e-02
      vertex 6.235395e-02 8.653585e-02 -6.051477e-02
      vertex 6.138646e-02 1.047476e-01 -6.096592e-02
    endloop
  endfacet
  facet normal 3.860591e-02 -2.269628e-02 -9.989967e-01
    outer loop
      vertex 6.235395e-02 8.653585e-02 -6.051477e-02
      vertex 5.378441e-02 9.181670e-02 -6.096592e-02
      vertex 6.138646e-02 1.047476e-01 -6.096592e-02
    endloop
  endfacet
  facet normal -3.399632e-02 1.998632e-02 9.992221e-01
    outer loop
      vertex 6.153087e-02 1.046627e-01 -6.496241e-02
      vertex 5.127611e-02 1.097739e-01 -6.541353e-02
      vertex 5.392882e-02 9.173180e-02 -6.496241e-02
    endloop
  endfacet
  facet normal -4.067344e-02 1.899884e-02 9.989918e-01
    outer loop
      vertex 5.392882e-02 9.173180e-02 -6.496241e-02
      vertex 5.127611e-02 1.097739e-01 -6.541353e-02
      vertex 4.492791e-02 9.618340e-02 -6.541353e-02
    endloop
  endfacet
  facet normal 4.434374e-01 8.963003e-01 -3.017012e-03
    outer loop
      vertex 5.392882e-02 9.173180e-02 -6.496241e-02
      vertex 4.492791e-02 9.618340e-02 -6.541353e-02
      vertex 5.378441e-02 9.181670e-02 -6.096592e-02
    endloop
  endfacet
  facet normal 4.418696e-01 8.970789e-01 8.692384e-04
    outer loop
      vertex 5.378441e-02 9.181670e-02 -6.096592e-02
      vertex 4.492791e-02 9.618340e-02 -6.541353e-02
      vertex 4.477580e-02 9.625446e-02 -6.141706e-02
    endloop
  endfacet
  facet normal -4.461789e-01 -8.949391e-01 2.889033e-03
    outer loop
      vertex 6.153087e-02 1.046627e-01 -6.496241e-02
      vertex 6.138646e-02 1.047476e-01 -6.096592e-02
      vertex 5.127611e-02 1.097739e-01 -6.541353e-02
    endloop
  endfacet
  facet normal -4.448066e-01 -8.956261e-01 -1.006850e-03
    outer loop
      vertex 5.127611e-02 1.097739e-01 -6.541353e-02
      vertex 6.138646e-02 1.047476e-01 -6.096592e-02
      vertex 5.112400e-02 1.098449e-01 -6.141706e-02
    endloop
  endfacet
  facet normal 3.399862e-02 -1.998767e-02 -9.992220e-01
    outer loop
      vertex 6.138646e-02 1.047476e-01 -6.096592e-02
      vertex 5.378441e-02 9.181670e-02 -6.096592e-02
      vertex 5.112400e-02 1.098449e-01 -6.141706e-02
    endloop
  endfacet
  facet normal 4.067032e-02 -1.899738e-02 -9.989920e-01
    outer loop
      vertex 5.378441e-02 9.181670e-02 -6.096592e-02
      vertex 4.477580e-02 9.625446e-02 -6.141706e-02
      vertex 5.112400e-02 1.098449e-01 -6.141706e-02
    endloop
  endfacet
  facet normal -3.580422e-02 1.672439e-02 9.992189e-01
    outer loop
      vertex 5.127611e-02 1.097739e-01 -6.541353e-02
      vertex 4.060678e-02 1.138857e-01 -6.586466e-02
      vertex 4.492791e-02 9.618340e-02 -6.541353e-02
    endloop
  endfacet
  facet normal -4.238407e-02 1.511234e-02 9.989871e-01
    outer loop
      vertex 4.492791e-02 9.618340e-02 -6.541353e-02
      vertex 4.060678e-02 1.138857e-01 -6.586466e-02
      vertex 3.556907e-02 9.975698e-02 -6.586466e-02
    endloop
  endfacet
  facet normal 3.568451e-01 9.341587e-01 -3.026102e-03
    outer loop
      vertex 4.492791e-02 9.618340e-02 -6.541353e-02
      vertex 3.556907e-02 9.975698e-02 -6.586466e-02
      vertex 4.477580e-02 9.625446e-02 -6.141706e-02
    endloop
  endfacet
  facet normal 3.552034e-01 9.347886e-01 8.683745e-04
    outer loop
      vertex 4.477580e-02 9.625446e-02 -6.141706e-02
      vertex 3.556907e-02 9.975698e-02 -6.586466e-02
      vertex 3.541059e-02 9.981349e-02 -6.186820e-02
    endloop
  endfacet
  facet normal -3.597155e-01 -9.330576e-01 2.897276e-03
    outer loop
      vertex 5.127611e-02 1.097739e-01 -6.541353e-02
      vertex 5.112400e-02 1.098449e-01 -6.141706e-02
      vertex 4.060678e-02 1.138857e-01 -6.586466e-02
    endloop
  endfacet
  facet normal -3.582783e-01 -9.336143e-01 -1.006919e-03
    outer loop
      vertex 4.060678e-02 1.138857e-01 -6.586466e-02
      vertex 5.112400e-02 1.098449e-01 -6.141706e-02
      vertex 4.044830e-02 1.139422e-01 -6.186820e-02
    endloop
  endfacet
  facet normal 3.580664e-02 -1.672552e-02 -9.992188e-01
    outer loop
      vertex 5.112400e-02 1.098449e-01 -6.141706e-02
      vertex 4.477580e-02 9.625446e-02 -6.141706e-02
      vertex 4.044830e-02 1.139422e-01 -6.186820e-02
    endloop
  endfacet
  facet normal 4.238080e-02 -1.511118e-02 -9.989872e-01
    outer loop
      vertex 4.477580e-02 9.625446e-02 -6.141706e-02
      vertex 3.541059e-02 9.981349e-02 -6.186820e-02
      vertex 4.044830e-02 1.139422e-01 -6.186820e-02
    endloop
  endfacet
  facet normal -3.729955e-02 1.329943e-02 9.992156e-01
    outer loop
      vertex 4.060678e-02 1.138857e-01 -6.586466e-02
      vertex 2.961976e-02 1.169658e-01 -6.631579e-02
      vertex 3.556907e-02 9.975698e-02 -6.586466e-02
    endloop
  endfacet
  facet normal -4.372379e-02 1.107237e-02 9.989823e-01
    outer loop
      vertex 3.556907e-02 9.975698e-02 -6.586466e-02
      vertex 2.961976e-02 1.169658e-01 -6.631579e-02
      vertex 2.593748e-02 1.024248e-01 -6.631579e-02
    endloop
  endfacet
  facet normal 2.670653e-01 9.636736e-01 -3.035244e-03
    outer loop
      vertex 3.556907e-02 9.975698e-02 -6.586466e-02
      vertex 2.593748e-02 1.024248e-01 -6.631579e-02
      vertex 3.541059e-02 9.981349e-02 -6.186820e-02
    endloop
  endfacet
  facet normal 2.653638e-01 9.641480e-01 8.674931e-04
    outer loop
      vertex 3.541059e-02 9.981349e-02 -6.186820e-02
      vertex 2.593748e-02 1.024248e-01 -6.631579e-02
      vertex 2.577401e-02 1.024662e-01 -6.231935e-02
    endloop
  endfacet
  facet normal -2.700399e-01 -9.628447e-01 2.905563e-03
    outer loop
      vertex 4.060678e-02 1.138857e-01 -6.586466e-02
      vertex 4.044830e-02 1.139422e-01 -6.186820e-02
      vertex 2.961976e-02 1.169658e-01 -6.631579e-02
    endloop
  endfacet
  facet normal -2.685503e-01 -9.632651e-01 -1.006979e-03
    outer loop
      vertex 2.961976e-02 1.169658e-01 -6.631579e-02
      vertex 4.044830e-02 1.139422e-01 -6.186820e-02
      vertex 2.945629e-02 1.170072e-01 -6.231935e-02
    endloop
  endfacet
  facet normal 3.730209e-02 -1.330033e-02 -9.992155e-01
    outer loop
      vertex 4.044830e-02 1.139422e-01 -6.186820e-02
      vertex 3.541059e-02 9.981349e-02 -6.186820e-02
      vertex 2.945629e-02 1.170072e-01 -6.231935e-02
    endloop
  endfacet
  facet normal 4.372040e-02 -1.107151e-02 -9.989825e-01
    outer loop
      vertex 3.541059e-02 9.981349e-02 -6.186820e-02
      vertex 2.577401e-02 1.024662e-01 -6.231935e-02
      vertex 2.945629e-02 1.170072e-01 -6.231935e-02
    endloop
  endfacet
  facet normal -3.846768e-02 9.741339e-03 9.992124e-01
    outer loop
      vertex 2.961976e-02 1.169658e-01 -6.631579e-02
      vertex 1.841436e-02 1.189908e-01 -6.676692e-02
      vertex 2.593748e-02 1.024248e-01 -6.631579e-02
    endloop
  endfacet
  facet normal -4.467889e-02 6.914256e-03 9.989775e-01
    outer loop
      vertex 2.593748e-02 1.024248e-01 -6.631579e-02
      vertex 1.841436e-02 1.189908e-01 -6.676692e-02
      vertex 1.612035e-02 1.041673e-01 -6.676692e-02
    endloop
  endfacet
  facet normal 1.749000e-01 9.845815e-01 -3.044438e-03
    outer loop
      vertex 2.593748e-02 1.024248e-01 -6.631579e-02
      vertex 1.612035e-02 1.041673e-01 -6.676692e-02
      vertex 2.577401e-02 1.024662e-01 -6.231935e-02
    endloop
  endfacet
  facet normal 1.731533e-01 9.848945e-01 8.665937e-04
    outer loop
      vertex 2.577401e-02 1.024662e-01 -6.231935e-02
      vertex 1.612035e-02 1.041673e-01 -6.676692e-02
      vertex 1.595334e-02 1.041931e-01 -6.277049e-02
    endloop
  endfacet
  facet normal -1.779530e-01 -9.840347e-01 2.913894e-03
    outer loop
      vertex 2.961976e-02 1.169658e-01 -6.631579e-02
      vertex 2.945629e-02 1.170072e-01 -6.231935e-02
      vertex 1.841436e-02 1.189908e-01 -6.676692e-02
    endloop
  endfacet
  facet normal -1.764239e-01 -9.843138e-01 -1.007030e-03
    outer loop
      vertex 1.841436e-02 1.189908e-01 -6.676692e-02
      vertex 2.945629e-02 1.170072e-01 -6.231935e-02
      vertex 1.824735e-02 1.190167e-01 -6.277049e-02
    endloop
  endfacet
  facet normal 3.847031e-02 -9.742005e-03 -9.992123e-01
    outer loop
      vertex 2.945629e-02 1.170072e-01 -6.231935e-02
      vertex 2.577401e-02 1.024662e-01 -6.231935e-02
      vertex 1.824735e-02 1.190167e-01 -6.277049e-02
    endloop
  endfacet
  facet normal 4.467541e-02 -6.913718e-03 -9.989776e-01
    outer loop
      vertex 2.577401e-02 1.024662e-01 -6.231935e-02
      vertex 1.595334e-02 1.041931e-01 -6.277049e-02
      vertex 1.824735e-02 1.190167e-01 -6.277049e-02
    endloop
  endfacet
  facet normal -3.929680e-02 6.081354e-03 9.992091e-01
    outer loop
      vertex 1.841436e-02 1.189908e-01 -6.676692e-02
      vertex 7.091426e-03 1.199472e-01 -6.721805e-02
      vertex 1.612035e-02 1.041673e-01 -6.676692e-02
    endloop
  endfacet
  facet normal -4.523901e-02 2.674586e-03 9.989726e-01
    outer loop
      vertex 1.612035e-02 1.041673e-01 -6.676692e-02
      vertex 7.091426e-03 1.199472e-01 -6.721805e-02
      vertex 6.206153e-03 1.049733e-01 -6.721805e-02
    endloop
  endfacet
  facet normal 8.117223e-02 9.966954e-01 -3.053685e-03
    outer loop
      vertex 1.612035e-02 1.041673e-01 -6.676692e-02
      vertex 6.206153e-03 1.049733e-01 -6.721805e-02
      vertex 1.595334e-02 1.041931e-01 -6.277049e-02
    endloop
  endfacet
  facet normal 7.939566e-02 9.968428e-01 8.656763e-04
    outer loop
      vertex 1.595334e-02 1.041931e-01 -6.277049e-02
      vertex 6.206153e-03 1.049733e-01 -6.721805e-02
      vertex 6.037071e-03 1.049833e-01 -6.322163e-02
    endloop
  endfacet
  facet normal -8.427700e-02 -9.964381e-01 2.922270e-03
    outer loop
      vertex 1.841436e-02 1.189908e-01 -6.676692e-02
      vertex 1.824735e-02 1.190167e-01 -6.277049e-02
      vertex 7.091426e-03 1.199472e-01 -6.721805e-02
    endloop
  endfacet
  facet normal -8.272166e-02 -9.965722e-01 -1.007071e-03
    outer loop
      vertex 7.091426e-03 1.199472e-01 -6.721805e-02
      vertex 1.824735e-02 1.190167e-01 -6.277049e-02
      vertex 6.922344e-03 1.199572e-01 -6.322163e-02
    endloop
  endfacet
  facet normal 3.929950e-02 -6.081771e-03 -9.992090e-01
    outer loop
      vertex 1.824735e-02 1.190167e-01 -6.277049e-02
      vertex 1.595334e-02 1.041931e-01 -6.277049e-02
      vertex 6.922344e-03 1.199572e-01 -6.322163e-02
    endloop
  endfacet
  facet normal 4.523548e-02 -2.674377e-03 -9.989728e-01
    outer loop
      vertex 1.595334e-02 1.041931e-01 -6.277049e-02
      vertex 6.037071e-03 1.049833e-01 -6.322163e-02
      vertex 6.922344e-03 1.199572e-01 -6.322163e-02
    endloop
  endfacet
  facet normal -3.977810e-02 2.351730e-03 9.992058e-01
    outer loop
      vertex 7.091426e-03 1.199472e-01 -6.721805e-02
      vertex -4.247561e-03 1.198308e-01 -6.766917e-02
      vertex 6.206153e-03 1.049733e-01 -6.721805e-02
    endloop
  endfacet
  facet normal -4.539728e-02 -1.609167e-03 9.989677e-01
    outer loop
      vertex 6.206153e-03 1.049733e-01 -6.721805e-02
      vertex -4.247561e-03 1.198308e-01 -6.766917e-02
      vertex -3.716199e-03 1.048402e-01 -6.766917e-02
    endloop
  endfacet
  facet normal -1.328081e-02 9.999071e-01 -3.062984e-03
    outer loop
      vertex 6.206153e-03 1.049733e-01 -6.721805e-02
      vertex -3.716199e-03 1.048402e-01 -6.766917e-02
      vertex 6.037071e-03 1.049833e-01 -6.322163e-02
    endloop
  endfacet
  facet normal -1.507156e-02 9.998860e-01 8.647405e-04
    outer loop
      vertex 6.037071e-03 1.049833e-01 -6.322163e-02
      vertex -3.716199e-03 1.048402e-01 -6.766917e-02
      vertex -3.885847e-03 1.048342e-01 -6.367278e-02
    endloop
  endfacet
  facet normal 1.015174e-02 -9.999442e-01 2.930691e-03
    outer loop
      vertex 7.091426e-03 1.199472e-01 -6.721805e-02
      vertex 6.922344e-03 1.199572e-01 -6.322163e-02
      vertex -4.247561e-03 1.198308e-01 -6.766917e-02
    endloop
  endfacet
  facet normal 1.171951e-02 -9.999308e-01 -1.007103e-03
    outer loop
      vertex -4.247561e-03 1.198308e-01 -6.766917e-02
      vertex 6.922344e-03 1.199572e-01 -6.322163e-02
      vertex -4.417208e-03 1.198247e-01 -6.367278e-02
    endloop
  endfacet
  facet normal 3.978084e-02 -2.351892e-03 -9.992057e-01
    outer loop
      vertex 6.922344e-03 1.199572e-01 -6.322163e-02
      vertex 6.037071e-03 1.049833e-01 -6.322163e-02
      vertex -4.417208e-03 1.198247e-01 -6.367278e-02
    endloop
  endfacet
  facet normal 4.539372e-02 1.609041e-03 -9.989679e-01
    outer loop
      vertex 6.037071e-03 1.049833e-01 -6.322163e-02
      vertex -3.885847e-03 1.048342e-01 -6.367278e-02
      vertex -4.417208e-03 1.198247e-01 -6.367278e-02
    endloop
  endfacet
  facet normal -3.990583e-02 -1.414515e-03 9.992024e-01
    outer loop
      vertex -4.247561e-03 1.198308e-01 -6.766917e-02
      vertex -1.550140e-02 1.186470e-01 -6.812030e-02
      vertex -3.716199e-03 1.048402e-01 -6.766917e-02
    endloop
  endfacet
  facet normal -4.515037e-02 -5.898957e-03 9.989628e-01
    outer loop
      vertex -3.716199e-03 1.048402e-01 -6.766917e-02
      vertex -1.550140e-02 1.186470e-01 -6.812030e-02
      vertex -1.355814e-02 1.037734e-01 -6.812030e-02
    endloop
  endfacet
  facet normal -1.076155e-01 9.941878e-01 -3.072337e-03
    outer loop
      vertex -3.716199e-03 1.048402e-01 -6.766917e-02
      vertex -1.355814e-02 1.037734e-01 -6.812030e-02
      vertex -3.885847e-03 1.048342e-01 -6.367278e-02
    endloop
  endfacet
  facet normal -1.094045e-01 9.939969e-01 8.637861e-04
    outer loop
      vertex -3.885847e-03 1.048342e-01 -6.367278e-02
      vertex -1.355814e-02 1.037734e-01 -6.812030e-02
      vertex -1.372684e-02 1.037514e-01 -6.412392e-02
    endloop
  endfacet
  facet normal 1.044900e-01 -9.945216e-01 2.939158e-03
    outer loop
      vertex -4.247561e-03 1.198308e-01 -6.766917e-02
      vertex -4.417208e-03 1.198247e-01 -6.367278e-02
      vertex -1.550140e-02 1.186470e-01 -6.812030e-02
    endloop
  endfacet
  facet normal 1.060563e-01 -9.943596e-01 -1.007125e-03
    outer loop
      vertex -1.550140e-02 1.186470e-01 -6.812030e-02
      vertex -4.417208e-03 1.198247e-01 -6.367278e-02
      vertex -1.567010e-02 1.186250e-01 -6.412392e-02
    endloop
  endfacet
  facet normal 3.990859e-02 1.414613e-03 -9.992023e-01
    outer loop
      vertex -4.417208e-03 1.198247e-01 -6.367278e-02
      vertex -3.885847e-03 1.048342e-01 -6.367278e-02
      vertex -1.567010e-02 1.186250e-01 -6.412392e-02
    endloop
  endfacet
  facet normal 4.514681e-02 5.898492e-03 -9.989629e-01
    outer loop
      vertex -3.885847e-03 1.048342e-01 -6.367278e-02
      vertex -1.372684e-02 1.037514e-01 -6.412392e-02
      vertex -1.567010e-02 1.186250e-01 -6.412392e-02
    endloop
  endfacet
  facet normal -3.967736e-02 -5.183901e-03 9.991991e-01
    outer loop
      vertex -1.550140e-02 1.186470e-01 -6.812030e-02
      vertex -2.657006e-02 1.164110e-01 -6.857143e-02
      vertex -1.355814e-02 1.037734e-01 -6.812030e-02
    endloop
  endfacet
  facet normal -4.449855e-02 -1.015650e-02 9.989578e-01
    outer loop
      vertex -1.355814e-02 1.037734e-01 -6.812030e-02
      vertex -2.657006e-02 1.164110e-01 -6.857143e-02
      vertex -2.323225e-02 1.017871e-01 -6.857143e-02
    endloop
  endfacet
  facet normal -2.009893e-01 9.795886e-01 -3.081744e-03
    outer loop
      vertex -1.355814e-02 1.037734e-01 -6.812030e-02
      vertex -2.323225e-02 1.017871e-01 -6.857143e-02
      vertex -1.372684e-02 1.037514e-01 -6.412392e-02
    endloop
  endfacet
  facet normal -2.027604e-01 9.792280e-01 8.628130e-04
    outer loop
      vertex -1.372684e-02 1.037514e-01 -6.412392e-02
      vertex -2.323225e-02 1.017871e-01 -6.857143e-02
      vertex -2.339848e-02 1.017492e-01 -6.457506e-02
    endloop
  endfacet
  facet normal 1.978955e-01 -9.802187e-01 2.947670e-03
    outer loop
      vertex -1.550140e-02 1.186470e-01 -6.812030e-02
      vertex -1.567010e-02 1.186250e-01 -6.412392e-02
      vertex -2.657006e-02 1.164110e-01 -6.857143e-02
    endloop
  endfacet
  facet normal 1.994461e-01 -9.799083e-01 -1.007137e-03
    outer loop
      vertex -2.657006e-02 1.164110e-01 -6.857143e-02
      vertex -1.567010e-02 1.186250e-01 -6.412392e-02
      vertex -2.673630e-02 1.163731e-01 -6.457506e-02
    endloop
  endfacet
  facet normal 3.968012e-02 5.184262e-03 -9.991990e-01
    outer loop
      vertex -1.567010e-02 1.186250e-01 -6.412392e-02
      vertex -1.372684e-02 1.037514e-01 -6.412392e-02
      vertex -2.673630e-02 1.163731e-01 -6.457506e-02
    endloop
  endfacet
  facet normal 4.449502e-02 1.015570e-02 -9.989580e-01
    outer loop
      vertex -1.372684e-02 1.037514e-01 -6.412392e-02
      vertex -2.339848e-02 1.017492e-01 -6.457506e-02
      vertex -2.673630e-02 1.163731e-01 -6.457506e-02
    endloop
  endfacet
  facet normal -3.909324e-02 -8.922778e-03 9.991957e-01
    outer loop
      vertex -2.657006e-02 1.164110e-01 -6.857143e-02
      vertex -3.735560e-02 1.131471e-01 -6.902256e-02
      vertex -2.323225e-02 1.017871e-01 -6.857143e-02
    endloop
  endfacet
  facet normal -4.344569e-02 -1.434363e-02 9.989528e-01
    outer loop
      vertex -2.323225e-02 1.017871e-01 -6.857143e-02
      vertex -3.735560e-02 1.131471e-01 -6.902256e-02
      vertex -3.265300e-02 9.890331e-02 -6.902256e-02
    endloop
  endfacet
  facet normal -2.925681e-01 9.562397e-01 -3.091205e-03
    outer loop
      vertex -2.323225e-02 1.017871e-01 -6.857143e-02
      vertex -3.265300e-02 9.890331e-02 -6.902256e-02
      vertex -2.339848e-02 1.017492e-01 -6.457506e-02
    endloop
  endfacet
  facet normal -2.943052e-01 9.557111e-01 8.618209e-04
    outer loop
      vertex -2.339848e-02 1.017492e-01 -6.457506e-02
      vertex -3.265300e-02 9.890331e-02 -6.902256e-02
      vertex -3.281528e-02 9.884974e-02 -6.502621e-02
    endloop
  endfacet
  facet normal 2.895340e-01 -9.571632e-01 2.956229e-03
    outer loop
      vertex -2.657006e-02 1.164110e-01 -6.857143e-02
      vertex -2.673630e-02 1.163731e-01 -6.457506e-02
      vertex -3.735560e-02 1.131471e-01 -6.902256e-02
    endloop
  endfacet
  facet normal 2.910550e-01 -9.567058e-01 -1.007139e-03
    outer loop
      vertex -3.735560e-02 1.131471e-01 -6.902256e-02
      vertex -2.673630e-02 1.163731e-01 -6.457506e-02
      vertex -3.751788e-02 1.130935e-01 -6.502621e-02
    endloop
  endfacet
  facet normal 3.909598e-02 8.923401e-03 -9.991956e-01
    outer loop
      vertex -2.673630e-02 1.163731e-01 -6.457506e-02
      vertex -2.339848e-02 1.017492e-01 -6.457506e-02
      vertex -3.751788e-02 1.130935e-01 -6.502621e-02
    endloop
  endfacet
  facet normal 4.344223e-02 1.434248e-02 -9.989530e-01
    outer loop
      vertex -2.339848e-02 1.017492e-01 -6.457506e-02
      vertex -3.281528e-02 9.884974e-02 -6.502621e-02
      vertex -3.751788e-02 1.130935e-01 -6.502621e-02
    endloop
  endfacet
  facet normal -3.815720e-02 -1.259763e-02 9.991923e-01
    outer loop
      vertex -3.735560e-02 1.131471e-01 -6.902256e-02
      vertex -4.776300e-02 1.088887e-01 -6.947368e-02
      vertex -3.265300e-02 9.890331e-02 -6.902256e-02
    endloop
  endfacet
  facet normal -4.199930e-02 -1.842260e-02 9.989478e-01
    outer loop
      vertex -3.265300e-02 9.890331e-02 -6.902256e-02
      vertex -4.776300e-02 1.088887e-01 -6.947368e-02
      vertex -4.173756e-02 9.515206e-02 -6.947368e-02
    endloop
  endfacet
  facet normal -3.815339e-01 9.243496e-01 -3.100720e-03
    outer loop
      vertex -3.265300e-02 9.890331e-02 -6.902256e-02
      vertex -4.173756e-02 9.515206e-02 -6.947368e-02
      vertex -3.281528e-02 9.884974e-02 -6.502621e-02
    endloop
  endfacet
  facet normal -3.832213e-01 9.236562e-01 8.608094e-04
    outer loop
      vertex -3.281528e-02 9.884974e-02 -6.502621e-02
      vertex -4.173756e-02 9.515206e-02 -6.947368e-02
      vertex -4.189442e-02 9.508326e-02 -6.547735e-02
    endloop
  endfacet
  facet normal 3.785874e-01 -9.255608e-01 2.964835e-03
    outer loop
      vertex -3.735560e-02 1.131471e-01 -6.902256e-02
      vertex -3.751788e-02 1.130935e-01 -6.502621e-02
      vertex -4.776300e-02 1.088887e-01 -6.947368e-02
    endloop
  endfacet
  facet normal 3.800648e-01 -9.249593e-01 -1.007131e-03
    outer loop
      vertex -4.776300e-02 1.088887e-01 -6.947368e-02
      vertex -3.751788e-02 1.130935e-01 -6.502621e-02
      vertex -4.791985e-02 1.088199e-01 -6.547735e-02
    endloop
  endfacet
  facet normal 3.815988e-02 1.259851e-02 -9.991922e-01
    outer loop
      vertex -3.751788e-02 1.130935e-01 -6.502621e-02
      vertex -3.281528e-02 9.884974e-02 -6.502621e-02
      vertex -4.791985e-02 1.088199e-01 -6.547735e-02
    endloop
  endfacet
  facet normal 4.199593e-02 1.842112e-02 -9.989479e-01
    outer loop
      vertex -3.281528e-02 9.884974e-02 -6.502621e-02
      vertex -4.189442e-02 9.508326e-02 -6.547735e-02
      vertex -4.791985e-02 1.088199e-01 -6.547735e-02
    endloop
  endfacet
  facet normal -3.687611e-02 -1.617536e-02 9.991889e-01
    outer loop
      vertex -4.776300e-02 1.088887e-01 -6.947368e-02
      vertex -5.770101e-02 1.036779e-01 -6.992481e-02
      vertex -4.173756e-02 9.515206e-02 -6.947368e-02
    endloop
  endfacet
  facet normal -4.017037e-02 -2.235647e-02 9.989427e-01
    outer loop
      vertex -4.173756e-02 9.515206e-02 -6.947368e-02
      vertex -5.770101e-02 1.036779e-01 -6.992481e-02
      vertex -5.040650e-02 9.057099e-02 -6.992481e-02
    endloop
  endfacet
  facet normal -4.670922e-01 8.842031e-01 -3.110291e-03
    outer loop
      vertex -4.173756e-02 9.515206e-02 -6.947368e-02
      vertex -5.040650e-02 9.057099e-02 -6.992481e-02
      vertex -4.189442e-02 9.508326e-02 -6.547735e-02
    endloop
  endfacet
  facet normal -4.687140e-01 8.833495e-01 8.597785e-04
    outer loop
      vertex -4.189442e-02 9.508326e-02 -6.547735e-02
      vertex -5.040650e-02 9.057099e-02 -6.992481e-02
      vertex -5.055650e-02 9.048751e-02 -6.592850e-02
    endloop
  endfacet
  facet normal 4.642605e-01 -8.856937e-01 2.973487e-03
    outer loop
      vertex -4.776300e-02 1.088887e-01 -6.947368e-02
      vertex -4.791985e-02 1.088199e-01 -6.547735e-02
      vertex -5.770101e-02 1.036779e-01 -6.992481e-02
    endloop
  endfacet
  facet normal 4.656807e-01 -8.849523e-01 -1.007113e-03
    outer loop
      vertex -5.770101e-02 1.036779e-01 -6.992481e-02
      vertex -4.791985e-02 1.088199e-01 -6.547735e-02
      vertex -5.785101e-02 1.035944e-01 -6.592850e-02
    endloop
  endfacet
  facet normal 3.687871e-02 1.617650e-02 -9.991888e-01
    outer loop
      vertex -4.791985e-02 1.088199e-01 -6.547735e-02
      vertex -4.189442e-02 9.508326e-02 -6.547735e-02
      vertex -5.785101e-02 1.035944e-01 -6.592850e-02
    endloop
  endfacet
  facet normal 4.016714e-02 2.235467e-02 -9.989429e-01
    outer loop
      vertex -4.189442e-02 9.508326e-02 -6.547735e-02
      vertex -5.055650e-02 9.048751e-02 -6.592850e-02
      vertex -5.785101e-02 1.035944e-01 -6.592850e-02
    endloop
  endfacet
  facet normal -3.525995e-02 -1.962362e-02 9.991855e-01
    outer loop
      vertex -5.770101e-02 1.036779e-01 -6.992481e-02
      vertex -6.708298e-02 9.756520e-02 -7.037594e-02
      vertex -5.040650e-02 9.057099e-02 -6.992481e-02
    endloop
  endfacet
  facet normal -3.797342e-02 -2.610941e-02 9.989376e-01
    outer loop
      vertex -5.040650e-02 9.057099e-02 -6.992481e-02
      vertex -6.708298e-02 9.756520e-02 -7.037594e-02
      vertex -5.858446e-02 8.520498e-02 -7.037594e-02
    endloop
  endfacet
  facet normal -5.484786e-01 8.361588e-01 -3.119917e-03
    outer loop
      vertex -5.040650e-02 9.057099e-02 -6.992481e-02
      vertex -5.858446e-02 8.520498e-02 -7.037594e-02
      vertex -5.055650e-02 9.048751e-02 -6.592850e-02
    endloop
  endfacet
  facet normal -5.500198e-01 8.351512e-01 8.587278e-04
    outer loop
      vertex -5.055650e-02 9.048751e-02 -6.592850e-02
      vertex -5.858446e-02 8.520498e-02 -7.037594e-02
      vertex -5.872623e-02 8.510750e-02 -6.637964e-02
    endloop
  endfacet
  facet normal 5.457882e-01 -8.379179e-01 2.982187e-03
    outer loop
      vertex -5.770101e-02 1.036779e-01 -6.992481e-02
      vertex -5.785101e-02 1.035944e-01 -6.592850e-02
      vertex -6.708298e-02 9.756520e-02 -7.037594e-02
    endloop
  endfacet
  facet normal 5.471379e-01 -8.370419e-01 -1.007084e-03
    outer loop
      vertex -6.708298e-02 9.756520e-02 -7.037594e-02
      vertex -5.785101e-02 1.035944e-01 -6.592850e-02
      vertex -6.722476e-02 9.746772e-02 -6.637964e-02
    endloop
  endfacet
  facet normal 3.526244e-02 1.962501e-02 -9.991854e-01
    outer loop
      vertex -5.785101e-02 1.035944e-01 -6.592850e-02
      vertex -5.055650e-02 9.048751e-02 -6.592850e-02
      vertex -6.722476e-02 9.746772e-02 -6.637964e-02
    endloop
  endfacet
  facet normal 3.797035e-02 2.610730e-02 -9.989378e-01
    outer loop
      vertex -5.055650e-02 9.048751e-02 -6.592850e-02
      vertex -5.872623e-02 8.510750e-02 -6.637964e-02
      vertex -6.722476e-02 9.746772e-02 -6.637964e-02
    endloop
  endfacet
  facet normal -3.332173e-02 -2.291105e-02 9.991820e-01
    outer loop
      vertex -6.708298e-02 9.756520e-02 -7.037594e-02
      vertex -7.582756e-02 9.060898e-02 -7.082707e-02
      vertex -5.858446e-02 8.520498e-02 -7.037594e-02
    endloop
  endfacet
  facet normal -3.542627e-02 -2.964703e-02 9.989324e-01
    outer loop
      vertex -5.858446e-02 8.520498e-02 -7.037594e-02
      vertex -7.582756e-02 9.060898e-02 -7.082707e-02
      vertex -6.620084e-02 7.910567e-02 -7.082707e-02
    endloop
  endfacet
  facet normal -6.249662e-01 7.806455e-01 -3.129600e-03
    outer loop
      vertex -5.858446e-02 8.520498e-02 -7.037594e-02
      vertex -6.620084e-02 7.910567e-02 -7.082707e-02
      vertex -5.872623e-02 8.510750e-02 -6.637964e-02
    endloop
  endfacet
  facet normal -6.264121e-01 7.794916e-01 8.576572e-04
    outer loop
      vertex -5.872623e-02 8.510750e-02 -6.637964e-02
      vertex -6.620084e-02 7.910567e-02 -7.082707e-02
      vertex -6.633308e-02 7.899500e-02 -6.683079e-02
    endloop
  endfacet
  facet normal 6.224425e-01 -7.826598e-01 2.990934e-03
    outer loop
      vertex -6.708298e-02 9.756520e-02 -7.037594e-02
      vertex -6.722476e-02 9.746772e-02 -6.637964e-02
      vertex -7.582756e-02 9.060898e-02 -7.082707e-02
    endloop
  endfacet
  facet normal 6.237090e-01 -7.816560e-01 -1.007045e-03
    outer loop
      vertex -7.582756e-02 9.060898e-02 -7.082707e-02
      vertex -6.722476e-02 9.746772e-02 -6.637964e-02
      vertex -7.595981e-02 9.049831e-02 -6.683079e-02
    endloop
  endfacet
  facet normal 3.332411e-02 2.291268e-02 -9.991819e-01
    outer loop
      vertex -6.722476e-02 9.746772e-02 -6.637964e-02
      vertex -5.872623e-02 8.510750e-02 -6.637964e-02
      vertex -7.595981e-02 9.049831e-02 -6.683079e-02
    endloop
  endfacet
  facet normal 3.542339e-02 2.964463e-02 -9.989326e-01
    outer loop
      vertex -5.872623e-02 8.510750e-02 -6.637964e-02
      vertex -6.633308e-02 7.899500e-02 -6.683079e-02
      vertex -7.595981e-02 9.049831e-02 -6.683079e-02
    endloop
  endfacet
  facet normal -3.107742e-02 -2.600763e-02 9.991786e-01
    outer loop
      vertex -7.582756e-02 9.060898e-02 -7.082707e-02
      vertex -8.385945e-02 8.287484e-02 -7.127820e-02
      vertex -6.620084e-02 7.910567e-02 -7.082707e-02
    endloop
  endfacet
  facet normal -3.254998e-02 -3.293670e-02 9.989273e-01
    outer loop
      vertex -6.620084e-02 7.910567e-02 -7.082707e-02
      vertex -8.385945e-02 8.287484e-02 -7.127820e-02
      vertex -7.319040e-02 7.233105e-02 -7.127820e-02
    endloop
  endfacet
  facet normal -6.958717e-01 7.181593e-01 -3.139339e-03
    outer loop
      vertex -6.620084e-02 7.910567e-02 -7.082707e-02
      vertex -7.319040e-02 7.233105e-02 -7.127820e-02
      vertex -6.633308e-02 7.899500e-02 -6.683079e-02
    endloop
  endfacet
  facet normal -6.972084e-01 7.168680e-01 8.565662e-04
    outer loop
      vertex -6.633308e-02 7.899500e-02 -6.683079e-02
      vertex -7.319040e-02 7.233105e-02 -7.127820e-02
      vertex -7.331189e-02 7.220812e-02 -6.728193e-02
    endloop
  endfacet
  facet normal 6.935389e-01 -7.204130e-01 2.999730e-03
    outer loop
      vertex -7.582756e-02 9.060898e-02 -7.082707e-02
      vertex -7.595981e-02 9.049831e-02 -6.683079e-02
      vertex -8.385945e-02 8.287484e-02 -7.127820e-02
    endloop
  endfacet
  facet normal 6.947101e-01 -7.192892e-01 -1.006995e-03
    outer loop
      vertex -8.385945e-02 8.287484e-02 -7.127820e-02
      vertex -7.595981e-02 9.049831e-02 -6.683079e-02
      vertex -8.398094e-02 8.275191e-02 -6.728193e-02
    endloop
  endfacet
  facet normal 3.107964e-02 2.600949e-02 -9.991784e-01
    outer loop
      vertex -7.595981e-02 9.049831e-02 -6.683079e-02
      vertex -6.633308e-02 7.899500e-02 -6.683079e-02
      vertex -8.398094e-02 8.275191e-02 -6.728193e-02
    endloop
  endfacet
  facet normal 3.254732e-02 3.293401e-02 -9.989274e-01
    outer loop
      vertex -6.633308e-02 7.899500e-02 -6.683079e-02
      vertex -7.331189e-02 7.220812e-02 -6.728193e-02
      vertex -8.398094e-02 8.275191e-02 -6.728193e-02
    endloop
  endfacet
  facet normal -2.854573e-02 -2.888488e-02 9.991751e-01
    outer loop
      vertex -8.385945e-02 8.287484e-02 -7.127820e-02
      vertex -9.111003e-02 7.443503e-02 -7.172932e-02
      vertex -7.319040e-02 7.233105e-02 -7.127820e-02
    endloop
  endfacet
  facet normal -2.936864e-02 -3.594782e-02 9.989220e-01
    outer loop
      vertex -7.319040e-02 7.233105e-02 -7.127820e-02
      vertex -9.111003e-02 7.443503e-02 -7.172932e-02
      vertex -7.949383e-02 6.494483e-02 -7.172932e-02
    endloop
  endfacet
  facet normal -7.605617e-01 6.492580e-01 -3.149135e-03
    outer loop
      vertex -7.319040e-02 7.233105e-02 -7.127820e-02
      vertex -7.949383e-02 6.494483e-02 -7.172932e-02
      vertex -7.331189e-02 7.220812e-02 -6.728193e-02
    endloop
  endfacet
  facet normal -7.617762e-01 6.478397e-01 8.554548e-04
    outer loop
      vertex -7.331189e-02 7.220812e-02 -6.728193e-02
      vertex -7.949383e-02 6.494483e-02 -7.172932e-02
      vertex -7.960342e-02 6.481069e-02 -6.773308e-02
    endloop
  endfacet
  facet normal 7.584424e-01 -6.517331e-01 3.008573e-03
    outer loop
      vertex -8.385945e-02 8.287484e-02 -7.127820e-02
      vertex -8.398094e-02 8.275191e-02 -6.728193e-02
      vertex -9.111003e-02 7.443503e-02 -7.172932e-02
    endloop
  endfacet
  facet normal 7.595070e-01 -6.504983e-01 -1.006934e-03
    outer loop
      vertex -9.111003e-02 7.443503e-02 -7.172932e-02
      vertex -8.398094e-02 8.275191e-02 -6.728193e-02
      vertex -9.121962e-02 7.430088e-02 -6.773308e-02
    endloop
  endfacet
  facet normal 2.854778e-02 2.888695e-02 -9.991749e-01
    outer loop
      vertex -8.398094e-02 8.275191e-02 -6.728193e-02
      vertex -7.331189e-02 7.220812e-02 -6.728193e-02
      vertex -9.121962e-02 7.430088e-02 -6.773308e-02
    endloop
  endfacet
  facet normal 2.936623e-02 3.594488e-02 -9.989222e-01
    outer loop
      vertex -7.331189e-02 7.220812e-02 -6.728193e-02
      vertex -7.960342e-02 6.481069e-02 -6.773308e-02
      vertex -9.121962e-02 7.430088e-02 -6.773308e-02
    endloop
  endfacet
  facet normal -2.574807e-02 -3.151617e-02 9.991715e-01
    outer loop
      vertex -9.111003e-02 7.443503e-02 -7.172932e-02
      vertex -9.751793e-02 6.536784e-02 -7.218045e-02
      vertex -7.949383e-02 6.494483e-02 -7.172932e-02
    endloop
  endfacet
  facet normal -2.590917e-02 -3.865216e-02 9.989168e-01
    outer loop
      vertex -7.949383e-02 6.494483e-02 -7.172932e-02
      vertex -9.751793e-02 6.536784e-02 -7.218045e-02
      vertex -8.505820e-02 5.701589e-02 -7.218045e-02
    endloop
  endfacet
  facet normal -8.184583e-01 5.745572e-01 -3.158988e-03
    outer loop
      vertex -7.949383e-02 6.494483e-02 -7.172932e-02
      vertex -8.505820e-02 5.701589e-02 -7.218045e-02
      vertex -7.960342e-02 6.481069e-02 -6.773308e-02
    endloop
  endfacet
  facet normal -8.195386e-01 5.730233e-01 8.543226e-04
    outer loop
      vertex -7.960342e-02 6.481069e-02 -6.773308e-02
      vertex -8.505820e-02 5.701589e-02 -7.218045e-02
      vertex -8.515487e-02 5.687167e-02 -6.818422e-02
    endloop
  endfacet
  facet normal 8.165736e-01 -5.772334e-01 3.017466e-03
    outer loop
      vertex -9.111003e-02 7.443503e-02 -7.172932e-02
      vertex -9.121962e-02 7.430088e-02 -6.773308e-02
      vertex -9.751793e-02 6.536784e-02 -7.218045e-02
    endloop
  endfacet
  facet normal 8.175210e-01 -5.758978e-01 -1.006862e-03
    outer loop
      vertex -9.751793e-02 6.536784e-02 -7.218045e-02
      vertex -9.121962e-02 7.430088e-02 -6.773308e-02
      vertex -9.761460e-02 6.522363e-02 -6.818422e-02
    endloop
  endfacet
  facet normal 2.574993e-02 3.151845e-02 -9.991714e-01
    outer loop
      vertex -9.121962e-02 7.430088e-02 -6.773308e-02
      vertex -7.960342e-02 6.481069e-02 -6.773308e-02
      vertex -9.761460e-02 6.522363e-02 -6.818422e-02
    endloop
  endfacet
  facet normal 2.590704e-02 3.864898e-02 -9.989170e-01
    outer loop
      vertex -7.960342e-02 6.481069e-02 -6.773308e-02
      vertex -8.515487e-02 5.687167e-02 -6.818422e-02
      vertex -9.761460e-02 6.522363e-02 -6.818422e-02
    endloop
  endfacet
  facet normal -2.270828e-02 -3.387697e-02 9.991680e-01
    outer loop
      vertex -9.751793e-02 6.536784e-02 -7.218045e-02
      vertex -1.030296e-01 5.575682e-02 -7.263158e-02
      vertex -8.505820e-02 5.701589e-02 -7.218045e-02
    endloop
  endfacet
  facet normal -2.220112e-02 -4.102407e-02 9.989115e-01
    outer loop
      vertex -8.505820e-02 5.701589e-02 -7.218045e-02
      vertex -1.030296e-01 5.575682e-02 -7.263158e-02
      vertex -8.983747e-02 4.861761e-02 -7.263158e-02
    endloop
  endfacet
  facet normal -8.690444e-01 4.947240e-01 -3.168900e-03
    outer loop
      vertex -8.505820e-02 5.701589e-02 -7.218045e-02
      vertex -8.983747e-02 4.861761e-02 -7.263158e-02
      vertex -8.515487e-02 5.687167e-02 -6.818422e-02
    endloop
  endfacet
  facet normal -8.699794e-01 4.930873e-01 8.531694e-04
    outer loop
      vertex -8.515487e-02 5.687167e-02 -6.818422e-02
      vertex -8.983747e-02 4.861761e-02 -7.263158e-02
      vertex -8.992029e-02 4.846457e-02 -6.863537e-02
    endloop
  endfacet
  facet normal 8.674133e-01 -4.975791e-01 3.026408e-03
    outer loop
      vertex -9.751793e-02 6.536784e-02 -7.218045e-02
      vertex -9.761460e-02 6.522363e-02 -6.818422e-02
      vertex -1.030296e-01 5.575682e-02 -7.263158e-02
    endloop
  endfacet
  facet normal 8.682340e-01 -4.961538e-01 -1.006780e-03
    outer loop
      vertex -1.030296e-01 5.575682e-02 -7.263158e-02
      vertex -9.761460e-02 6.522363e-02 -6.818422e-02
      vertex -1.031124e-01 5.560378e-02 -6.863537e-02
    endloop
  endfacet
  facet normal 2.270992e-02 3.387942e-02 -9.991679e-01
    outer loop
      vertex -9.761460e-02 6.522363e-02 -6.818422e-02
      vertex -8.515487e-02 5.687167e-02 -6.818422e-02
      vertex -1.031124e-01 5.560378e-02 -6.863537e-02
    endloop
  endfacet
  facet normal 2.219928e-02 4.102067e-02 -9.989117e-01
    outer loop
      vertex -8.515487e-02 5.687167e-02 -6.818422e-02
      vertex -8.992029e-02 4.846457e-02 -6.863537e-02
      vertex -1.031124e-01 5.560378e-02 -6.863537e-02
    endloop
  endfacet
  facet normal -1.945247e-02 -3.594502e-02 9.991644e-01
    outer loop
      vertex -1.030296e-01 5.575682e-02 -7.263158e-02
      vertex -1.075996e-01 4.569000e-02 -7.308271e-02
      vertex -8.983747e-02 4.861761e-02 -7.263158e-02
    endloop
  endfacet
  facet normal -1.827637e-02 -4.304074e-02 9.989061e-01
    outer loop
      vertex -8.983747e-02 4.861761e-02 -7.263158e-02
      vertex -1.075996e-01 4.569000e-02 -7.308271e-02
      vertex -9.379283e-02 3.982722e-02 -7.308271e-02
    endloop
  endfacet
  facet normal -9.118679e-01 4.104714e-01 -3.178870e-03
    outer loop
      vertex -8.983747e-02 4.861761e-02 -7.263158e-02
      vertex -9.379283e-02 3.982722e-02 -7.308271e-02
      vertex -8.992029e-02 4.846457e-02 -6.863537e-02
    endloop
  endfacet
  facet normal -9.126479e-01 4.087457e-01 8.519948e-04
    outer loop
      vertex -8.992029e-02 4.846457e-02 -6.863537e-02
      vertex -9.379283e-02 3.982722e-02 -7.308271e-02
      vertex -9.386100e-02 3.966668e-02 -6.908651e-02
    endloop
  endfacet
  facet normal 9.105075e-01 -4.134815e-01 3.035400e-03
    outer loop
      vertex -1.030296e-01 5.575682e-02 -7.263158e-02
      vertex -1.031124e-01 5.560378e-02 -6.863537e-02
      vertex -1.075996e-01 4.569000e-02 -7.308271e-02
    endloop
  endfacet
  facet normal 9.111930e-01 -4.119785e-01 -1.006686e-03
    outer loop
      vertex -1.075996e-01 4.569000e-02 -7.308271e-02
      vertex -1.031124e-01 5.560378e-02 -6.863537e-02
      vertex -1.076678e-01 4.552946e-02 -6.908651e-02
    endloop
  endfacet
  facet normal 1.945389e-02 3.594763e-02 -9.991643e-01
    outer loop
      vertex -1.031124e-01 5.560378e-02 -6.863537e-02
      vertex -8.992029e-02 4.846457e-02 -6.863537e-02
      vertex -1.076678e-01 4.552946e-02 -6.908651e-02
    endloop
  endfacet
  facet normal 1.827485e-02 4.303715e-02 -9.989063e-01
    outer loop
      vertex -8.992029e-02 4.846457e-02 -6.863537e-02
      vertex -9.386100e-02 3.966668e-02 -6.908651e-02
      vertex -1.076678e-01 4.552946e-02 -6.908651e-02
    endloop
  endfacet
  facet normal -1.600879e-02 -3.770060e-02 9.991608e-01
    outer loop
      vertex -1.075996e-01 4.569000e-02 -7.308271e-02
      vertex -1.111914e-01 3.525913e-02 -7.353383e-02
      vertex -9.379283e-02 3.982722e-02 -7.308271e-02
    endloop
  endfacet
  facet normal -1.416893e-02 -4.468241e-02 9.989008e-01
    outer loop
      vertex -9.379283e-02 3.982722e-02 -7.308271e-02
      vertex -1.111914e-01 3.525913e-02 -7.353383e-02
      vertex -9.689303e-02 3.072508e-02 -7.353383e-02
    endloop
  endfacet
  facet normal -9.465463e-01 3.225521e-01 -3.188899e-03
    outer loop
      vertex -9.379283e-02 3.982722e-02 -7.308271e-02
      vertex -9.689303e-02 3.072508e-02 -7.353383e-02
      vertex -9.386100e-02 3.966668e-02 -6.908651e-02
    endloop
  endfacet
  facet normal -9.471629e-01 3.207519e-01 8.507987e-04
    outer loop
      vertex -9.386100e-02 3.966668e-02 -6.908651e-02
      vertex -9.689303e-02 3.072508e-02 -7.353383e-02
      vertex -9.694587e-02 3.055845e-02 -6.953766e-02
    endloop
  endfacet
  facet normal 9.454712e-01 -3.256915e-01 3.044442e-03
    outer loop
      vertex -1.075996e-01 4.569000e-02 -7.308271e-02
      vertex -1.076678e-01 4.552946e-02 -6.908651e-02
      vertex -1.111914e-01 3.525913e-02 -7.353383e-02
    endloop
  endfacet
  facet normal 9.460142e-01 -3.241236e-01 -1.006580e-03
    outer loop
      vertex -1.111914e-01 3.525913e-02 -7.353383e-02
      vertex -1.076678e-01 4.552946e-02 -6.908651e-02
      vertex -1.112442e-01 3.509250e-02 -6.953766e-02
    endloop
  endfacet
  facet normal 1.600996e-02 3.770335e-02 -9.991607e-01
    outer loop
      vertex -1.076678e-01 4.552946e-02 -6.908651e-02
      vertex -9.386100e-02 3.966668e-02 -6.908651e-02
      vertex -1.112442e-01 3.509250e-02 -6.953766e-02
    endloop
  endfacet
  facet normal 1.416775e-02 4.467867e-02 -9.989009e-01
    outer loop
      vertex -9.386100e-02 3.966668e-02 -6.908651e-02
      vertex -9.694587e-02 3.055845e-02 -6.953766e-02
      vertex -1.112442e-01 3.509250e-02 -6.953766e-02
    endloop
  endfacet
  facet normal -1.240720e-02 -3.912669e-02 9.991572e-01
    outer loop
      vertex -1.111914e-01 3.525913e-02 -7.353383e-02
      vertex -1.137769e-01 2.455881e-02 -7.398496e-02
      vertex -9.689303e-02 3.072508e-02 -7.353383e-02
    endloop
  endfacet
  facet normal -9.914573e-03 -4.593258e-02 9.988953e-01
    outer loop
      vertex -9.689303e-02 3.072508e-02 -7.353383e-02
      vertex -1.137769e-01 2.455881e-02 -7.398496e-02
      vertex -9.911458e-02 2.139394e-02 -7.398496e-02
    endloop
  endfacet
  facet normal -9.727698e-01 2.317513e-01 -3.198988e-03
    outer loop
      vertex -9.689303e-02 3.072508e-02 -7.353383e-02
      vertex -9.911458e-02 2.139394e-02 -7.398496e-02
      vertex -9.694587e-02 3.055845e-02 -6.953766e-02
    endloop
  endfacet
  facet normal -9.732157e-01 2.298921e-01 8.495808e-04
    outer loop
      vertex -9.694587e-02 3.055845e-02 -6.953766e-02
      vertex -9.911458e-02 2.139394e-02 -7.398496e-02
      vertex -9.915155e-02 2.122267e-02 -6.998880e-02
    endloop
  endfacet
  facet normal 9.719923e-01 -2.349929e-01 3.053534e-03
    outer loop
      vertex -1.111914e-01 3.525913e-02 -7.353383e-02
      vertex -1.112442e-01 3.509250e-02 -6.953766e-02
      vertex -1.137769e-01 2.455881e-02 -7.398496e-02
    endloop
  endfacet
  facet normal 9.723866e-01 -2.333736e-01 -1.006463e-03
    outer loop
      vertex -1.137769e-01 2.455881e-02 -7.398496e-02
      vertex -1.112442e-01 3.509250e-02 -6.953766e-02
      vertex -1.138139e-01 2.438754e-02 -6.998880e-02
    endloop
  endfacet
  facet normal 1.240811e-02 3.912957e-02 -9.991571e-01
    outer loop
      vertex -1.112442e-01 3.509250e-02 -6.953766e-02
      vertex -9.694587e-02 3.055845e-02 -6.953766e-02
      vertex -1.138139e-01 2.438754e-02 -6.998880e-02
    endloop
  endfacet
  facet normal 9.913740e-03 4.592872e-02 -9.988955e-01
    outer loop
      vertex -9.694587e-02 3.055845e-02 -6.953766e-02
      vertex -9.915155e-02 2.122267e-02 -6.998880e-02
      vertex -1.138139e-01 2.438754e-02 -6.998880e-02
    endloop
  endfacet
  facet normal -8.679166e-03 -4.020915e-02 9.991536e-01
    outer loop
      vertex -1.137769e-01 2.455881e-02 -7.398496e-02
      vertex -1.153375e-01 1.368563e-02 -7.443609e-02
      vertex -9.911458e-02 2.139394e-02 -7.398496e-02
    endloop
  endfacet
  facet normal -5.550567e-03 -4.677817e-02 9.988899e-01
    outer loop
      vertex -9.911458e-02 2.139394e-02 -7.398496e-02
      vertex -1.153375e-01 1.368563e-02 -7.443609e-02
      vertex -1.004420e-01 1.191817e-02 -7.443609e-02
    endloop
  endfacet
  facet normal -9.903040e-01 1.388800e-01 -3.209137e-03
    outer loop
      vertex -9.911458e-02 2.139394e-02 -7.398496e-02
      vertex -1.004420e-01 1.191817e-02 -7.443609e-02
      vertex -9.915155e-02 2.122267e-02 -6.998880e-02
    endloop
  endfacet
  facet normal -9.905737e-01 1.369780e-01 8.483408e-04
    outer loop
      vertex -9.915155e-02 2.122267e-02 -6.998880e-02
      vertex -1.004420e-01 1.191817e-02 -7.443609e-02
      vertex -1.004627e-01 1.174377e-02 -7.043995e-02
    endloop
  endfacet
  facet normal 9.898338e-01 -1.421958e-01 3.062676e-03
    outer loop
      vertex -1.137769e-01 2.455881e-02 -7.398496e-02
      vertex -1.138139e-01 2.438754e-02 -6.998880e-02
      vertex -1.153375e-01 1.368563e-02 -7.443609e-02
    endloop
  endfacet
  facet normal 9.900746e-01 -1.405392e-01 -1.006334e-03
    outer loop
      vertex -1.153375e-01 1.368563e-02 -7.443609e-02
      vertex -1.138139e-01 2.438754e-02 -6.998880e-02
      vertex -1.153582e-01 1.351123e-02 -7.043995e-02
    endloop
  endfacet
  facet normal 8.679806e-03 4.021211e-02 -9.991535e-01
    outer loop
      vertex -1.138139e-01 2.438754e-02 -6.998880e-02
      vertex -9.915155e-02 2.122267e-02 -6.998880e-02
      vertex -1.153582e-01 1.351123e-02 -7.043995e-02
    endloop
  endfacet
  facet normal 5.550098e-03 4.677422e-02 -9.988901e-01
    outer loop
      vertex -9.915155e-02 2.122267e-02 -6.998880e-02
      vertex -1.004627e-01 1.174377e-02 -7.043995e-02
      vertex -1.153582e-01 1.351123e-02 -7.043995e-02
    endloop
  endfacet
  facet normal -4.857448e-03 -4.093681e-02 9.991499e-01
    outer loop
      vertex -1.153375e-01 1.368563e-02 -7.443609e-02
      vertex -1.158637e-01 2.737324e-03 -7.488722e-02
      vertex -1.004420e-01 1.191817e-02 -7.443609e-02
    endloop
  endfacet
  facet normal -1.115346e-03 -4.720961e-02 9.988844e-01
    outer loop
      vertex -1.004420e-01 1.191817e-02 -7.443609e-02
      vertex -1.158637e-01 2.737324e-03 -7.488722e-02
      vertex -1.008678e-01 2.383042e-03 -7.488722e-02
    endloop
  endfacet
  facet normal -9.989922e-01 4.476786e-02 -3.219346e-03
    outer loop
      vertex -1.004420e-01 1.191817e-02 -7.443609e-02
      vertex -1.008678e-01 2.383042e-03 -7.488722e-02
      vertex -1.004627e-01 1.174377e-02 -7.043995e-02
    endloop
  endfacet
  facet normal -9.990816e-01 4.283977e-02 8.470783e-04
    outer loop
      vertex -1.004627e-01 1.174377e-02 -7.043995e-02
      vertex -1.008678e-01 2.383042e-03 -7.488722e-02
      vertex -1.008720e-01 2.207069e-03 -7.089109e-02
    endloop
  endfacet
  facet normal 9.988364e-01 -4.812869e-02 3.071871e-03
    outer loop
      vertex -1.153375e-01 1.368563e-02 -7.443609e-02
      vertex -1.153582e-01 1.351123e-02 -7.043995e-02
      vertex -1.158637e-01 2.737324e-03 -7.488722e-02
    endloop
  endfacet
  facet normal 9.989201e-01 -4.644927e-02 -1.006194e-03
    outer loop
      vertex -1.158637e-01 2.737324e-03 -7.488722e-02
      vertex -1.153582e-01 1.351123e-02 -7.043995e-02
      vertex -1.158678e-01 2.561351e-03 -7.089109e-02
    endloop
  endfacet
  facet normal 4.857808e-03 4.093985e-02 -9.991498e-01
    outer loop
      vertex -1.153582e-01 1.351123e-02 -7.043995e-02
      vertex -1.004627e-01 1.174377e-02 -7.043995e-02
      vertex -1.158678e-01 2.561351e-03 -7.089109e-02
    endloop
  endfacet
  facet normal 1.115251e-03 4.720561e-02 -9.988846e-01
    outer loop
      vertex -1.004627e-01 1.174377e-02 -7.043995e-02
      vertex -1.008720e-01 2.207069e-03 -7.089109e-02
      vertex -1.158678e-01 2.561351e-03 -7.089109e-02
    endloop
  endfacet
  facet normal -9.757677e-04 -4.130165e-02 9.991462e-01
    outer loop
      vertex -1.158637e-01 2.737324e-03 -7.488722e-02
      vertex -1.153551e-01 -8.188120e-03 -7.533835e-02
      vertex -1.008678e-01 2.383042e-03 -7.488722e-02
    endloop
  endfacet
  facet normal 3.351835e-03 -4.722102e-02 9.988788e-01
    outer loop
      vertex -1.008678e-01 2.383042e-03 -7.488722e-02
      vertex -1.153551e-01 -8.188120e-03 -7.533835e-02
      vertex -1.003928e-01 -7.126064e-03 -7.533835e-02
    endloop
  endfacet
  facet normal -9.987568e-01 -4.974448e-02 -3.229616e-03
    outer loop
      vertex -1.008678e-01 2.383042e-03 -7.488722e-02
      vertex -1.003928e-01 -7.126064e-03 -7.533835e-02
      vertex -1.008720e-01 2.207069e-03 -7.089109e-02
    endloop
  endfacet
  facet normal -9.986633e-01 -5.168162e-02 8.457932e-04
    outer loop
      vertex -1.008720e-01 2.207069e-03 -7.089109e-02
      vertex -1.003928e-01 -7.126064e-03 -7.533835e-02
      vertex -1.003803e-01 -7.302051e-03 -7.134224e-02
    endloop
  endfacet
  facet normal 9.989197e-01 4.636840e-02 3.081116e-03
    outer loop
      vertex -1.158637e-01 2.737324e-03 -7.488722e-02
      vertex -1.158678e-01 2.561351e-03 -7.089109e-02
      vertex -1.153551e-01 -8.188120e-03 -7.533835e-02
    endloop
  endfacet
  facet normal 9.988441e-01 4.805573e-02 -1.006041e-03
    outer loop
      vertex -1.153551e-01 -8.188120e-03 -7.533835e-02
      vertex -1.158678e-01 2.561351e-03 -7.089109e-02
      vertex -1.153426e-01 -8.364106e-03 -7.134224e-02
    endloop
  endfacet
  facet normal 9.758404e-04 4.130473e-02 -9.991461e-01
    outer loop
      vertex -1.158678e-01 2.561351e-03 -7.089109e-02
      vertex -1.008720e-01 2.207069e-03 -7.089109e-02
      vertex -1.153426e-01 -8.364106e-03 -7.134224e-02
    endloop
  endfacet
  facet normal -3.351549e-03 4.721699e-02 -9.988790e-01
    outer loop
      vertex -1.008720e-01 2.207069e-03 -7.089109e-02
      vertex -1.003803e-01 -7.302051e-03 -7.134224e-02
      vertex -1.153426e-01 -8.364106e-03 -7.134224e-02
    endloop
  endfacet
  facet normal 2.931468e-03 -4.129884e-02 9.991425e-01
    outer loop
      vertex -1.153551e-01 -8.188120e-03 -7.533835e-02
      vertex -1.138209e-01 -1.899335e-02 -7.578947e-02
      vertex -1.003928e-01 -7.126064e-03 -7.533835e-02
    endloop
  endfacet
  facet normal 7.811239e-03 -4.681019e-02 9.988733e-01
    outer loop
      vertex -1.003928e-01 -7.126064e-03 -7.533835e-02
      vertex -1.138209e-01 -1.899335e-02 -7.578947e-02
      vertex -9.902548e-02 -1.652443e-02 -7.578947e-02
    endloop
  endfacet
  facet normal -9.895996e-01 -1.438128e-01 -3.239948e-03
    outer loop
      vertex -1.003928e-01 -7.126064e-03 -7.533835e-02
      vertex -9.902548e-02 -1.652443e-02 -7.578947e-02
      vertex -1.003803e-01 -7.302051e-03 -7.134224e-02
    endloop
  endfacet
  facet normal -9.893223e-01 -1.457416e-01 8.444851e-04
    outer loop
      vertex -1.003803e-01 -7.302051e-03 -7.134224e-02
      vertex -9.902548e-02 -1.652443e-02 -7.578947e-02
      vertex -9.899638e-02 -1.669886e-02 -7.179338e-02
    endloop
  endfacet
  facet normal 9.900827e-01 1.404516e-01 3.090414e-03
    outer loop
      vertex -1.153551e-01 -8.188120e-03 -7.533835e-02
      vertex -1.153426e-01 -8.364106e-03 -7.134224e-02
      vertex -1.138209e-01 -1.899335e-02 -7.578947e-02
    endloop
  endfacet
  facet normal 9.898472e-01 1.421318e-01 -1.005876e-03
    outer loop
      vertex -1.138209e-01 -1.899335e-02 -7.578947e-02
      vertex -1.153426e-01 -8.364106e-03 -7.134224e-02
      vertex -1.137918e-01 -1.916778e-02 -7.179338e-02
    endloop
  endfacet
  facet normal -2.931687e-03 4.130193e-02 -9.991424e-01
    outer loop
      vertex -1.153426e-01 -8.364106e-03 -7.134224e-02
      vertex -1.003803e-01 -7.302051e-03 -7.134224e-02
      vertex -1.137918e-01 -1.916778e-02 -7.179338e-02
    endloop
  endfacet
  facet normal -7.810570e-03 4.680618e-02 -9.988735e-01
    outer loop
      vertex -1.003803e-01 -7.302051e-03 -7.134224e-02
      vertex -9.899638e-02 -1.669886e-02 -7.179338e-02
      vertex -1.137918e-01 -1.916778e-02 -7.179338e-02
    endloop
  endfacet
  facet normal 6.829476e-03 -4.092681e-02 9.991388e-01
    outer loop
      vertex -1.138209e-01 -1.899335e-02 -7.578947e-02
      vertex -1.112791e-01 -2.958250e-02 -7.624060e-02
      vertex -9.902548e-02 -1.652443e-02 -7.578947e-02
    endloop
  endfacet
  facet normal 1.222300e-02 -4.597870e-02 9.988676e-01
    outer loop
      vertex -9.902548e-02 -1.652443e-02 -7.578947e-02
      vertex -1.112791e-01 -2.958250e-02 -7.624060e-02
      vertex -9.678261e-02 -2.572874e-02 -7.624060e-02
    endloop
  endfacet
  facet normal -9.716025e-01 -2.365967e-01 -3.250342e-03
    outer loop
      vertex -9.902548e-02 -1.652443e-02 -7.578947e-02
      vertex -9.678261e-02 -2.572874e-02 -7.624060e-02
      vertex -9.899638e-02 -1.669886e-02 -7.179338e-02
    endloop
  endfacet
  facet normal -9.711422e-01 -2.384999e-01 8.431538e-04
    outer loop
      vertex -9.899638e-02 -1.669886e-02 -7.179338e-02
      vertex -9.678261e-02 -2.572874e-02 -7.624060e-02
      vertex -9.673708e-02 -2.590004e-02 -7.224453e-02
    endloop
  endfacet
  facet normal 9.724045e-01 2.332808e-01 3.099765e-03
    outer loop
      vertex -1.138209e-01 -1.899335e-02 -7.578947e-02
      vertex -1.137918e-01 -1.916778e-02 -7.179338e-02
      vertex -1.112791e-01 -2.958250e-02 -7.624060e-02
    endloop
  endfacet
  facet normal 9.720097e-01 2.349387e-01 -1.005699e-03
    outer loop
      vertex -1.112791e-01 -2.958250e-02 -7.624060e-02
      vertex -1.137918e-01 -1.916778e-02 -7.179338e-02
      vertex -1.112336e-01 -2.975380e-02 -7.224453e-02
    endloop
  endfacet
  facet normal -6.829990e-03 4.092989e-02 -9.991387e-01
    outer loop
      vertex -1.137918e-01 -1.916778e-02 -7.179338e-02
      vertex -9.899638e-02 -1.669886e-02 -7.179338e-02
      vertex -1.112336e-01 -2.975380e-02 -7.224453e-02
    endloop
  endfacet
  facet normal -1.222195e-02 4.597474e-02 -9.988678e-01
    outer loop
      vertex -9.899638e-02 -1.669886e-02 -7.179338e-02
      vertex -9.673708e-02 -2.590004e-02 -7.224453e-02
      vertex -1.112336e-01 -2.975380e-02 -7.224453e-02
    endloop
  endfacet
  facet normal 1.068341e-02 -4.018727e-02 9.991351e-01
    outer loop
      vertex -1.112791e-01 -2.958250e-02 -7.624060e-02
      vertex -1.077568e-01 -3.986206e-02 -7.669173e-02
      vertex -9.678261e-02 -2.572874e-02 -7.624060e-02
    endloop
  endfacet
  facet normal 1.654749e-02 -4.473188e-02 9.988620e-01
    outer loop
      vertex -9.678261e-02 -2.572874e-02 -7.624060e-02
      vertex -1.077568e-01 -3.986206e-02 -7.669173e-02
      vertex -9.368854e-02 -3.465784e-02 -7.669173e-02
    endloop
  endfacet
  facet normal -9.449261e-01 -3.272675e-01 -3.260798e-03
    outer loop
      vertex -9.678261e-02 -2.572874e-02 -7.624060e-02
      vertex -9.368854e-02 -3.465784e-02 -7.669173e-02
      vertex -9.673708e-02 -2.590004e-02 -7.224453e-02
    endloop
  endfacet
  facet normal -9.442851e-01 -3.291276e-01 8.417988e-04
    outer loop
      vertex -9.673708e-02 -2.590004e-02 -7.224453e-02
      vertex -9.368854e-02 -3.465784e-02 -7.669173e-02
      vertex -9.362690e-02 -3.482447e-02 -7.269568e-02
    endloop
  endfacet
  facet normal 9.460427e-01 3.240271e-01 3.109168e-03
    outer loop
      vertex -1.112791e-01 -2.958250e-02 -7.624060e-02
      vertex -1.112336e-01 -2.975380e-02 -7.224453e-02
      vertex -1.077568e-01 -3.986206e-02 -7.669173e-02
    endloop
  endfacet
  facet normal 9.454907e-01 3.256475e-01 -1.005509e-03
    outer loop
      vertex -1.077568e-01 -3.986206e-02 -7.669173e-02
      vertex -1.112336e-01 -2.975380e-02 -7.224453e-02
      vertex -1.076952e-01 -4.002869e-02 -7.269568e-02
    endloop
  endfacet
  facet normal -1.068421e-02 4.019030e-02 -9.991349e-01
    outer loop
      vertex -1.112336e-01 -2.975380e-02 -7.224453e-02
      vertex -9.673708e-02 -2.590004e-02 -7.224453e-02
      vertex -1.076952e-01 -4.002869e-02 -7.269568e-02
    endloop
  endfacet
  facet normal -1.654606e-02 4.472801e-02 -9.988622e-01
    outer loop
      vertex -9.673708e-02 -2.590004e-02 -7.224453e-02
      vertex -9.362690e-02 -3.482447e-02 -7.269568e-02
      vertex -1.076952e-01 -4.002869e-02 -7.269568e-02
    endloop
  endfacet
  facet normal 1.445865e-02 -3.908522e-02 9.991313e-01
    outer loop
      vertex -1.077568e-01 -3.986206e-02 -7.669173e-02
      vertex -1.032896e-01 -4.974167e-02 -7.714286e-02
      vertex -9.368854e-02 -3.465784e-02 -7.669173e-02
    endloop
  endfacet
  facet normal 2.074565e-02 -4.307878e-02 9.988563e-01
    outer loop
      vertex -9.368854e-02 -3.465784e-02 -7.669173e-02
      vertex -1.032896e-01 -4.974167e-02 -7.714286e-02
      vertex -8.977511e-02 -4.323342e-02 -7.714286e-02
    endloop
  endfacet
  facet normal -9.098086e-01 -4.150151e-01 -3.271318e-03
    outer loop
      vertex -9.368854e-02 -3.465784e-02 -7.669173e-02
      vertex -8.977511e-02 -4.323342e-02 -7.714286e-02
      vertex -9.362690e-02 -3.482447e-02 -7.269568e-02
    endloop
  endfacet
  facet normal -9.089909e-01 -4.168151e-01 8.404201e-04
    outer loop
      vertex -9.362690e-02 -3.482447e-02 -7.269568e-02
      vertex -8.977511e-02 -4.323342e-02 -7.714286e-02
      vertex -8.969785e-02 -4.339386e-02 -7.314682e-02
    endloop
  endfacet
  facet normal 9.112328e-01 4.118800e-01 3.118624e-03
    outer loop
      vertex -1.077568e-01 -3.986206e-02 -7.669173e-02
      vertex -1.076952e-01 -4.002869e-02 -7.269568e-02
      vertex -1.032896e-01 -4.974167e-02 -7.714286e-02
    endloop
  endfacet
  facet normal 9.105271e-01 4.134481e-01 -1.005307e-03
    outer loop
      vertex -1.032896e-01 -4.974167e-02 -7.714286e-02
      vertex -1.076952e-01 -4.002869e-02 -7.269568e-02
      vertex -1.032124e-01 -4.990211e-02 -7.314682e-02
    endloop
  endfacet
  facet normal -1.445974e-02 3.908819e-02 -9.991311e-01
    outer loop
      vertex -1.076952e-01 -4.002869e-02 -7.269568e-02
      vertex -9.362690e-02 -3.482447e-02 -7.269568e-02
      vertex -1.032124e-01 -4.990211e-02 -7.314682e-02
    endloop
  endfacet
  facet normal -2.074384e-02 4.307503e-02 -9.988565e-01
    outer loop
      vertex -9.362690e-02 -3.482447e-02 -7.269568e-02
      vertex -8.969785e-02 -4.339386e-02 -7.314682e-02
      vertex -1.032124e-01 -4.990211e-02 -7.314682e-02
    endloop
  endfacet
  facet normal 1.812114e-02 -3.762893e-02 9.991275e-01
    outer loop
      vertex -1.032896e-01 -4.974167e-02 -7.714286e-02
      vertex -9.792160e-02 -5.913495e-02 -7.759398e-02
      vertex -8.977511e-02 -4.323342e-02 -7.714286e-02
    endloop
  endfacet
  facet normal 2.477934e-02 -4.103213e-02 9.988505e-01
    outer loop
      vertex -8.977511e-02 -4.323342e-02 -7.714286e-02
      vertex -9.792160e-02 -5.913495e-02 -7.759398e-02
      vertex -8.508136e-02 -5.138072e-02 -7.759398e-02
    endloop
  endfacet
  facet normal -8.665637e-01 -4.990556e-01 -3.281901e-03
    outer loop
      vertex -8.977511e-02 -4.323342e-02 -7.714286e-02
      vertex -8.508136e-02 -5.138072e-02 -7.759398e-02
      vertex -8.969785e-02 -4.339386e-02 -7.314682e-02
    endloop
  endfacet
  facet normal -8.655750e-01 -5.007787e-01 8.390171e-04
    outer loop
      vertex -8.969785e-02 -4.339386e-02 -7.314682e-02
      vertex -8.508136e-02 -5.138072e-02 -7.759398e-02
      vertex -8.498909e-02 -5.153351e-02 -7.359797e-02
    endloop
  endfacet
  facet normal 8.682855e-01 4.960550e-01 3.128135e-03
    outer loop
      vertex -1.032896e-01 -4.974167e-02 -7.714286e-02
      vertex -1.032124e-01 -4.990211e-02 -7.314682e-02
      vertex -9.792160e-02 -5.913495e-02 -7.759398e-02
    endloop
  endfacet
  facet normal 8.674311e-01 4.975563e-01 -1.005091e-03
    outer loop
      vertex -9.792160e-02 -5.913495e-02 -7.759398e-02
      vertex -1.032124e-01 -4.990211e-02 -7.314682e-02
      vertex -9.782933e-02 -5.928775e-02 -7.359797e-02
    endloop
  endfacet
  facet normal -1.812252e-02 3.763180e-02 -9.991273e-01
    outer loop
      vertex -1.032124e-01 -4.990211e-02 -7.314682e-02
      vertex -8.969785e-02 -4.339386e-02 -7.314682e-02
      vertex -9.782933e-02 -5.928775e-02 -7.359797e-02
    endloop
  endfacet
  facet normal -2.477718e-02 4.102854e-02 -9.988507e-01
    outer loop
      vertex -8.969785e-02 -4.339386e-02 -7.314682e-02
      vertex -8.498909e-02 -5.153351e-02 -7.359797e-02
      vertex -9.782933e-02 -5.928775e-02 -7.359797e-02
    endloop
  endfacet
  facet normal 2.163768e-02 -3.582985e-02 9.991236e-01
    outer loop
      vertex -9.792160e-02 -5.913495e-02 -7.759398e-02
      vertex -9.170448e-02 -6.796023e-02 -7.804511e-02
      vertex -8.508136e-02 -5.138072e-02 -7.759398e-02
    endloop
  endfacet
  facet normal 2.861173e-02 -3.860823e-02 9.988447e-01
    outer loop
      vertex -8.508136e-02 -5.138072e-02 -7.759398e-02
      vertex -9.170448e-02 -6.796023e-02 -7.804511e-02
      vertex -7.965307e-02 -5.902919e-02 -7.804511e-02
    endloop
  endfacet
  facet normal -8.155776e-01 -5.786384e-01 -3.292549e-03
    outer loop
      vertex -8.508136e-02 -5.138072e-02 -7.759398e-02
      vertex -7.965307e-02 -5.902919e-02 -7.804511e-02
      vertex -8.498909e-02 -5.153351e-02 -7.359797e-02
    endloop
  endfacet
  facet normal -8.144250e-01 -5.802683e-01 8.375897e-04
    outer loop
      vertex -8.498909e-02 -5.153351e-02 -7.359797e-02
      vertex -7.965307e-02 -5.902919e-02 -7.804511e-02
      vertex -7.954655e-02 -5.917293e-02 -7.404912e-02
    endloop
  endfacet
  facet normal 8.175843e-01 5.758004e-01 3.137699e-03
    outer loop
      vertex -9.792160e-02 -5.913495e-02 -7.759398e-02
      vertex -9.782933e-02 -5.928775e-02 -7.359797e-02
      vertex -9.170448e-02 -6.796023e-02 -7.804511e-02
    endloop
  endfacet
  facet normal 8.165875e-01 5.772208e-01 -1.004863e-03
    outer loop
      vertex -9.170448e-02 -6.796023e-02 -7.804511e-02
      vertex -9.782933e-02 -5.928775e-02 -7.359797e-02
      vertex -9.159796e-02 -6.810398e-02 -7.404912e-02
    endloop
  endfacet
  facet normal -2.163934e-02 3.583259e-02 -9.991235e-01
    outer loop
      vertex -9.782933e-02 -5.928775e-02 -7.359797e-02
      vertex -8.498909e-02 -5.153351e-02 -7.359797e-02
      vertex -9.159796e-02 -6.810398e-02 -7.404912e-02
    endloop
  endfacet
  facet normal -2.860922e-02 3.860484e-02 -9.988449e-01
    outer loop
      vertex -8.498909e-02 -5.153351e-02 -7.359797e-02
      vertex -7.954655e-02 -5.917293e-02 -7.404912e-02
      vertex -9.159796e-02 -6.810398e-02 -7.404912e-02
    endloop
  endfacet
  facet normal 2.497623e-02 -3.370254e-02 9.991198e-01
    outer loop
      vertex -9.170448e-02 -6.796023e-02 -7.804511e-02
      vertex -8.469747e-02 -7.614127e-02 -7.849624e-02
      vertex -7.965307e-02 -5.902919e-02 -7.804511e-02
    endloop
  endfacet
  facet normal 3.220758e-02 -3.582683e-02 9.988389e-01
    outer loop
      vertex -7.965307e-02 -5.902919e-02 -7.804511e-02
      vertex -8.469747e-02 -7.614127e-02 -7.849624e-02
      vertex -7.354240e-02 -6.611310e-02 -7.849624e-02
    endloop
  endfacet
  facet normal -7.573056e-01 -6.530523e-01 -3.303262e-03
    outer loop
      vertex -7.965307e-02 -5.902919e-02 -7.804511e-02
      vertex -7.354240e-02 -6.611310e-02 -7.849624e-02
      vertex -7.954655e-02 -5.917293e-02 -7.404912e-02
    endloop
  endfacet
  facet normal -7.559979e-01 -6.545735e-01 8.361374e-04
    outer loop
      vertex -7.954655e-02 -5.917293e-02 -7.404912e-02
      vertex -7.354240e-02 -6.611310e-02 -7.849624e-02
      vertex -7.342250e-02 -6.624646e-02 -7.450026e-02
    endloop
  endfacet
  facet normal 7.595819e-01 6.504041e-01 3.147319e-03
    outer loop
      vertex -9.170448e-02 -6.796023e-02 -7.804511e-02
      vertex -9.159796e-02 -6.810398e-02 -7.404912e-02
      vertex -8.469747e-02 -7.614127e-02 -7.849624e-02
    endloop
  endfacet
  facet normal 7.584504e-01 6.517300e-01 -1.004621e-03
    outer loop
      vertex -8.469747e-02 -7.614127e-02 -7.849624e-02
      vertex -9.159796e-02 -6.810398e-02 -7.404912e-02
      vertex -8.457758e-02 -7.627464e-02 -7.450026e-02
    endloop
  endfacet
  facet normal -2.497815e-02 3.370513e-02 -9.991196e-01
    outer loop
      vertex -9.159796e-02 -6.810398e-02 -7.404912e-02
      vertex -7.954655e-02 -5.917293e-02 -7.404912e-02
      vertex -8.457758e-02 -7.627464e-02 -7.450026e-02
    endloop
  endfacet
  facet normal -3.220474e-02 3.582367e-02 -9.988391e-01
    outer loop
      vertex -7.954655e-02 -5.917293e-02 -7.404912e-02
      vertex -7.342250e-02 -6.624646e-02 -7.450026e-02
      vertex -8.457758e-02 -7.627464e-02 -7.450026e-02
    endloop
  endfacet
  facet normal 2.810618e-02 -3.126455e-02 9.991159e-01
    outer loop
      vertex -8.469747e-02 -7.614127e-02 -7.849624e-02
      vertex -7.696652e-02 -8.360792e-02 -7.894737e-02
      vertex -7.354240e-02 -6.611310e-02 -7.849624e-02
    endloop
  endfacet
  facet normal 3.553357e-02 -3.271096e-02 9.988330e-01
    outer loop
      vertex -7.354240e-02 -6.611310e-02 -7.849624e-02
      vertex -7.696652e-02 -8.360792e-02 -7.894737e-02
      vertex -6.680729e-02 -7.257206e-02 -7.894737e-02
    endloop
  endfacet
  facet normal -6.922682e-01 -7.216327e-01 -3.314040e-03
    outer loop
      vertex -7.354240e-02 -6.611310e-02 -7.849624e-02
      vertex -6.680729e-02 -7.257206e-02 -7.894737e-02
      vertex -7.342250e-02 -6.624646e-02 -7.450026e-02
    endloop
  endfacet
  facet normal -6.908157e-01 -7.230304e-01 8.346601e-04
    outer loop
      vertex -7.342250e-02 -6.624646e-02 -7.450026e-02
      vertex -6.680729e-02 -7.257206e-02 -7.894737e-02
      vertex -6.667504e-02 -7.269381e-02 -7.495141e-02
    endloop
  endfacet
  facet normal 6.947962e-01 7.191998e-01 3.156993e-03
    outer loop
      vertex -8.469747e-02 -7.614127e-02 -7.849624e-02
      vertex -8.457758e-02 -7.627464e-02 -7.450026e-02
      vertex -7.696652e-02 -8.360792e-02 -7.894737e-02
    endloop
  endfacet
  facet normal 6.935389e-01 7.204184e-01 -1.004366e-03
    outer loop
      vertex -7.696652e-02 -8.360792e-02 -7.894737e-02
      vertex -8.457758e-02 -7.627464e-02 -7.450026e-02
      vertex -7.683427e-02 -8.372967e-02 -7.495141e-02
    endloop
  endfacet
  facet normal -2.810836e-02 3.126697e-02 -9.991158e-01
    outer loop
      vertex -8.457758e-02 -7.627464e-02 -7.450026e-02
      vertex -7.342250e-02 -6.624646e-02 -7.450026e-02
      vertex -7.683427e-02 -8.372967e-02 -7.495141e-02
    endloop
  endfacet
  facet normal -3.553042e-02 3.270805e-02 -9.988332e-01
    outer loop
      vertex -7.342250e-02 -6.624646e-02 -7.450026e-02
      vertex -6.667504e-02 -7.269381e-02 -7.495141e-02
      vertex -7.683427e-02 -8.372967e-02 -7.495141e-02
    endloop
  endfacet
  facet normal 3.099867e-02 -2.853629e-02 9.991120e-01
    outer loop
      vertex -7.696652e-02 -8.360792e-02 -7.894737e-02
      vertex -6.858377e-02 -9.029671e-02 -7.939850e-02
      vertex -6.680729e-02 -7.257206e-02 -7.894737e-02
    endloop
  endfacet
  facet normal 3.855864e-02 -2.928674e-02 9.988271e-01
    outer loop
      vertex -6.680729e-02 -7.257206e-02 -7.894737e-02
      vertex -6.858377e-02 -9.029671e-02 -7.939850e-02
      vertex -5.951102e-02 -7.835162e-02 -7.939850e-02
    endloop
  endfacet
  facet normal -6.210464e-01 -7.837668e-01 -3.324884e-03
    outer loop
      vertex -6.680729e-02 -7.257206e-02 -7.894737e-02
      vertex -5.951102e-02 -7.835162e-02 -7.939850e-02
      vertex -6.667504e-02 -7.269381e-02 -7.495141e-02
    endloop
  endfacet
  facet normal -6.194607e-01 -7.850272e-01 8.331573e-04
    outer loop
      vertex -6.667504e-02 -7.269381e-02 -7.495141e-02
      vertex -5.951102e-02 -7.835162e-02 -7.939850e-02
      vertex -5.936754e-02 -7.846060e-02 -7.540256e-02
    endloop
  endfacet
  facet normal 6.238057e-01 7.815730e-01 3.166723e-03
    outer loop
      vertex -7.696652e-02 -8.360792e-02 -7.894737e-02
      vertex -7.683427e-02 -8.372967e-02 -7.495141e-02
      vertex -6.858377e-02 -9.029671e-02 -7.939850e-02
    endloop
  endfacet
  facet normal 6.224328e-01 7.826726e-01 -1.004097e-03
    outer loop
      vertex -6.858377e-02 -9.029671e-02 -7.939850e-02
      vertex -7.683427e-02 -8.372967e-02 -7.495141e-02
      vertex -6.844028e-02 -9.040569e-02 -7.540256e-02
    endloop
  endfacet
  facet normal -3.100108e-02 2.853851e-02 -9.991118e-01
    outer loop
      vertex -7.683427e-02 -8.372967e-02 -7.495141e-02
      vertex -6.667504e-02 -7.269381e-02 -7.495141e-02
      vertex -6.844028e-02 -9.040569e-02 -7.540256e-02
    endloop
  endfacet
  facet normal -3.855520e-02 2.928413e-02 -9.988273e-01
    outer loop
      vertex -6.667504e-02 -7.269381e-02 -7.495141e-02
      vertex -5.936754e-02 -7.846060e-02 -7.540256e-02
      vertex -6.844028e-02 -9.040569e-02 -7.540256e-02
    endloop
  endfacet
  facet normal 3.362682e-02 -2.554084e-02 9.991081e-01
    outer loop
      vertex -6.858377e-02 -9.029671e-02 -7.939850e-02
      vertex -5.962687e-02 -9.615140e-02 -7.984962e-02
      vertex -5.951102e-02 -7.835162e-02 -7.939850e-02
    endloop
  endfacet
  facet normal 4.125424e-02 -2.558321e-02 9.988211e-01
    outer loop
      vertex -5.951102e-02 -7.835162e-02 -7.939850e-02
      vertex -5.962687e-02 -9.615140e-02 -7.984962e-02
      vertex -5.172153e-02 -8.340363e-02 -7.984962e-02
    endloop
  endfacet
  facet normal -5.442763e-01 -8.388994e-01 -3.335795e-03
    outer loop
      vertex -5.951102e-02 -7.835162e-02 -7.939850e-02
      vertex -5.172153e-02 -8.340363e-02 -7.984962e-02
      vertex -5.936754e-02 -7.846060e-02 -7.540256e-02
    endloop
  endfacet
  facet normal -5.425704e-01 -8.400099e-01 8.316288e-04
    outer loop
      vertex -5.936754e-02 -7.846060e-02 -7.540256e-02
      vertex -5.172153e-02 -8.340363e-02 -7.984962e-02
      vertex -5.156804e-02 -8.349881e-02 -7.585370e-02
    endloop
  endfacet
  facet normal 5.472444e-01 8.369668e-01 3.176509e-03
    outer loop
      vertex -6.858377e-02 -9.029671e-02 -7.939850e-02
      vertex -6.844028e-02 -9.040569e-02 -7.540256e-02
      vertex -5.962687e-02 -9.615140e-02 -7.984962e-02
    endloop
  endfacet
  facet normal 5.457671e-01 8.379363e-01 -1.003815e-03
    outer loop
      vertex -5.962687e-02 -9.615140e-02 -7.984962e-02
      vertex -6.844028e-02 -9.040569e-02 -7.540256e-02
      vertex -5.947339e-02 -9.624658e-02 -7.585370e-02
    endloop
  endfacet
  facet normal -3.362944e-02 2.554283e-02 -9.991079e-01
    outer loop
      vertex -6.844028e-02 -9.040569e-02 -7.540256e-02
      vertex -5.936754e-02 -7.846060e-02 -7.540256e-02
      vertex -5.947339e-02 -9.624658e-02 -7.585370e-02
    endloop
  endfacet
  facet normal -4.125054e-02 2.558092e-02 -9.988213e-01
    outer loop
      vertex -5.936754e-02 -7.846060e-02 -7.540256e-02
      vertex -5.156804e-02 -8.349881e-02 -7.585370e-02
      vertex -5.947339e-02 -9.624658e-02 -7.585370e-02
    endloop
  endfacet
  facet normal 3.596597e-02 -2.230377e-02 9.991041e-01
    outer loop
      vertex -5.962687e-02 -9.615140e-02 -7.984962e-02
      vertex -5.017826e-02 -1.011234e-01 -8.030075e-02
      vertex -5.172153e-02 -8.340363e-02 -7.984962e-02
    endloop
  endfacet
  facet normal 4.359463e-02 -2.163201e-02 9.988151e-01
    outer loop
      vertex -5.172153e-02 -8.340363e-02 -7.984962e-02
      vertex -5.017826e-02 -1.011234e-01 -8.030075e-02
      vertex -4.351085e-02 -8.768671e-02 -8.030075e-02
    endloop
  endfacet
  facet normal -4.626437e-01 -8.865380e-01 -3.346772e-03
    outer loop
      vertex -5.172153e-02 -8.340363e-02 -7.984962e-02
      vertex -4.351085e-02 -8.768671e-02 -8.030075e-02
      vertex -5.156804e-02 -8.349881e-02 -7.585370e-02
    endloop
  endfacet
  facet normal -4.608317e-01 -8.874872e-01 8.300742e-04
    outer loop
      vertex -5.156804e-02 -8.349881e-02 -7.585370e-02
      vertex -4.351085e-02 -8.768671e-02 -8.030075e-02
      vertex -4.334868e-02 -8.776718e-02 -7.630485e-02
    endloop
  endfacet
  facet normal 4.657959e-01 8.848864e-01 3.186352e-03
    outer loop
      vertex -5.962687e-02 -9.615140e-02 -7.984962e-02
      vertex -5.947339e-02 -9.624658e-02 -7.585370e-02
      vertex -5.017826e-02 -1.011234e-01 -8.030075e-02
    endloop
  endfacet
  facet normal 4.642266e-01 8.857159e-01 -1.003519e-03
    outer loop
      vertex -5.017826e-02 -1.011234e-01 -8.030075e-02
      vertex -5.947339e-02 -9.624658e-02 -7.585370e-02
      vertex -5.001609e-02 -1.012039e-01 -7.630485e-02
    endloop
  endfacet
  facet normal -3.596879e-02 2.230552e-02 -9.991040e-01
    outer loop
      vertex -5.947339e-02 -9.624658e-02 -7.585370e-02
      vertex -5.156804e-02 -8.349881e-02 -7.585370e-02
      vertex -5.001609e-02 -1.012039e-01 -7.630485e-02
    endloop
  endfacet
  facet normal -4.359070e-02 2.163006e-02 -9.988153e-01
    outer loop
      vertex -5.156804e-02 -8.349881e-02 -7.585370e-02
      vertex -4.334868e-02 -8.776718e-02 -7.630485e-02
      vertex -5.001609e-02 -1.012039e-01 -7.630485e-02
    endloop
  endfacet
  facet normal 3.799397e-02 -1.885291e-02 9.991001e-01
    outer loop
      vertex -5.017826e-02 -1.011234e-01 -8.030075e-02
      vertex -4.032439e-02 -1.051724e-01 -8.075188e-02
      vertex -4.351085e-02 -8.768671e-02 -8.030075e-02
    endloop
  endfacet
  facet normal 4.555709e-02 -1.746715e-02 9.988090e-01
    outer loop
      vertex -4.351085e-02 -8.768671e-02 -8.030075e-02
      vertex -4.032439e-02 -1.051724e-01 -8.075188e-02
      vertex -3.495439e-02 -9.116655e-02 -8.075188e-02
    endloop
  endfacet
  facet normal -3.768778e-01 -9.262569e-01 -3.357818e-03
    outer loop
      vertex -4.351085e-02 -8.768671e-02 -8.030075e-02
      vertex -3.495439e-02 -9.116655e-02 -8.075188e-02
      vertex -4.334868e-02 -8.776718e-02 -7.630485e-02
    endloop
  endfacet
  facet normal -3.749750e-01 -9.270346e-01 8.284931e-04
    outer loop
      vertex -4.334868e-02 -8.776718e-02 -7.630485e-02
      vertex -3.495439e-02 -9.116655e-02 -8.075188e-02
      vertex -3.478495e-02 -9.123151e-02 -7.675600e-02
    endloop
  endfacet
  facet normal 3.801875e-01 9.249039e-01 3.196251e-03
    outer loop
      vertex -5.017826e-02 -1.011234e-01 -8.030075e-02
      vertex -5.001609e-02 -1.012039e-01 -7.630485e-02
      vertex -4.032439e-02 -1.051724e-01 -8.075188e-02
    endloop
  endfacet
  facet normal 3.785394e-01 9.255846e-01 -1.003208e-03
    outer loop
      vertex -4.032439e-02 -1.051724e-01 -8.075188e-02
      vertex -5.001609e-02 -1.012039e-01 -7.630485e-02
      vertex -4.015495e-02 -1.052373e-01 -7.675600e-02
    endloop
  endfacet
  facet normal -3.799696e-02 1.885440e-02 -9.991000e-01
    outer loop
      vertex -5.001609e-02 -1.012039e-01 -7.630485e-02
      vertex -4.334868e-02 -8.776718e-02 -7.630485e-02
      vertex -4.015495e-02 -1.052373e-01 -7.675600e-02
    endloop
  endfacet
  facet normal -4.555297e-02 1.746557e-02 -9.988092e-01
    outer loop
      vertex -4.334868e-02 -8.776718e-02 -7.630485e-02
      vertex -3.478495e-02 -9.123151e-02 -7.675600e-02
      vertex -4.015495e-02 -1.052373e-01 -7.675600e-02
    endloop
  endfacet
  facet normal 3.969131e-02 -1.521814e-02 9.990961e-01
    outer loop
      vertex -4.032439e-02 -1.051724e-01 -8.075188e-02
      vertex -3.015496e-02 -1.082662e-01 -8.120301e-02
      vertex -3.495439e-02 -9.116655e-02 -8.075188e-02
    endloop
  endfacet
  facet normal 4.712217e-02 -1.312476e-02 9.988029e-01
    outer loop
      vertex -3.495439e-02 -9.116655e-02 -8.075188e-02
      vertex -3.015496e-02 -1.082662e-01 -8.120301e-02
      vertex -2.613026e-02 -9.381620e-02 -8.120301e-02
    endloop
  endfacet
  facet normal -2.877448e-01 -9.577012e-01 -3.368932e-03
    outer loop
      vertex -3.495439e-02 -9.116655e-02 -8.075188e-02
      vertex -2.613026e-02 -9.381620e-02 -8.120301e-02
      vertex -3.478495e-02 -9.123151e-02 -7.675600e-02
    endloop
  endfacet
  facet normal -2.857673e-01 -9.582987e-01 8.268852e-04
    outer loop
      vertex -3.478495e-02 -9.123151e-02 -7.675600e-02
      vertex -2.613026e-02 -9.381620e-02 -8.120301e-02
      vertex -2.595504e-02 -9.386501e-02 -7.720715e-02
    endloop
  endfacet
  facet normal 2.911838e-01 9.566618e-01 3.206208e-03
    outer loop
      vertex -4.032439e-02 -1.051724e-01 -8.075188e-02
      vertex -4.015495e-02 -1.052373e-01 -7.675600e-02
      vertex -3.015496e-02 -1.082662e-01 -8.120301e-02
    endloop
  endfacet
  facet normal 2.894709e-01 9.571863e-01 -1.002883e-03
    outer loop
      vertex -3.015496e-02 -1.082662e-01 -8.120301e-02
      vertex -4.015495e-02 -1.052373e-01 -7.675600e-02
      vertex -2.997973e-02 -1.083150e-01 -7.720715e-02
    endloop
  endfacet
  facet normal -3.969445e-02 1.521935e-02 -9.990960e-01
    outer loop
      vertex -4.015495e-02 -1.052373e-01 -7.675600e-02
      vertex -3.478495e-02 -9.123151e-02 -7.675600e-02
      vertex -2.997973e-02 -1.083150e-01 -7.720715e-02
    endloop
  endfacet
  facet normal -4.711788e-02 1.312356e-02 -9.988031e-01
    outer loop
      vertex -3.478495e-02 -9.123151e-02 -7.675600e-02
      vertex -2.595504e-02 -9.386501e-02 -7.720715e-02
      vertex -2.997973e-02 -1.083150e-01 -7.720715e-02
    endloop
  endfacet
  facet normal 4.104136e-02 -1.143109e-02 9.990921e-01
    outer loop
      vertex -3.015496e-02 -1.082662e-01 -8.120301e-02
      vertex -1.976208e-02 -1.103815e-01 -8.165414e-02
      vertex -2.613026e-02 -9.381620e-02 -8.120301e-02
    endloop
  endfacet
  facet normal 4.827384e-02 -8.642678e-03 9.987967e-01
    outer loop
      vertex -2.613026e-02 -9.381620e-02 -8.120301e-02
      vertex -1.976208e-02 -1.103815e-01 -8.165414e-02
      vertex -1.711860e-02 -9.561627e-02 -8.165414e-02
    endloop
  endfacet
  facet normal -1.960408e-01 -9.805899e-01 -3.380115e-03
    outer loop
      vertex -2.613026e-02 -9.381620e-02 -8.120301e-02
      vertex -1.711860e-02 -9.561627e-02 -8.165414e-02
      vertex -2.595504e-02 -9.386501e-02 -7.720715e-02
    endloop
  endfacet
  facet normal -1.940057e-01 -9.810001e-01 8.252503e-04
    outer loop
      vertex -2.595504e-02 -9.386501e-02 -7.720715e-02
      vertex -1.711860e-02 -9.561627e-02 -8.165414e-02
      vertex -1.693912e-02 -9.564840e-02 -7.765829e-02
    endloop
  endfacet
  facet normal 1.995794e-01 9.798764e-01 3.216223e-03
    outer loop
      vertex -3.015496e-02 -1.082662e-01 -8.120301e-02
      vertex -2.997973e-02 -1.083150e-01 -7.720715e-02
      vertex -1.976208e-02 -1.103815e-01 -8.165414e-02
    endloop
  endfacet
  facet normal 1.978165e-01 9.802385e-01 -1.002544e-03
    outer loop
      vertex -1.976208e-02 -1.103815e-01 -8.165414e-02
      vertex -2.997973e-02 -1.083150e-01 -7.720715e-02
      vertex -1.958261e-02 -1.104136e-01 -7.765829e-02
    endloop
  endfacet
  facet normal -4.104463e-02 1.143200e-02 -9.990919e-01
    outer loop
      vertex -2.997973e-02 -1.083150e-01 -7.720715e-02
      vertex -2.595504e-02 -9.386501e-02 -7.720715e-02
      vertex -1.958261e-02 -1.104136e-01 -7.765829e-02
    endloop
  endfacet
  facet normal -4.826942e-02 8.641887e-03 -9.987970e-01
    outer loop
      vertex -2.595504e-02 -9.386501e-02 -7.720715e-02
      vertex -1.693912e-02 -9.564840e-02 -7.765829e-02
      vertex -1.958261e-02 -1.104136e-01 -7.765829e-02
    endloop
  endfacet
  facet normal 4.203052e-02 -7.524910e-03 9.990880e-01
    outer loop
      vertex -1.976208e-02 -1.103815e-01 -8.165414e-02
      vertex -9.239470e-03 -1.115038e-01 -8.210526e-02
      vertex -1.711860e-02 -9.561627e-02 -8.165414e-02
    endloop
  endfacet
  facet normal 4.899970e-02 -4.060231e-03 9.987905e-01
    outer loop
      vertex -1.711860e-02 -9.561627e-02 -8.165414e-02
      vertex -9.239470e-03 -1.115038e-01 -8.210526e-02
      vertex -8.000780e-03 -9.655505e-02 -8.210526e-02
    endloop
  endfacet
  facet normal -1.025851e-01 -9.947184e-01 -3.391368e-03
    outer loop
      vertex -1.711860e-02 -9.561627e-02 -8.165414e-02
      vertex -8.000780e-03 -9.655505e-02 -8.210526e-02
      vertex -1.693912e-02 -9.564840e-02 -7.765829e-02
    endloop
  endfacet
  facet normal -1.005102e-01 -9.949357e-01 8.235878e-04
    outer loop
      vertex -1.693912e-02 -9.564840e-02 -7.765829e-02
      vertex -8.000780e-03 -9.655505e-02 -8.210526e-02
      vertex -7.818634e-03 -9.657014e-02 -7.810944e-02
    endloop
  endfacet
  facet normal 1.061925e-01 9.943404e-01 3.226296e-03
    outer loop
      vertex -1.976208e-02 -1.103815e-01 -8.165414e-02
      vertex -1.958261e-02 -1.104136e-01 -7.765829e-02
      vertex -9.239470e-03 -1.115038e-01 -8.210526e-02
    endloop
  endfacet
  facet normal 1.043951e-01 9.945354e-01 -1.002190e-03
    outer loop
      vertex -9.239470e-03 -1.115038e-01 -8.210526e-02
      vertex -1.958261e-02 -1.104136e-01 -7.765829e-02
      vertex -9.057324e-03 -1.115189e-01 -7.810944e-02
    endloop
  endfacet
  facet normal -4.203388e-02 7.525511e-03 -9.990878e-01
    outer loop
      vertex -1.958261e-02 -1.104136e-01 -7.765829e-02
      vertex -1.693912e-02 -9.564840e-02 -7.765829e-02
      vertex -9.057324e-03 -1.115189e-01 -7.810944e-02
    endloop
  endfacet
  facet normal -4.899520e-02 4.059858e-03 -9.987908e-01
    outer loop
      vertex -1.693912e-02 -9.564840e-02 -7.765829e-02
      vertex -7.818634e-03 -9.657014e-02 -7.810944e-02
      vertex -9.057324e-03 -1.115189e-01 -7.810944e-02
    endloop
  endfacet
  facet normal 4.264834e-02 -3.533942e-03 9.990839e-01
    outer loop
      vertex -9.239470e-03 -1.115038e-01 -8.210526e-02
      vertex 1.318438e-03 -1.116276e-01 -8.255639e-02
      vertex -8.000780e-03 -9.655505e-02 -8.210526e-02
    endloop
  endfacet
  facet normal 4.929108e-02 5.821793e-04 9.987843e-01
    outer loop
      vertex -8.000780e-03 -9.655505e-02 -8.210526e-02
      vertex 1.318438e-03 -1.116276e-01 -8.255639e-02
      vertex 1.141285e-03 -9.662860e-02 -8.255639e-02
    endloop
  endfacet
  facet normal -8.212654e-03 -9.999605e-01 -3.402691e-03
    outer loop
      vertex -8.000780e-03 -9.655505e-02 -8.210526e-02
      vertex 1.141285e-03 -9.662860e-02 -8.255639e-02
      vertex -7.818634e-03 -9.657014e-02 -7.810944e-02
    endloop
  endfacet
  facet normal -6.116058e-03 -9.999810e-01 8.218976e-04
    outer loop
      vertex -7.818634e-03 -9.657014e-02 -7.810944e-02
      vertex 1.141285e-03 -9.662860e-02 -8.255639e-02
      vertex 1.324481e-03 -9.662643e-02 -7.856059e-02
    endloop
  endfacet
  facet normal 1.185705e-02 9.999245e-01 3.236428e-03
    outer loop
      vertex -9.239470e-03 -1.115038e-01 -8.210526e-02
      vertex -9.057324e-03 -1.115189e-01 -7.810944e-02
      vertex 1.318438e-03 -1.116276e-01 -8.255639e-02
    endloop
  endfacet
  facet normal 1.004083e-02 9.999491e-01 -1.001820e-03
    outer loop
      vertex 1.318438e-03 -1.116276e-01 -8.255639e-02
      vertex -9.057324e-03 -1.115189e-01 -7.810944e-02
      vertex 1.501635e-03 -1.116254e-01 -7.856059e-02
    endloop
  endfacet
  facet normal -4.265177e-02 3.534226e-03 -9.990837e-01
    outer loop
      vertex -9.057324e-03 -1.115189e-01 -7.810944e-02
      vertex -7.818634e-03 -9.657014e-02 -7.810944e-02
      vertex 1.501635e-03 -1.116254e-01 -7.856059e-02
    endloop
  endfacet
  facet normal -4.928652e-02 -5.821255e-04 -9.987845e-01
    outer loop
      vertex -7.818634e-03 -9.657014e-02 -7.810944e-02
      vertex 1.324481e-03 -9.662643e-02 -7.856059e-02
      vertex 1.501635e-03 -1.116254e-01 -7.856059e-02
    endloop
  endfacet
  facet normal 4.288763e-02 5.065478e-04 9.990798e-01
    outer loop
      vertex 1.318438e-03 -1.116276e-01 -8.255639e-02
      vertex 1.181730e-02 -1.107561e-01 -8.300752e-02
      vertex 1.141285e-03 -9.662860e-02 -8.255639e-02
    endloop
  endfacet
  facet normal 4.914311e-02 5.243405e-03 9.987780e-01
    outer loop
      vertex 1.141285e-03 -9.662860e-02 -8.255639e-02
      vertex 1.181730e-02 -1.107561e-01 -8.300752e-02
      vertex 1.022588e-02 -9.584072e-02 -8.300752e-02
    endloop
  endfacet
  facet normal 8.623354e-02 -9.962691e-01 -3.414084e-03
    outer loop
      vertex 1.141285e-03 -9.662860e-02 -8.255639e-02
      vertex 1.022588e-02 -9.584072e-02 -8.300752e-02
      vertex 1.324481e-03 -9.662643e-02 -7.856059e-02
    endloop
  endfacet
  facet normal 8.833313e-02 -9.960907e-01 8.201791e-04
    outer loop
      vertex 1.324481e-03 -9.662643e-02 -7.856059e-02
      vertex 1.022588e-02 -9.584072e-02 -8.300752e-02
      vertex 1.040850e-02 -9.582124e-02 -7.901174e-02
    endloop
  endfacet
  facet normal -8.258453e-02 9.965788e-01 3.246620e-03
    outer loop
      vertex 1.318438e-03 -1.116276e-01 -8.255639e-02
      vertex 1.501635e-03 -1.116254e-01 -7.856059e-02
      vertex 1.181730e-02 -1.107561e-01 -8.300752e-02
    endloop
  endfacet
  facet normal -8.440336e-02 9.964312e-01 -1.001436e-03
    outer loop
      vertex 1.181730e-02 -1.107561e-01 -8.300752e-02
      vertex 1.501635e-03 -1.116254e-01 -7.856059e-02
      vertex 1.199991e-02 -1.107366e-01 -7.901174e-02
    endloop
  endfacet
  facet normal -4.289109e-02 -5.065887e-04 -9.990796e-01
    outer loop
      vertex 1.501635e-03 -1.116254e-01 -7.856059e-02
      vertex 1.324481e-03 -9.662643e-02 -7.856059e-02
      vertex 1.199991e-02 -1.107366e-01 -7.901174e-02
    endloop
  endfacet
  facet normal -4.913855e-02 -5.242917e-03 -9.987782e-01
    outer loop
      vertex 1.324481e-03 -9.662643e-02 -7.856059e-02
      vertex 1.040850e-02 -9.582124e-02 -7.901174e-02
      vertex 1.199991e-02 -1.107366e-01 -7.901174e-02
    endloop
  endfacet
  facet normal 4.274455e-02 4.560700e-03 9.990756e-01
    outer loop
      vertex 1.181730e-02 -1.107561e-01 -8.300752e-02
      vertex 2.216372e-02 -1.089016e-01 -8.345865e-02
      vertex 1.022588e-02 -9.584072e-02 -8.300752e-02
    endloop
  endfacet
  facet normal 4.855486e-02 9.881916e-03 9.987716e-01
    outer loop
      vertex 1.022588e-02 -9.584072e-02 -8.300752e-02
      vertex 2.216372e-02 -1.089016e-01 -8.345865e-02
      vertex 1.917224e-02 -9.420291e-02 -8.345865e-02
    endloop
  endfacet
  facet normal 1.799097e-01 -9.836772e-01 -3.425550e-03
    outer loop
      vertex 1.022588e-02 -9.584072e-02 -8.300752e-02
      vertex 1.917224e-02 -9.420291e-02 -8.345865e-02
      vertex 1.040850e-02 -9.582124e-02 -7.901174e-02
    endloop
  endfacet
  facet normal 1.819934e-01 -9.832994e-01 8.184320e-04
    outer loop
      vertex 1.040850e-02 -9.582124e-02 -7.901174e-02
      vertex 1.917224e-02 -9.420291e-02 -8.345865e-02
      vertex 1.935263e-02 -9.416619e-02 -7.946289e-02
    endloop
  endfacet
  facet normal -1.762888e-01 9.843331e-01 3.256871e-03
    outer loop
      vertex 1.181730e-02 -1.107561e-01 -8.300752e-02
      vertex 1.199991e-02 -1.107366e-01 -7.901174e-02
      vertex 2.216372e-02 -1.089016e-01 -8.345865e-02
    endloop
  endfacet
  facet normal -1.780940e-01 9.840130e-01 -1.001037e-03
    outer loop
      vertex 2.216372e-02 -1.089016e-01 -8.345865e-02
      vertex 1.199991e-02 -1.107366e-01 -7.901174e-02
      vertex 2.234411e-02 -1.088649e-01 -7.946289e-02
    endloop
  endfacet
  facet normal -4.274802e-02 -4.561069e-03 -9.990755e-01
    outer loop
      vertex 1.199991e-02 -1.107366e-01 -7.901174e-02
      vertex 1.040850e-02 -9.582124e-02 -7.901174e-02
      vertex 2.234411e-02 -1.088649e-01 -7.946289e-02
    endloop
  endfacet
  facet normal -4.855033e-02 -9.880993e-03 -9.987719e-01
    outer loop
      vertex 1.040850e-02 -9.582124e-02 -7.901174e-02
      vertex 1.935263e-02 -9.416619e-02 -7.946289e-02
      vertex 2.234411e-02 -1.088649e-01 -7.946289e-02
    endloop
  endfacet
  facet normal 4.221866e-02 8.592368e-03 9.990714e-01
    outer loop
      vertex 2.216372e-02 -1.089016e-01 -8.345865e-02
      vertex 3.226609e-02 -1.060851e-01 -8.390977e-02
      vertex 1.917224e-02 -9.420291e-02 -8.345865e-02
    endloop
  endfacet
  facet normal 4.752928e-02 1.445617e-02 9.987652e-01
    outer loop
      vertex 1.917224e-02 -9.420291e-02 -8.345865e-02
      vertex 3.226609e-02 -1.060851e-01 -8.390977e-02
      vertex 2.790122e-02 -9.173418e-02 -8.390977e-02
    endloop
  endfacet
  facet normal 2.719789e-01 -9.622971e-01 -3.437087e-03
    outer loop
      vertex 1.917224e-02 -9.420291e-02 -8.345865e-02
      vertex 2.790122e-02 -9.173418e-02 -8.390977e-02
      vertex 1.935263e-02 -9.416619e-02 -7.946289e-02
    endloop
  endfacet
  facet normal 2.740279e-01 -9.617214e-01 8.166561e-04
    outer loop
      vertex 1.935263e-02 -9.416619e-02 -7.946289e-02
      vertex 2.790122e-02 -9.173418e-02 -8.390977e-02
      vertex 2.807777e-02 -9.168048e-02 -7.991403e-02
    endloop
  endfacet
  facet normal -2.684190e-01 9.632967e-01 3.267183e-03
    outer loop
      vertex 2.216372e-02 -1.089016e-01 -8.345865e-02
      vertex 2.234411e-02 -1.088649e-01 -7.946289e-02
      vertex 3.226609e-02 -1.060851e-01 -8.390977e-02
    endloop
  endfacet
  facet normal -2.701941e-01 9.628054e-01 -1.000621e-03
    outer loop
      vertex 3.226609e-02 -1.060851e-01 -8.390977e-02
      vertex 2.234411e-02 -1.088649e-01 -7.946289e-02
      vertex 3.244264e-02 -1.060314e-01 -7.991403e-02
    endloop
  endfacet
  facet normal -4.222210e-02 -8.593069e-03 -9.990713e-01
    outer loop
      vertex 2.234411e-02 -1.088649e-01 -7.946289e-02
      vertex 1.935263e-02 -9.416619e-02 -7.946289e-02
      vertex 3.244264e-02 -1.060314e-01 -7.991403e-02
    endloop
  endfacet
  facet normal -4.752482e-02 -1.445481e-02 -9.987655e-01
    outer loop
      vertex 1.935263e-02 -9.416619e-02 -7.946289e-02
      vertex 2.807777e-02 -9.168048e-02 -7.991403e-02
      vertex 3.244264e-02 -1.060314e-01 -7.991403e-02
    endloop
  endfacet
  facet normal 4.131292e-02 1.256545e-02 9.990672e-01
    outer loop
      vertex 3.226609e-02 -1.060851e-01 -8.390977e-02
      vertex 4.203538e-02 -1.023360e-01 -8.436090e-02
      vertex 2.790122e-02 -9.173418e-02 -8.390977e-02
    endloop
  endfacet
  facet normal 4.607326e-02 1.892499e-02 9.987588e-01
    outer loop
      vertex 2.790122e-02 -9.173418e-02 -8.390977e-02
      vertex 4.203538e-02 -1.023360e-01 -8.436090e-02
      vertex 3.633607e-02 -8.846089e-02 -8.436090e-02
    endloop
  endfacet
  facet normal 3.616186e-01 -9.323197e-01 -3.448697e-03
    outer loop
      vertex 2.790122e-02 -9.173418e-02 -8.390977e-02
      vertex 3.633607e-02 -8.846089e-02 -8.436090e-02
      vertex 2.807777e-02 -9.168048e-02 -7.991403e-02
    endloop
  endfacet
  facet normal 3.636140e-01 -9.315493e-01 8.148508e-04
    outer loop
      vertex 2.807777e-02 -9.168048e-02 -7.991403e-02
      vertex 3.633607e-02 -8.846089e-02 -8.436090e-02
      vertex 3.650718e-02 -8.839060e-02 -8.036518e-02
    endloop
  endfacet
  facet normal -3.581522e-01 9.336575e-01 3.277556e-03
    outer loop
      vertex 3.226609e-02 -1.060851e-01 -8.390977e-02
      vertex 3.244264e-02 -1.060314e-01 -7.991403e-02
      vertex 4.203538e-02 -1.023360e-01 -8.436090e-02
    endloop
  endfacet
  facet normal -3.598810e-01 9.329977e-01 -1.000190e-03
    outer loop
      vertex 4.203538e-02 -1.023360e-01 -8.436090e-02
      vertex 3.244264e-02 -1.060314e-01 -7.991403e-02
      vertex 4.220649e-02 -1.022657e-01 -8.036518e-02
    endloop
  endfacet
  facet normal -4.131631e-02 -1.256648e-02 -9.990671e-01
    outer loop
      vertex 3.244264e-02 -1.060314e-01 -7.991403e-02
      vertex 2.807777e-02 -9.168048e-02 -7.991403e-02
      vertex 4.220649e-02 -1.022657e-01 -8.036518e-02
    endloop
  endfacet
  facet normal -4.606891e-02 -1.892320e-02 -9.987590e-01
    outer loop
      vertex 2.807777e-02 -9.168048e-02 -7.991403e-02
      vertex 3.650718e-02 -8.839060e-02 -8.036518e-02
      vertex 4.220649e-02 -1.022657e-01 -8.036518e-02
    endloop
  endfacet
  facet normal 4.003371e-02 1.644419e-02 9.990630e-01
    outer loop
      vertex 4.203538e-02 -1.023360e-01 -8.436090e-02
      vertex 5.138594e-02 -9.769195e-02 -8.481203e-02
      vertex 3.633607e-02 -8.846089e-02 -8.436090e-02
    endloop
  endfacet
  facet normal 4.419755e-02 2.324790e-02 9.987523e-01
    outer loop
      vertex 3.633607e-02 -8.846089e-02 -8.436090e-02
      vertex 5.138594e-02 -9.769195e-02 -8.481203e-02
      vertex 4.440303e-02 -8.441644e-02 -8.481203e-02
    endloop
  endfacet
  facet normal 4.480279e-01 -8.940129e-01 -3.460381e-03
    outer loop
      vertex 3.633607e-02 -8.846089e-02 -8.436090e-02
      vertex 4.440303e-02 -8.441644e-02 -8.481203e-02
      vertex 3.650718e-02 -8.839060e-02 -8.036518e-02
    endloop
  endfacet
  facet normal 4.499513e-01 -8.930527e-01 8.130158e-04
    outer loop
      vertex 3.650718e-02 -8.839060e-02 -8.036518e-02
      vertex 4.440303e-02 -8.441644e-02 -8.481203e-02
      vertex 4.456715e-02 -8.433012e-02 -8.081633e-02
    endloop
  endfacet
  facet normal -4.446871e-01 8.956800e-01 3.287990e-03
    outer loop
      vertex 4.203538e-02 -1.023360e-01 -8.436090e-02
      vertex 4.220649e-02 -1.022657e-01 -8.036518e-02
      vertex 5.138594e-02 -9.769195e-02 -8.481203e-02
    endloop
  endfacet
  facet normal -4.463537e-01 8.948561e-01 -9.997435e-04
    outer loop
      vertex 5.138594e-02 -9.769195e-02 -8.481203e-02
      vertex 4.220649e-02 -1.022657e-01 -8.036518e-02
      vertex 5.155006e-02 -9.760562e-02 -8.081633e-02
    endloop
  endfacet
  facet normal -4.003700e-02 -1.644554e-02 -9.990629e-01
    outer loop
      vertex 4.220649e-02 -1.022657e-01 -8.036518e-02
      vertex 3.650718e-02 -8.839060e-02 -8.036518e-02
      vertex 5.155006e-02 -9.760562e-02 -8.081633e-02
    endloop
  endfacet
  facet normal -4.419336e-02 -2.324570e-02 -9.987525e-01
    outer loop
      vertex 3.650718e-02 -8.839060e-02 -8.036518e-02
      vertex 4.456715e-02 -8.433012e-02 -8.081633e-02
      vertex 5.155006e-02 -9.760562e-02 -8.081633e-02
    endloop
  endfacet
  facet normal 3.839075e-02 2.019353e-02 9.990587e-01
    outer loop
      vertex 5.138594e-02 -9.769195e-02 -8.481203e-02
      vertex 6.023626e-02 -9.219847e-02 -8.526316e-02
      vertex 4.440303e-02 -8.441644e-02 -8.481203e-02
    endloop
  endfacet
  facet normal 4.191671e-02 2.738555e-02 9.987457e-01
    outer loop
      vertex 4.440303e-02 -8.441644e-02 -8.481203e-02
      vertex 6.023626e-02 -9.219847e-02 -8.526316e-02
      vertex 5.203204e-02 -7.964097e-02 -8.526316e-02
    endloop
  endfacet
  facet normal 5.304348e-01 -8.477186e-01 -3.472139e-03
    outer loop
      vertex 4.440303e-02 -8.441644e-02 -8.481203e-02
      vertex 5.203204e-02 -7.964097e-02 -8.526316e-02
      vertex 4.456715e-02 -8.433012e-02 -8.081633e-02
    endloop
  endfacet
  facet normal 5.322682e-01 -8.465754e-01 8.111507e-04
    outer loop
      vertex 4.456715e-02 -8.433012e-02 -8.081633e-02
      vertex 5.203204e-02 -7.964097e-02 -8.526316e-02
      vertex 5.218766e-02 -7.953930e-02 -8.126748e-02
    endloop
  endfacet
  facet normal -5.272508e-01 8.497033e-01 3.298486e-03
    outer loop
      vertex 5.138594e-02 -9.769195e-02 -8.481203e-02
      vertex 5.155006e-02 -9.760562e-02 -8.081633e-02
      vertex 6.023626e-02 -9.219847e-02 -8.526316e-02
    endloop
  endfacet
  facet normal -5.288397e-01 8.487212e-01 -9.992804e-04
    outer loop
      vertex 6.023626e-02 -9.219847e-02 -8.526316e-02
      vertex 5.155006e-02 -9.760562e-02 -8.081633e-02
      vertex 6.039188e-02 -9.209680e-02 -8.126748e-02
    endloop
  endfacet
  facet normal -3.839393e-02 -2.019520e-02 -9.990586e-01
    outer loop
      vertex 5.155006e-02 -9.760562e-02 -8.081633e-02
      vertex 4.456715e-02 -8.433012e-02 -8.081633e-02
      vertex 6.039188e-02 -9.209680e-02 -8.126748e-02
    endloop
  endfacet
  facet normal -4.191271e-02 -2.738294e-02 -9.987460e-01
    outer loop
      vertex 4.456715e-02 -8.433012e-02 -8.081633e-02
      vertex 5.218766e-02 -7.953930e-02 -8.126748e-02
      vertex 6.039188e-02 -9.209680e-02 -8.126748e-02
    endloop
  endfacet
  facet normal 3.639706e-02 2.377939e-02 9.990545e-01
    outer loop
      vertex 6.023626e-02 -9.219847e-02 -8.526316e-02
      vertex 6.850965e-02 -8.590839e-02 -8.571429e-02
      vertex 5.203204e-02 -7.964097e-02 -8.526316e-02
    endloop
  endfacet
  facet normal 3.924897e-02 3.130001e-02 9.987391e-01
    outer loop
      vertex 5.203204e-02 -7.964097e-02 -8.526316e-02
      vertex 6.850965e-02 -8.590839e-02 -8.571429e-02
      vertex 5.915731e-02 -7.418092e-02 -8.571429e-02
    endloop
  endfacet
  facet normal 6.081030e-01 -7.938505e-01 -3.483972e-03
    outer loop
      vertex 5.203204e-02 -7.964097e-02 -8.526316e-02
      vertex 5.915731e-02 -7.418092e-02 -8.571429e-02
      vertex 5.218766e-02 -7.953930e-02 -8.126748e-02
    endloop
  endfacet
  facet normal 6.098290e-01 -7.925326e-01 8.092552e-04
    outer loop
      vertex 5.218766e-02 -7.953930e-02 -8.126748e-02
      vertex 5.915731e-02 -7.418092e-02 -8.571429e-02
      vertex 5.930299e-02 -7.406473e-02 -8.171863e-02
    endloop
  endfacet
  facet normal -6.051060e-01 7.961380e-01 3.309044e-03
    outer loop
      vertex 6.023626e-02 -9.219847e-02 -8.526316e-02
      vertex 6.039188e-02 -9.209680e-02 -8.126748e-02
      vertex 6.850965e-02 -8.590839e-02 -8.571429e-02
    endloop
  endfacet
  facet normal -6.066021e-01 7.950050e-01 -9.988009e-04
    outer loop
      vertex 6.850965e-02 -8.590839e-02 -8.571429e-02
      vertex 6.039188e-02 -9.209680e-02 -8.126748e-02
      vertex 6.865534e-02 -8.579221e-02 -8.171863e-02
    endloop
  endfacet
  facet normal -3.640009e-02 -2.378136e-02 -9.990543e-01
    outer loop
      vertex 6.039188e-02 -9.209680e-02 -8.126748e-02
      vertex 5.218766e-02 -7.953930e-02 -8.126748e-02
      vertex 6.865534e-02 -8.579221e-02 -8.171863e-02
    endloop
  endfacet
  facet normal -3.924521e-02 -3.129701e-02 -9.987394e-01
    outer loop
      vertex 5.218766e-02 -7.953930e-02 -8.126748e-02
      vertex 5.930299e-02 -7.406473e-02 -8.171863e-02
      vertex 6.865534e-02 -8.579221e-02 -8.171863e-02
    endloop
  endfacet
  facet normal 3.406885e-02 2.716900e-02 9.990501e-01
    outer loop
      vertex 6.850965e-02 -8.590839e-02 -8.571429e-02
      vertex 7.613492e-02 -7.888144e-02 -8.616541e-02
      vertex 5.915731e-02 -7.418092e-02 -8.571429e-02
    endloop
  endfacet
  facet normal 3.621613e-02 3.495514e-02 9.987325e-01
    outer loop
      vertex 5.915731e-02 -7.418092e-02 -8.571429e-02
      vertex 7.613492e-02 -7.888144e-02 -8.616541e-02
      vertex 6.571788e-02 -6.808861e-02 -8.616541e-02
    endloop
  endfacet
  facet normal 6.803385e-01 -7.328897e-01 -3.495880e-03
    outer loop
      vertex 5.915731e-02 -7.418092e-02 -8.571429e-02
      vertex 6.571788e-02 -6.808861e-02 -8.616541e-02
      vertex 5.930299e-02 -7.406473e-02 -8.171863e-02
    endloop
  endfacet
  facet normal 6.819404e-01 -7.314073e-01 8.073287e-04
    outer loop
      vertex 5.930299e-02 -7.406473e-02 -8.171863e-02
      vertex 6.571788e-02 -6.808861e-02 -8.616541e-02
      vertex 6.585229e-02 -6.795888e-02 -8.216978e-02
    endloop
  endfacet
  facet normal -6.775573e-01 7.354625e-01 3.319666e-03
    outer loop
      vertex 6.850965e-02 -8.590839e-02 -8.571429e-02
      vertex 6.865534e-02 -8.579221e-02 -8.171863e-02
      vertex 7.613492e-02 -7.888144e-02 -8.616541e-02
    endloop
  endfacet
  facet normal -6.789463e-01 7.341873e-01 -9.983047e-04
    outer loop
      vertex 7.613492e-02 -7.888144e-02 -8.616541e-02
      vertex 6.865534e-02 -8.579221e-02 -8.171863e-02
      vertex 7.626933e-02 -7.875172e-02 -8.216978e-02
    endloop
  endfacet
  facet normal -3.407170e-02 -2.717127e-02 -9.990500e-01
    outer loop
      vertex 6.865534e-02 -8.579221e-02 -8.171863e-02
      vertex 5.930299e-02 -7.406473e-02 -8.171863e-02
      vertex 7.626933e-02 -7.875172e-02 -8.216978e-02
    endloop
  endfacet
  facet normal -3.621264e-02 -3.495178e-02 -9.987327e-01
    outer loop
      vertex 5.930299e-02 -7.406473e-02 -8.171863e-02
      vertex 6.585229e-02 -6.795888e-02 -8.216978e-02
      vertex 7.626933e-02 -7.875172e-02 -8.216978e-02
    endloop
  endfacet
  facet normal 3.142538e-02 3.033120e-02 9.990458e-01
    outer loop
      vertex 7.613492e-02 -7.888144e-02 -8.616541e-02
      vertex 8.304700e-02 -7.118367e-02 -8.661654e-02
      vertex 6.571788e-02 -6.808861e-02 -8.616541e-02
    endloop
  endfacet
  facet normal 3.284334e-02 3.831695e-02 9.987258e-01
    outer loop
      vertex 6.571788e-02 -6.808861e-02 -8.616541e-02
      vertex 8.304700e-02 -7.118367e-02 -8.661654e-02
      vertex 7.165819e-02 -6.142176e-02 -8.661654e-02
    endloop
  endfacet
  facet normal 7.464959e-01 -6.653807e-01 -3.507864e-03
    outer loop
      vertex 6.571788e-02 -6.808861e-02 -8.616541e-02
      vertex 7.165819e-02 -6.142176e-02 -8.661654e-02
      vertex 6.585229e-02 -6.795888e-02 -8.216978e-02
    endloop
  endfacet
  facet normal 7.479582e-01 -6.637454e-01 8.053710e-04
    outer loop
      vertex 6.585229e-02 -6.795888e-02 -8.216978e-02
      vertex 7.165819e-02 -6.142176e-02 -8.661654e-02
      vertex 7.178005e-02 -6.127958e-02 -8.262093e-02
    endloop
  endfacet
  facet normal -7.439577e-01 6.682184e-01 3.330351e-03
    outer loop
      vertex 7.613492e-02 -7.888144e-02 -8.616541e-02
      vertex 7.626933e-02 -7.875172e-02 -8.216978e-02
      vertex 8.304700e-02 -7.118367e-02 -8.661654e-02
    endloop
  endfacet
  facet normal -7.452260e-01 6.668112e-01 -9.977916e-04
    outer loop
      vertex 8.304700e-02 -7.118367e-02 -8.661654e-02
      vertex 7.626933e-02 -7.875172e-02 -8.216978e-02
      vertex 8.316886e-02 -7.104149e-02 -8.262093e-02
    endloop
  endfacet
  facet normal -3.142802e-02 -3.033375e-02 -9.990456e-01
    outer loop
      vertex 7.626933e-02 -7.875172e-02 -8.216978e-02
      vertex 6.585229e-02 -6.795888e-02 -8.216978e-02
      vertex 8.316886e-02 -7.104149e-02 -8.262093e-02
    endloop
  endfacet
  facet normal -3.284016e-02 -3.831323e-02 -9.987260e-01
    outer loop
      vertex 6.585229e-02 -6.795888e-02 -8.216978e-02
      vertex 7.178005e-02 -6.127958e-02 -8.262093e-02
      vertex 8.316886e-02 -7.104149e-02 -8.262093e-02
    endloop
  endfacet
  facet normal 2.848882e-02 3.323671e-02 9.990414e-01
    outer loop
      vertex 8.304700e-02 -7.118367e-02 -8.661654e-02
      vertex 8.918747e-02 -6.288680e-02 -8.706767e-02
      vertex 7.165819e-02 -6.142176e-02 -8.661654e-02
    endloop
  endfacet
  facet normal 2.915892e-02 4.135384e-02 9.987190e-01
    outer loop
      vertex 7.165819e-02 -6.142176e-02 -8.661654e-02
      vertex 8.918747e-02 -6.288680e-02 -8.706767e-02
      vertex 7.692848e-02 -5.424289e-02 -8.706767e-02
    endloop
  endfacet
  facet normal 8.059841e-01 -5.919267e-01 -3.519925e-03
    outer loop
      vertex 7.165819e-02 -6.142176e-02 -8.661654e-02
      vertex 7.692848e-02 -5.424289e-02 -8.706767e-02
      vertex 7.178005e-02 -6.127958e-02 -8.262093e-02
    endloop
  endfacet
  facet normal 8.072920e-01 -5.901516e-01 8.033816e-04
    outer loop
      vertex 7.178005e-02 -6.127958e-02 -8.262093e-02
      vertex 7.692848e-02 -5.424289e-02 -8.706767e-02
      vertex 7.703666e-02 -5.408947e-02 -8.307208e-02
    endloop
  endfacet
  facet normal -8.037140e-01 5.950065e-01 3.341100e-03
    outer loop
      vertex 8.304700e-02 -7.118367e-02 -8.661654e-02
      vertex 8.316886e-02 -7.104149e-02 -8.262093e-02
      vertex 8.918747e-02 -6.288680e-02 -8.706767e-02
    endloop
  endfacet
  facet normal -8.048492e-01 5.934786e-01 -9.972615e-04
    outer loop
      vertex 8.918747e-02 -6.288680e-02 -8.706767e-02
      vertex 8.316886e-02 -7.104149e-02 -8.262093e-02
      vertex 8.929565e-02 -6.273338e-02 -8.307208e-02
    endloop
  endfacet
  facet normal -2.849122e-02 -3.323951e-02 -9.990412e-01
    outer loop
      vertex 8.316886e-02 -7.104149e-02 -8.262093e-02
      vertex 7.178005e-02 -6.127958e-02 -8.262093e-02
      vertex 8.929565e-02 -6.273338e-02 -8.307208e-02
    endloop
  endfacet
  facet normal -2.915609e-02 -4.134981e-02 -9.987192e-01
    outer loop
      vertex 7.178005e-02 -6.127958e-02 -8.262093e-02
      vertex 7.703666e-02 -5.408947e-02 -8.307208e-02
      vertex 8.929565e-02 -6.273338e-02 -8.307208e-02
    endloop
  endfacet
  facet normal 2.528404e-02 3.585839e-02 9.990370e-01
    outer loop
      vertex 8.918747e-02 -6.288680e-02 -8.706767e-02
      vertex 9.450509e-02 -5.406759e-02 -8.751880e-02
      vertex 7.692848e-02 -5.424289e-02 -8.706767e-02
    endloop
  endfacet
  facet normal 2.519413e-02 4.403699e-02 9.987122e-01
    outer loop
      vertex 7.692848e-02 -5.424289e-02 -8.706767e-02
      vertex 9.450509e-02 -5.406759e-02 -8.751880e-02
      vertex 8.148528e-02 -4.661879e-02 -8.751880e-02
    endloop
  endfacet
  facet normal 8.582715e-01 -5.131838e-01 -3.532064e-03
    outer loop
      vertex 7.692848e-02 -5.424289e-02 -8.706767e-02
      vertex 8.148528e-02 -4.661879e-02 -8.751880e-02
      vertex 7.703666e-02 -5.408947e-02 -8.307208e-02
    endloop
  endfacet
  facet normal 8.594117e-01 -5.112835e-01 8.013600e-04
    outer loop
      vertex 7.703666e-02 -5.408947e-02 -8.307208e-02
      vertex 8.148528e-02 -4.661879e-02 -8.751880e-02
      vertex 8.157873e-02 -4.645545e-02 -8.352323e-02
    endloop
  endfacet
  facet normal -8.562925e-01 5.164803e-01 3.351914e-03
    outer loop
      vertex 8.918747e-02 -6.288680e-02 -8.706767e-02
      vertex 8.929565e-02 -6.273338e-02 -8.307208e-02
      vertex 9.450509e-02 -5.406759e-02 -8.751880e-02
    endloop
  endfacet
  facet normal -8.572831e-01 5.148444e-01 -9.967140e-04
    outer loop
      vertex 9.450509e-02 -5.406759e-02 -8.751880e-02
      vertex 8.929565e-02 -6.273338e-02 -8.307208e-02
      vertex 9.459854e-02 -5.390425e-02 -8.352323e-02
    endloop
  endfacet
  facet normal -2.528618e-02 -3.586143e-02 -9.990368e-01
    outer loop
      vertex 8.929565e-02 -6.273338e-02 -8.307208e-02
      vertex 7.703666e-02 -5.408947e-02 -8.307208e-02
      vertex 9.459854e-02 -5.390425e-02 -8.352323e-02
    endloop
  endfacet
  facet normal -2.519167e-02 -4.403268e-02 -9.987124e-01
    outer loop
      vertex 7.703666e-02 -5.408947e-02 -8.307208e-02
      vertex 8.157873e-02 -4.645545e-02 -8.352323e-02
      vertex 9.459854e-02 -5.390425e-02 -8.352323e-02
    endloop
  endfacet
  facet normal 2.183843e-02 3.817153e-02 9.990325e-01
    outer loop
      vertex 9.450509e-02 -5.406759e-02 -8.751880e-02
      vertex 9.895618e-02 -4.480712e-02 -8.796992e-02
      vertex 8.148528e-02 -4.661879e-02 -8.751880e-02
    endloop
  endfacet
  facet normal 2.098288e-02 4.634054e-02 9.987053e-01
    outer loop
      vertex 8.148528e-02 -4.661879e-02 -8.751880e-02
      vertex 9.895618e-02 -4.480712e-02 -8.796992e-02
      vertex 8.529170e-02 -3.861987e-02 -8.796992e-02
    endloop
  endfacet
  facet normal 9.028907e-01 -4.298555e-01 -3.544281e-03
    outer loop
      vertex 8.148528e-02 -4.661879e-02 -8.751880e-02
      vertex 8.529170e-02 -3.861987e-02 -8.796992e-02
      vertex 8.157873e-02 -4.645545e-02 -8.352323e-02
    endloop
  endfacet
  facet normal 9.038514e-01 -4.278458e-01 7.993059e-04
    outer loop
      vertex 8.157873e-02 -4.645545e-02 -8.352323e-02
      vertex 8.529170e-02 -3.861987e-02 -8.796992e-02
      vertex 8.536951e-02 -3.844802e-02 -8.397438e-02
    endloop
  endfacet
  facet normal -9.012236e-01 4.333413e-01 3.362793e-03
    outer loop
      vertex 9.450509e-02 -5.406759e-02 -8.751880e-02
      vertex 9.459854e-02 -5.390425e-02 -8.352323e-02
      vertex 9.895618e-02 -4.480712e-02 -8.796992e-02
    endloop
  endfacet
  facet normal -9.020593e-01 4.316110e-01 -9.961489e-04
    outer loop
      vertex 9.895618e-02 -4.480712e-02 -8.796992e-02
      vertex 9.459854e-02 -5.390425e-02 -8.352323e-02
      vertex 9.903399e-02 -4.463527e-02 -8.397438e-02
    endloop
  endfacet
  facet normal -2.184029e-02 -3.817478e-02 -9.990324e-01
    outer loop
      vertex 9.459854e-02 -5.390425e-02 -8.352323e-02
      vertex 8.157873e-02 -4.645545e-02 -8.352323e-02
      vertex 9.903399e-02 -4.463527e-02 -8.397438e-02
    endloop
  endfacet
  facet normal -2.098082e-02 -4.633598e-02 -9.987056e-01
    outer loop
      vertex 8.157873e-02 -4.645545e-02 -8.352323e-02
      vertex 8.536951e-02 -3.844802e-02 -8.397438e-02
      vertex 9.903399e-02 -4.463527e-02 -8.397438e-02
    endloop
  endfacet
  facet normal 1.818166e-02 4.015405e-02 9.990281e-01
    outer loop
      vertex 9.895618e-02 -4.480712e-02 -8.796992e-02
      vertex 1.025050e-01 -3.519002e-02 -8.842105e-02
      vertex 8.529170e-02 -3.861987e-02 -8.796992e-02
    endloop
  endfacet
  facet normal 1.656147e-02 4.824190e-02 9.986984e-01
    outer loop
      vertex 8.529170e-02 -3.861987e-02 -8.796992e-02
      vertex 1.025050e-01 -3.519002e-02 -8.842105e-02
      vertex 8.831776e-02 -3.031952e-02 -8.842105e-02
    endloop
  endfacet
  facet normal 9.394432e-01 -3.426863e-01 -3.556578e-03
    outer loop
      vertex 8.529170e-02 -3.861987e-02 -8.796992e-02
      vertex 8.831776e-02 -3.031952e-02 -8.842105e-02
      vertex 8.536951e-02 -3.844802e-02 -8.397438e-02
    endloop
  endfacet
  facet normal 9.402137e-01 -3.405841e-01 7.972188e-04
    outer loop
      vertex 8.536951e-02 -3.844802e-02 -8.397438e-02
      vertex 8.831776e-02 -3.031952e-02 -8.842105e-02
      vertex 8.837916e-02 -3.014066e-02 -8.442553e-02
    endloop
  endfacet
  facet normal -9.381060e-01 3.463319e-01 3.373738e-03
    outer loop
      vertex 9.895618e-02 -4.480712e-02 -8.796992e-02
      vertex 9.903399e-02 -4.463527e-02 -8.397438e-02
      vertex 1.025050e-01 -3.519002e-02 -8.842105e-02
    endloop
  endfacet
  facet normal -9.387778e-01 3.445218e-01 -9.955660e-04
    outer loop
      vertex 1.025050e-01 -3.519002e-02 -8.842105e-02
      vertex 9.903399e-02 -4.463527e-02 -8.397438e-02
      vertex 1.025664e-01 -3.501115e-02 -8.442553e-02
    endloop
  endfacet
  facet normal -1.818321e-02 -4.015749e-02 -9.990279e-01
    outer loop
      vertex 9.903399e-02 -4.463527e-02 -8.397438e-02
      vertex 8.536951e-02 -3.844802e-02 -8.397438e-02
      vertex 1.025664e-01 -3.501115e-02 -8.442553e-02
    endloop
  endfacet
  facet normal -1.655983e-02 -4.823713e-02 -9.986986e-01
    outer loop
      vertex 8.536951e-02 -3.844802e-02 -8.397438e-02
      vertex 8.837916e-02 -3.014066e-02 -8.442553e-02
      vertex 1.025664e-01 -3.501115e-02 -8.442553e-02
    endloop
  endfacet
  facet normal 1.434540e-02 4.178672e-02 9.990236e-01
    outer loop
      vertex 1.025050e-01 -3.519002e-02 -8.842105e-02
      vertex 1.051241e-01 -2.530373e-02 -8.887218e-02
      vertex 8.831776e-02 -3.031952e-02 -8.842105e-02
    endloop
  endfacet
  facet normal 1.196824e-02 4.972194e-02 9.986914e-01
    outer loop
      vertex 8.831776e-02 -3.031952e-02 -8.842105e-02
      vertex 1.051241e-01 -2.530373e-02 -8.887218e-02
      vertex 9.054062e-02 -2.179344e-02 -8.887218e-02
    endloop
  endfacet
  facet normal 9.676021e-01 -2.524549e-01 -3.568954e-03
    outer loop
      vertex 8.831776e-02 -3.031952e-02 -8.842105e-02
      vertex 9.054062e-02 -2.179344e-02 -8.887218e-02
      vertex 8.837916e-02 -3.014066e-02 -8.442553e-02
    endloop
  endfacet
  facet normal 9.681737e-01 -2.502781e-01 7.950983e-04
    outer loop
      vertex 8.837916e-02 -3.014066e-02 -8.442553e-02
      vertex 9.054062e-02 -2.179344e-02 -8.887218e-02
      vertex 9.058498e-02 -2.160912e-02 -8.487668e-02
    endloop
  endfacet
  facet normal -9.666101e-01 2.562291e-01 3.384749e-03
    outer loop
      vertex 1.025050e-01 -3.519002e-02 -8.842105e-02
      vertex 1.025664e-01 -3.501115e-02 -8.442553e-02
      vertex 1.051241e-01 -2.530373e-02 -8.887218e-02
    endloop
  endfacet
  facet normal -9.671105e-01 2.543548e-01 -9.949651e-04
    outer loop
      vertex 1.051241e-01 -2.530373e-02 -8.887218e-02
      vertex 1.025664e-01 -3.501115e-02 -8.442553e-02
      vertex 1.051685e-01 -2.511941e-02 -8.487668e-02
    endloop
  endfacet
  facet normal -1.434663e-02 -4.179032e-02 -9.990234e-01
    outer loop
      vertex 1.025664e-01 -3.501115e-02 -8.442553e-02
      vertex 8.837916e-02 -3.014066e-02 -8.442553e-02
      vertex 1.051685e-01 -2.511941e-02 -8.487668e-02
    endloop
  endfacet
  facet normal -1.196705e-02 -4.971700e-02 -9.986916e-01
    outer loop
      vertex 8.837916e-02 -3.014066e-02 -8.442553e-02
      vertex 9.058498e-02 -2.160912e-02 -8.487668e-02
      vertex 1.051685e-01 -2.511941e-02 -8.487668e-02
    endloop
  endfacet
  facet normal 1.036308e-02 4.305333e-02 9.990190e-01
    outer loop
      vertex 1.051241e-01 -2.530373e-02 -8.887218e-02
      vertex 1.067943e-01 -1.523769e-02 -8.932331e-02
      vertex 9.054062e-02 -2.179344e-02 -8.887218e-02
    endloop
  endfacet
  facet normal 7.243309e-03 5.076519e-02 9.986843e-01
    outer loop
      vertex 9.054062e-02 -2.179344e-02 -8.887218e-02
      vertex 1.067943e-01 -1.523769e-02 -8.932331e-02
      vertex 9.194474e-02 -1.311891e-02 -8.932331e-02
    endloop
  endfacet
  facet normal 9.871158e-01 -1.599675e-01 -3.581410e-03
    outer loop
      vertex 9.054062e-02 -2.179344e-02 -8.887218e-02
      vertex 9.194474e-02 -1.311891e-02 -8.932331e-02
      vertex 9.058498e-02 -2.160912e-02 -8.487668e-02
    endloop
  endfacet
  facet normal 9.874812e-01 -1.577350e-01 7.929440e-04
    outer loop
      vertex 9.058498e-02 -2.160912e-02 -8.487668e-02
      vertex 9.194474e-02 -1.311891e-02 -8.932331e-02
      vertex 9.197158e-02 -1.293076e-02 -8.532783e-02
    endloop
  endfacet
  facet normal -9.864815e-01 1.638377e-01 3.395827e-03
    outer loop
      vertex 1.051241e-01 -2.530373e-02 -8.887218e-02
      vertex 1.051685e-01 -2.511941e-02 -8.487668e-02
      vertex 1.067943e-01 -1.523769e-02 -8.932331e-02
    endloop
  endfacet
  facet normal -9.868042e-01 1.619153e-01 -9.943458e-04
    outer loop
      vertex 1.067943e-01 -1.523769e-02 -8.932331e-02
      vertex 1.051685e-01 -2.511941e-02 -8.487668e-02
      vertex 1.068212e-01 -1.504954e-02 -8.532783e-02
    endloop
  endfacet
  facet normal -1.036398e-02 -4.305706e-02 -9.990189e-01
    outer loop
      vertex 1.051685e-01 -2.511941e-02 -8.487668e-02
      vertex 9.058498e-02 -2.160912e-02 -8.487668e-02
      vertex 1.068212e-01 -1.504954e-02 -8.532783e-02
    endloop
  endfacet
  facet normal -7.242585e-03 -5.076012e-02 -9.986846e-01
    outer loop
      vertex 9.058498e-02 -2.160912e-02 -8.487668e-02
      vertex 9.197158e-02 -1.293076e-02 -8.532783e-02
      vertex 1.068212e-01 -1.504954e-02 -8.532783e-02
    endloop
  endfacet
  facet normal 6.269598e-03 4.394088e-02 9.990145e-01
    outer loop
      vertex 1.067943e-01 -1.523769e-02 -8.932331e-02
      vertex 1.075052e-01 -5.082543e-03 -8.977444e-02
      vertex 9.194474e-02 -1.311891e-02 -8.932331e-02
    endloop
  endfacet
  facet normal 2.428155e-03 5.135998e-02 9.986773e-01
    outer loop
      vertex 9.194474e-02 -1.311891e-02 -8.932331e-02
      vertex 1.075052e-01 -5.082543e-03 -8.977444e-02
      vertex 9.252197e-02 -4.374177e-03 -8.977444e-02
    endloop
  endfacet
  facet normal 9.978098e-01 -6.605042e-02 -3.593948e-03
    outer loop
      vertex 9.194474e-02 -1.311891e-02 -8.932331e-02
      vertex 9.252197e-02 -4.374177e-03 -8.977444e-02
      vertex 9.197158e-02 -1.293076e-02 -8.532783e-02
    endloop
  endfacet
  facet normal 9.979636e-01 -6.378171e-02 7.907553e-04
    outer loop
      vertex 9.197158e-02 -1.293076e-02 -8.532783e-02
      vertex 9.252197e-02 -4.374177e-03 -8.977444e-02
      vertex 9.253097e-02 -4.183859e-03 -8.577898e-02
    endloop
  endfacet
  facet normal -9.975424e-01 6.998280e-02 3.406973e-03
    outer loop
      vertex 1.067943e-01 -1.523769e-02 -8.932331e-02
      vertex 1.068212e-01 -1.504954e-02 -8.532783e-02
      vertex 1.075052e-01 -5.082543e-03 -8.977444e-02
    endloop
  endfacet
  facet normal -9.976828e-01 6.802915e-02 -9.937080e-04
    outer loop
      vertex 1.075052e-01 -5.082543e-03 -8.977444e-02
      vertex 1.068212e-01 -1.504954e-02 -8.532783e-02
      vertex 1.075142e-01 -4.892226e-03 -8.577898e-02
    endloop
  endfacet
  facet normal -6.270143e-03 -4.394470e-02 -9.990143e-01
    outer loop
      vertex 1.068212e-01 -1.504954e-02 -8.532783e-02
      vertex 9.197158e-02 -1.293076e-02 -8.532783e-02
      vertex 1.075142e-01 -4.892226e-03 -8.577898e-02
    endloop
  endfacet
  facet normal -2.427911e-03 -5.135482e-02 -9.986775e-01
    outer loop
      vertex 9.197158e-02 -1.293076e-02 -8.532783e-02
      vertex 9.253097e-02 -4.183859e-03 -8.577898e-02
      vertex 1.075142e-01 -4.892226e-03 -8.577898e-02
    endloop
  endfacet
  facet normal 2.100982e-03 4.443967e-02 9.990099e-01
    outer loop
      vertex 1.075052e-01 -5.082543e-03 -8.977444e-02
      vertex 1.072549e-01 5.070708e-03 -9.022556e-02
      vertex 9.252197e-02 -4.374177e-03 -8.977444e-02
    endloop
  endfacet
  facet normal -2.434707e-03 5.149859e-02 9.986701e-01
    outer loop
      vertex 9.252197e-02 -4.374177e-03 -8.977444e-02
      vertex 1.072549e-01 5.070708e-03 -9.022556e-02
      vertex 9.227162e-02 4.362341e-03 -9.022556e-02
    endloop
  endfacet
  facet normal 9.995885e-01 2.845721e-02 -3.606568e-03
    outer loop
      vertex 9.252197e-02 -4.374177e-03 -8.977444e-02
      vertex 9.227162e-02 4.362341e-03 -9.022556e-02
      vertex 9.253097e-02 -4.183859e-03 -8.577898e-02
    endloop
  endfacet
  facet normal 9.995270e-01 3.074211e-02 7.885319e-04
    outer loop
      vertex 9.253097e-02 -4.183859e-03 -8.577898e-02
      vertex 9.227162e-02 4.362341e-03 -9.022556e-02
      vertex 9.226260e-02 4.553136e-03 -8.623013e-02
    endloop
  endfacet
  facet normal -9.996940e-01 -2.449741e-02 3.418187e-03
    outer loop
      vertex 1.075052e-01 -5.082543e-03 -8.977444e-02
      vertex 1.075142e-01 -4.892226e-03 -8.577898e-02
      vertex 1.072549e-01 5.070708e-03 -9.022556e-02
    endloop
  endfacet
  facet normal -9.996492e-01 -2.646503e-02 -9.930513e-04
    outer loop
      vertex 1.072549e-01 5.070708e-03 -9.022556e-02
      vertex 1.075142e-01 -4.892226e-03 -8.577898e-02
      vertex 1.072459e-01 5.261502e-03 -8.623013e-02
    endloop
  endfacet
  facet normal -2.101165e-03 -4.444355e-02 -9.990097e-01
    outer loop
      vertex 1.075142e-01 -4.892226e-03 -8.577898e-02
      vertex 9.253097e-02 -4.183859e-03 -8.577898e-02
      vertex 1.072459e-01 5.261502e-03 -8.623013e-02
    endloop
  endfacet
  facet normal 2.434461e-03 -5.149338e-02 -9.986704e-01
    outer loop
      vertex 9.253097e-02 -4.183859e-03 -8.577898e-02
      vertex 9.226260e-02 4.553136e-03 -8.623013e-02
      vertex 1.072459e-01 5.261502e-03 -8.623013e-02
    endloop
  endfacet
  facet normal -2.105887e-03 4.454343e-02 9.990052e-01
    outer loop
      vertex 1.072549e-01 5.070708e-03 -9.022556e-02
      vertex 1.060500e-01 1.513149e-02 -9.067669e-02
      vertex 9.227162e-02 4.362341e-03 -9.022556e-02
    endloop
  endfacet
  facet normal -7.302109e-03 5.117730e-02 9.986629e-01
    outer loop
      vertex 9.227162e-02 4.362341e-03 -9.022556e-02
      vertex 1.060500e-01 1.513149e-02 -9.067669e-02
      vertex 9.120039e-02 1.301271e-02 -9.067669e-02
    endloop
  endfacet
  facet normal 9.924359e-01 1.227110e-01 -3.619271e-03
    outer loop
      vertex 9.227162e-02 4.362341e-03 -9.022556e-02
      vertex 9.120039e-02 1.301271e-02 -9.067669e-02
      vertex 9.226260e-02 4.553136e-03 -8.623013e-02
    endloop
  endfacet
  facet normal 9.921575e-01 1.249917e-01 7.862732e-04
    outer loop
      vertex 9.226260e-02 4.553136e-03 -8.623013e-02
      vertex 9.120039e-02 1.301271e-02 -9.067669e-02
      vertex 9.117335e-02 1.320227e-02 -8.668128e-02
    endloop
  endfacet
  facet normal -9.929172e-01 -1.187591e-01 3.429469e-03
    outer loop
      vertex 1.072549e-01 5.070708e-03 -9.022556e-02
      vertex 1.072459e-01 5.261502e-03 -8.623013e-02
      vertex 1.060500e-01 1.513149e-02 -9.067669e-02
    endloop
  endfacet
  facet normal -9.926857e-01 -1.207231e-01 -9.923756e-04
    outer loop
      vertex 1.060500e-01 1.513149e-02 -9.067669e-02
      vertex 1.072459e-01 5.261502e-03 -8.623013e-02
      vertex 1.060230e-01 1.532106e-02 -8.668128e-02
    endloop
  endfacet
  facet normal 2.106072e-03 -4.454734e-02 -9.990051e-01
    outer loop
      vertex 1.072459e-01 5.261502e-03 -8.623013e-02
      vertex 9.226260e-02 4.553136e-03 -8.623013e-02
      vertex 1.060230e-01 1.532106e-02 -8.668128e-02
    endloop
  endfacet
  facet normal 7.301367e-03 -5.117210e-02 -9.986632e-01
    outer loop
      vertex 9.226260e-02 4.553136e-03 -8.623013e-02
      vertex 9.117335e-02 1.320227e-02 -8.668128e-02
      vertex 1.060230e-01 1.532106e-02 -8.668128e-02
    endloop
  endfacet
  facet normal -6.313619e-03 4.424940e-02 9.990006e-01
    outer loop
      vertex 1.060500e-01 1.513149e-02 -9.067669e-02
      vertex 1.039058e-01 2.501047e-02 -9.112782e-02
      vertex 9.120039e-02 1.301271e-02 -9.067669e-02
    endloop
  endfacet
  facet normal -1.213061e-02 5.039649e-02 9.986556e-01
    outer loop
      vertex 9.120039e-02 1.301271e-02 -9.067669e-02
      vertex 1.039058e-01 2.501047e-02 -9.112782e-02
      vertex 8.932228e-02 2.150018e-02 -9.112782e-02
    endloop
  endfacet
  facet normal 9.764156e-01 2.158687e-01 -3.632058e-03
    outer loop
      vertex 9.120039e-02 1.301271e-02 -9.067669e-02
      vertex 8.932228e-02 2.150018e-02 -9.112782e-02
      vertex 9.117335e-02 1.320227e-02 -8.668128e-02
    endloop
  endfacet
  facet normal 9.759206e-01 2.181247e-01 7.839788e-04
    outer loop
      vertex 9.117335e-02 1.320227e-02 -8.668128e-02
      vertex 8.932228e-02 2.150018e-02 -9.112782e-02
      vertex 8.927736e-02 2.168682e-02 -8.713243e-02
    endloop
  endfacet
  facet normal -9.772722e-01 -2.119603e-01 3.440821e-03
    outer loop
      vertex 1.060500e-01 1.513149e-02 -9.067669e-02
      vertex 1.060230e-01 1.532106e-02 -8.668128e-02
      vertex 1.039058e-01 2.501047e-02 -9.112782e-02
    endloop
  endfacet
  facet normal -9.768544e-01 -2.139031e-01 -9.916805e-04
    outer loop
      vertex 1.039058e-01 2.501047e-02 -9.112782e-02
      vertex 1.060230e-01 1.532106e-02 -8.668128e-02
      vertex 1.038608e-01 2.519711e-02 -8.713243e-02
    endloop
  endfacet
  facet normal 6.314175e-03 -4.425330e-02 -9.990004e-01
    outer loop
      vertex 1.060230e-01 1.532106e-02 -8.668128e-02
      vertex 9.117335e-02 1.320227e-02 -8.668128e-02
      vertex 1.038608e-01 2.519711e-02 -8.713243e-02
    endloop
  endfacet
  facet normal 1.212937e-02 -5.039134e-02 -9.986559e-01
    outer loop
      vertex 9.117335e-02 1.320227e-02 -8.668128e-02
      vertex 8.927736e-02 2.168682e-02 -8.713243e-02
      vertex 1.038608e-01 2.519711e-02 -8.713243e-02
    endloop
  endfacet
  facet normal -1.048464e-02 4.355833e-02 9.989959e-01
    outer loop
      vertex 1.039058e-01 2.501047e-02 -9.112782e-02
      vertex 1.008457e-01 3.462037e-02 -9.157895e-02
      vertex 8.932228e-02 2.150018e-02 -9.112782e-02
    endloop
  endfacet
  facet normal -1.687687e-02 4.916065e-02 9.986483e-01
    outer loop
      vertex 8.932228e-02 2.150018e-02 -9.112782e-02
      vertex 1.008457e-01 3.462037e-02 -9.157895e-02
      vertex 8.665843e-02 2.974988e-02 -9.157895e-02
    endloop
  endfacet
  facet normal 9.516709e-01 3.070980e-01 -3.644928e-03
    outer loop
      vertex 8.932228e-02 2.150018e-02 -9.112782e-02
      vertex 8.665843e-02 2.974988e-02 -9.157895e-02
      vertex 8.927736e-02 2.168682e-02 -8.713243e-02
    endloop
  endfacet
  facet normal 9.509614e-01 3.093087e-01 7.816482e-04
    outer loop
      vertex 8.927736e-02 2.168682e-02 -8.713243e-02
      vertex 8.665843e-02 2.974988e-02 -9.157895e-02
      vertex 8.659594e-02 2.993190e-02 -8.758358e-02
    endloop
  endfacet
  facet normal -9.528988e-01 -3.032687e-01 3.452243e-03
    outer loop
      vertex 1.039058e-01 2.501047e-02 -9.112782e-02
      vertex 1.038608e-01 2.519711e-02 -8.713243e-02
      vertex 1.008457e-01 3.462037e-02 -9.157895e-02
    endloop
  endfacet
  facet normal -9.522965e-01 -3.051726e-01 -9.909658e-04
    outer loop
      vertex 1.008457e-01 3.462037e-02 -9.157895e-02
      vertex 1.038608e-01 2.519711e-02 -8.713243e-02
      vertex 1.007832e-01 3.480239e-02 -8.758358e-02
    endloop
  endfacet
  facet normal 1.048557e-02 -4.356219e-02 -9.989957e-01
    outer loop
      vertex 1.038608e-01 2.519711e-02 -8.713243e-02
      vertex 8.927736e-02 2.168682e-02 -8.713243e-02
      vertex 1.007832e-01 3.480239e-02 -8.758358e-02
    endloop
  endfacet
  facet normal 1.687514e-02 -4.915560e-02 -9.986486e-01
    outer loop
      vertex 8.927736e-02 2.168682e-02 -8.713243e-02
      vertex 8.659594e-02 2.993190e-02 -8.758358e-02
      vertex 1.007832e-01 3.480239e-02 -8.758358e-02
    endloop
  endfacet
  facet normal -1.458152e-02 4.247453e-02 9.989911e-01
    outer loop
      vertex 1.008457e-01 3.462037e-02 -9.157895e-02
      vertex 9.690137e-02 4.387671e-02 -9.203008e-02
      vertex 8.665843e-02 2.974988e-02 -9.157895e-02
    endloop
  endfacet
  facet normal -2.149807e-02 4.747832e-02 9.986409e-01
    outer loop
      vertex 8.665843e-02 2.974988e-02 -9.157895e-02
      vertex 9.690137e-02 4.387671e-02 -9.203008e-02
      vertex 8.323689e-02 3.768946e-02 -9.203008e-02
    endloop
  endfacet
  facet normal 9.184226e-01 3.955837e-01 -3.657885e-03
    outer loop
      vertex 8.665843e-02 2.974988e-02 -9.157895e-02
      vertex 8.323689e-02 3.768946e-02 -9.203008e-02
      vertex 8.659594e-02 2.993190e-02 -8.758358e-02
    endloop
  endfacet
  facet normal 9.175027e-01 3.977287e-01 7.792810e-04
    outer loop
      vertex 8.659594e-02 2.993190e-02 -8.758358e-02
      vertex 8.323689e-02 3.768946e-02 -9.203008e-02
      vertex 8.315731e-02 3.786522e-02 -8.803473e-02
    endloop
  endfacet
  facet normal -9.200146e-01 -3.918687e-01 3.463735e-03
    outer loop
      vertex 1.008457e-01 3.462037e-02 -9.157895e-02
      vertex 1.007832e-01 3.480239e-02 -8.758358e-02
      vertex 9.690137e-02 4.387671e-02 -9.203008e-02
    endloop
  endfacet
  facet normal -9.192315e-01 -3.937162e-01 -9.902313e-04
    outer loop
      vertex 9.690137e-02 4.387671e-02 -9.203008e-02
      vertex 1.007832e-01 3.480239e-02 -8.758358e-02
      vertex 9.682179e-02 4.405247e-02 -8.803473e-02
    endloop
  endfacet
  facet normal 1.458282e-02 -4.247831e-02 -9.989910e-01
    outer loop
      vertex 1.007832e-01 3.480239e-02 -8.758358e-02
      vertex 8.659594e-02 2.993190e-02 -8.758358e-02
      vertex 9.682179e-02 4.405247e-02 -8.803473e-02
    endloop
  endfacet
  facet normal 2.149585e-02 -4.747342e-02 -9.986412e-01
    outer loop
      vertex 8.659594e-02 2.993190e-02 -8.758358e-02
      vertex 8.315731e-02 3.786522e-02 -8.803473e-02
      vertex 9.682179e-02 4.405247e-02 -8.803473e-02
    endloop
  endfacet
  facet normal -1.856734e-02 4.100583e-02 9.989864e-01
    outer loop
      vertex 9.690137e-02 4.387671e-02 -9.203008e-02
      vertex 9.211214e-02 5.269856e-02 -9.248120e-02
      vertex 8.323689e-02 3.768946e-02 -9.203008e-02
    endloop
  endfacet
  facet normal -2.595225e-02 4.536210e-02 9.986334e-01
    outer loop
      vertex 8.323689e-02 3.768946e-02 -9.203008e-02
      vertex 9.211214e-02 5.269856e-02 -9.248120e-02
      vertex 7.909233e-02 4.524976e-02 -9.248120e-02
    endloop
  endfacet
  facet normal 8.769678e-01 4.805351e-01 -3.670927e-03
    outer loop
      vertex 8.323689e-02 3.768946e-02 -9.203008e-02
      vertex 7.909233e-02 4.524976e-02 -9.248120e-02
      vertex 8.315731e-02 3.786522e-02 -8.803473e-02
    endloop
  endfacet
  facet normal 8.758436e-01 4.825944e-01 7.768766e-04
    outer loop
      vertex 8.315731e-02 3.786522e-02 -8.803473e-02
      vertex 7.909233e-02 4.524976e-02 -9.248120e-02
      vertex 7.899628e-02 4.541765e-02 -8.848588e-02
    endloop
  endfacet
  facet normal -8.789132e-01 -4.769690e-01 3.475298e-03
    outer loop
      vertex 9.690137e-02 4.387671e-02 -9.203008e-02
      vertex 9.682179e-02 4.405247e-02 -8.803473e-02
      vertex 9.211214e-02 5.269856e-02 -9.248120e-02
    endloop
  endfacet
  facet normal -8.779546e-01 -4.787429e-01 -9.894766e-04
    outer loop
      vertex 9.211214e-02 5.269856e-02 -9.248120e-02
      vertex 9.682179e-02 4.405247e-02 -8.803473e-02
      vertex 9.201609e-02 5.286645e-02 -8.848588e-02
    endloop
  endfacet
  facet normal 1.856900e-02 -4.100950e-02 -9.989862e-01
    outer loop
      vertex 9.682179e-02 4.405247e-02 -8.803473e-02
      vertex 8.315731e-02 3.786522e-02 -8.803473e-02
      vertex 9.201609e-02 5.286645e-02 -8.848588e-02
    endloop
  endfacet
  facet normal 2.594955e-02 -4.535739e-02 -9.986337e-01
    outer loop
      vertex 8.315731e-02 3.786522e-02 -8.803473e-02
      vertex 7.899628e-02 4.541765e-02 -8.848588e-02
      vertex 9.201609e-02 5.286645e-02 -8.848588e-02
    endloop
  endfacet
  facet normal -2.240596e-02 3.916353e-02 9.989816e-01
    outer loop
      vertex 9.211214e-02 5.269856e-02 -9.248120e-02
      vertex 8.652470e-02 6.100926e-02 -9.293233e-02
      vertex 7.909233e-02 4.524976e-02 -9.248120e-02
    endloop
  endfacet
  facet normal -3.019872e-02 4.282850e-02 9.986259e-01
    outer loop
      vertex 7.909233e-02 4.524976e-02 -9.248120e-02
      vertex 8.652470e-02 6.100926e-02 -9.293233e-02
      vertex 7.426571e-02 5.236535e-02 -9.293233e-02
    endloop
  endfacet
  facet normal 8.276767e-01 5.611931e-01 -3.684056e-03
    outer loop
      vertex 7.909233e-02 4.524976e-02 -9.248120e-02
      vertex 7.426571e-02 5.236535e-02 -9.293233e-02
      vertex 7.899628e-02 4.541765e-02 -8.848588e-02
    endloop
  endfacet
  facet normal 8.263562e-01 5.631473e-01 7.744345e-04
    outer loop
      vertex 7.899628e-02 4.541765e-02 -8.848588e-02
      vertex 7.426571e-02 5.236535e-02 -9.293233e-02
      vertex 7.415396e-02 5.252383e-02 -8.893703e-02
    endloop
  endfacet
  facet normal -8.299617e-01 -5.578095e-01 3.486933e-03
    outer loop
      vertex 9.211214e-02 5.269856e-02 -9.248120e-02
      vertex 9.201609e-02 5.286645e-02 -8.848588e-02
      vertex 8.652470e-02 6.100926e-02 -9.293233e-02
    endloop
  endfacet
  facet normal -8.288344e-01 -5.594932e-01 -9.887015e-04
    outer loop
      vertex 8.652470e-02 6.100926e-02 -9.293233e-02
      vertex 9.201609e-02 5.286645e-02 -8.848588e-02
      vertex 8.641295e-02 6.116774e-02 -8.893703e-02
    endloop
  endfacet
  facet normal 2.240798e-02 -3.916705e-02 -9.989814e-01
    outer loop
      vertex 9.201609e-02 5.286645e-02 -8.848588e-02
      vertex 7.899628e-02 4.541765e-02 -8.848588e-02
      vertex 8.641295e-02 6.116774e-02 -8.893703e-02
    endloop
  endfacet
  facet normal 3.019556e-02 -4.282403e-02 -9.986262e-01
    outer loop
      vertex 7.899628e-02 4.541765e-02 -8.848588e-02
      vertex 7.415396e-02 5.252383e-02 -8.893703e-02
      vertex 8.641295e-02 6.116774e-02 -8.893703e-02
    endloop
  endfacet
  facet normal -2.606242e-02 3.696231e-02 9.989767e-01
    outer loop
      vertex 8.652470e-02 6.100926e-02 -9.293233e-02
      vertex 8.019266e-02 6.873707e-02 -9.338346e-02
      vertex 7.426571e-02 5.236535e-02 -9.293233e-02
    endloop
  endfacet
  facet normal -3.419841e-02 3.989786e-02 9.986184e-01
    outer loop
      vertex 7.426571e-02 5.236535e-02 -9.293233e-02
      vertex 8.019266e-02 6.873707e-02 -9.338346e-02
      vertex 6.880385e-02 5.897516e-02 -9.338346e-02
    endloop
  endfacet
  facet normal 7.709897e-01 6.368369e-01 -3.697272e-03
    outer loop
      vertex 7.426571e-02 5.236535e-02 -9.293233e-02
      vertex 6.880385e-02 5.897516e-02 -9.338346e-02
      vertex 7.415396e-02 5.252383e-02 -8.893703e-02
    endloop
  endfacet
  facet normal 7.694826e-01 6.386673e-01 7.719543e-04
    outer loop
      vertex 7.415396e-02 5.252383e-02 -8.893703e-02
      vertex 6.880385e-02 5.897516e-02 -9.338346e-02
      vertex 6.867732e-02 5.912277e-02 -8.938819e-02
    endloop
  endfacet
  facet normal -7.735971e-01 -6.336681e-01 3.498641e-03
    outer loop
      vertex 8.652470e-02 6.100926e-02 -9.293233e-02
      vertex 8.641295e-02 6.116774e-02 -8.893703e-02
      vertex 8.019266e-02 6.873707e-02 -9.338346e-02
    endloop
  endfacet
  facet normal -7.723096e-01 -6.352455e-01 -9.879056e-04
    outer loop
      vertex 8.019266e-02 6.873707e-02 -9.338346e-02
      vertex 8.641295e-02 6.116774e-02 -8.893703e-02
      vertex 8.006614e-02 6.888468e-02 -8.938819e-02
    endloop
  endfacet
  facet normal 2.606478e-02 -3.696566e-02 -9.989766e-01
    outer loop
      vertex 8.641295e-02 6.116774e-02 -8.893703e-02
      vertex 7.415396e-02 5.252383e-02 -8.893703e-02
      vertex 8.006614e-02 6.888468e-02 -8.938819e-02
    endloop
  endfacet
  facet normal 3.419482e-02 -3.989367e-02 -9.986187e-01
    outer loop
      vertex 7.415396e-02 5.252383e-02 -8.893703e-02
      vertex 6.867732e-02 5.912277e-02 -8.938819e-02
      vertex 8.006614e-02 6.888468e-02 -8.938819e-02
    endloop
  endfacet
  facet normal -2.950319e-02 3.442014e-02 9.989719e-01
    outer loop
      vertex 8.019266e-02 6.873707e-02 -9.338346e-02
      vertex 7.317603e-02 7.581581e-02 -9.383459e-02
      vertex 6.880385e-02 5.897516e-02 -9.338346e-02
    endloop
  endfacet
  facet normal -3.791426e-02 3.659415e-02 9.986107e-01
    outer loop
      vertex 6.880385e-02 5.897516e-02 -9.338346e-02
      vertex 7.317603e-02 7.581581e-02 -9.383459e-02
      vertex 6.275899e-02 6.502298e-02 -9.383459e-02
    endloop
  endfacet
  facet normal 7.074132e-01 7.067905e-01 -3.710577e-03
    outer loop
      vertex 6.880385e-02 5.897516e-02 -9.338346e-02
      vertex 6.275899e-02 6.502298e-02 -9.383459e-02
      vertex 6.867732e-02 5.912277e-02 -8.938819e-02
    endloop
  endfacet
  facet normal 7.057311e-01 7.084794e-01 7.694354e-04
    outer loop
      vertex 6.867732e-02 5.912277e-02 -8.938819e-02
      vertex 6.275899e-02 6.502298e-02 -9.383459e-02
      vertex 6.261874e-02 6.515834e-02 -8.983934e-02
    endloop
  endfacet
  facet normal -7.103229e-01 -7.038672e-01 3.510422e-03
    outer loop
      vertex 8.019266e-02 6.873707e-02 -9.338346e-02
      vertex 8.006614e-02 6.888468e-02 -8.938819e-02
      vertex 7.317603e-02 7.581581e-02 -9.383459e-02
    endloop
  endfacet
  facet normal -7.088852e-01 -7.053232e-01 -9.870888e-04
    outer loop
      vertex 7.317603e-02 7.581581e-02 -9.383459e-02
      vertex 8.006614e-02 6.888468e-02 -8.938819e-02
      vertex 7.303579e-02 7.595117e-02 -8.983934e-02
    endloop
  endfacet
  facet normal 2.950588e-02 -3.442327e-02 -9.989717e-01
    outer loop
      vertex 8.006614e-02 6.888468e-02 -8.938819e-02
      vertex 6.867732e-02 5.912277e-02 -8.938819e-02
      vertex 7.303579e-02 7.595117e-02 -8.983934e-02
    endloop
  endfacet
  facet normal 3.791026e-02 -3.659029e-02 -9.986110e-01
    outer loop
      vertex 6.867732e-02 5.912277e-02 -8.938819e-02
      vertex 6.261874e-02 6.515834e-02 -8.983934e-02
      vertex 7.303579e-02 7.595117e-02 -8.983934e-02
    endloop
  endfacet
  facet normal -3.269653e-02 3.155809e-02 9.989670e-01
    outer loop
      vertex 7.317603e-02 7.581581e-02 -9.383459e-02
      vertex 6.554065e-02 8.218538e-02 -9.428571e-02
      vertex 6.275899e-02 6.502298e-02 -9.383459e-02
    endloop
  endfacet
  facet normal -4.131151e-02 3.294483e-02 9.986030e-01
    outer loop
      vertex 6.275899e-02 6.502298e-02 -9.383459e-02
      vertex 6.554065e-02 8.218538e-02 -9.428571e-02
      vertex 5.618831e-02 7.045791e-02 -9.428571e-02
    endloop
  endfacet
  facet normal 6.375151e-01 7.704288e-01 -3.723972e-03
    outer loop
      vertex 6.275899e-02 6.502298e-02 -9.383459e-02
      vertex 5.618831e-02 7.045791e-02 -9.428571e-02
      vertex 6.261874e-02 6.515834e-02 -8.983934e-02
    endloop
  endfacet
  facet normal 6.356713e-01 7.719594e-01 7.668772e-04
    outer loop
      vertex 6.261874e-02 6.515834e-02 -8.983934e-02
      vertex 5.618831e-02 7.045791e-02 -9.428571e-02
      vertex 5.603553e-02 7.057975e-02 -9.029049e-02
    endloop
  endfacet
  facet normal -6.407042e-01 -7.677797e-01 3.522276e-03
    outer loop
      vertex 7.317603e-02 7.581581e-02 -9.383459e-02
      vertex 7.303579e-02 7.595117e-02 -8.983934e-02
      vertex 6.554065e-02 8.218538e-02 -9.428571e-02
    endloop
  endfacet
  facet normal -6.391277e-01 -7.691000e-01 -9.862507e-04
    outer loop
      vertex 6.554065e-02 8.218538e-02 -9.428571e-02
      vertex 7.303579e-02 7.595117e-02 -8.983934e-02
      vertex 6.538788e-02 8.230722e-02 -9.029049e-02
    endloop
  endfacet
  facet normal 3.269951e-02 -3.156097e-02 -9.989668e-01
    outer loop
      vertex 7.303579e-02 7.595117e-02 -8.983934e-02
      vertex 6.261874e-02 6.515834e-02 -8.983934e-02
      vertex 6.538788e-02 8.230722e-02 -9.029049e-02
    endloop
  endfacet
  facet normal 4.130712e-02 -3.294133e-02 -9.986033e-01
    outer loop
      vertex 6.261874e-02 6.515834e-02 -8.983934e-02
      vertex 5.603553e-02 7.057975e-02 -9.029049e-02
      vertex 6.538788e-02 8.230722e-02 -9.029049e-02
    endloop
  endfacet
  facet normal -3.561272e-02 2.840020e-02 9.989620e-01
    outer loop
      vertex 6.554065e-02 8.218538e-02 -9.428571e-02
      vertex 5.735759e-02 8.779233e-02 -9.473684e-02
      vertex 5.618831e-02 7.045791e-02 -9.428571e-02
    endloop
  endfacet
  facet normal -4.435805e-02 2.898056e-02 9.985953e-01
    outer loop
      vertex 5.618831e-02 7.045791e-02 -9.428571e-02
      vertex 5.735759e-02 8.779233e-02 -9.473684e-02
      vertex 4.915337e-02 7.523483e-02 -9.473684e-02
    endloop
  endfacet
  facet normal 5.619201e-01 8.271831e-01 -3.737457e-03
    outer loop
      vertex 5.618831e-02 7.045791e-02 -9.428571e-02
      vertex 4.915337e-02 7.523483e-02 -9.473684e-02
      vertex 5.603553e-02 7.057975e-02 -9.029049e-02
    endloop
  endfacet
  facet normal 5.599295e-01 8.285399e-01 7.642794e-04
    outer loop
      vertex 5.603553e-02 7.057975e-02 -9.029049e-02
      vertex 4.915337e-02 7.523483e-02 -9.473684e-02
      vertex 4.898936e-02 7.534198e-02 -9.074164e-02
    endloop
  endfacet
  facet normal -5.653626e-01 -8.248349e-01 3.534205e-03
    outer loop
      vertex 6.554065e-02 8.218538e-02 -9.428571e-02
      vertex 6.538788e-02 8.230722e-02 -9.029049e-02
      vertex 5.735759e-02 8.779233e-02 -9.473684e-02
    endloop
  endfacet
  facet normal -5.636602e-01 -8.260062e-01 -9.853910e-04
    outer loop
      vertex 5.735759e-02 8.779233e-02 -9.473684e-02
      vertex 6.538788e-02 8.230722e-02 -9.029049e-02
      vertex 5.719358e-02 8.789948e-02 -9.074164e-02
    endloop
  endfacet
  facet normal 3.561599e-02 -2.840281e-02 -9.989619e-01
    outer loop
      vertex 6.538788e-02 8.230722e-02 -9.029049e-02
      vertex 5.603553e-02 7.057975e-02 -9.029049e-02
      vertex 5.719358e-02 8.789948e-02 -9.074164e-02
    endloop
  endfacet
  facet normal 4.435332e-02 -2.897747e-02 -9.985956e-01
    outer loop
      vertex 5.603553e-02 7.057975e-02 -9.029049e-02
      vertex 4.898936e-02 7.534198e-02 -9.074164e-02
      vertex 5.719358e-02 8.789948e-02 -9.074164e-02
    endloop
  endfacet
  facet normal -3.822442e-02 2.497326e-02 9.989571e-01
    outer loop
      vertex 5.735759e-02 8.779233e-02 -9.473684e-02
      vertex 4.870245e-02 9.259025e-02 -9.518797e-02
      vertex 4.915337e-02 7.523483e-02 -9.473684e-02
    endloop
  endfacet
  facet normal -4.702474e-02 2.473500e-02 9.985874e-01
    outer loop
      vertex 4.915337e-02 7.523483e-02 -9.473684e-02
      vertex 4.870245e-02 9.259025e-02 -9.518797e-02
      vertex 4.171954e-02 7.931475e-02 -9.518797e-02
    endloop
  endfacet
  facet normal 4.813035e-01 8.765460e-01 -3.751032e-03
    outer loop
      vertex 4.915337e-02 7.523483e-02 -9.473684e-02
      vertex 4.171954e-02 7.931475e-02 -9.518797e-02
      vertex 4.898936e-02 7.534198e-02 -9.074164e-02
    endloop
  endfacet
  facet normal 4.791824e-01 8.777150e-01 7.616412e-04
    outer loop
      vertex 4.898936e-02 7.534198e-02 -9.074164e-02
      vertex 4.171954e-02 7.931475e-02 -9.518797e-02
      vertex 4.154571e-02 7.940618e-02 -9.119280e-02
    endloop
  endfacet
  facet normal -4.849712e-01 -8.745229e-01 3.546209e-03
    outer loop
      vertex 5.735759e-02 8.779233e-02 -9.473684e-02
      vertex 5.719358e-02 8.789948e-02 -9.074164e-02
      vertex 4.870245e-02 9.259025e-02 -9.518797e-02
    endloop
  endfacet
  facet normal -4.831568e-01 -8.755333e-01 -9.845094e-04
    outer loop
      vertex 4.870245e-02 9.259025e-02 -9.518797e-02
      vertex 5.719358e-02 8.789948e-02 -9.074164e-02
      vertex 4.852862e-02 9.268169e-02 -9.119280e-02
    endloop
  endfacet
  facet normal 3.822795e-02 -2.497556e-02 -9.989569e-01
    outer loop
      vertex 5.719358e-02 8.789948e-02 -9.074164e-02
      vertex 4.898936e-02 7.534198e-02 -9.074164e-02
      vertex 4.852862e-02 9.268169e-02 -9.119280e-02
    endloop
  endfacet
  facet normal 4.701970e-02 -2.473235e-02 -9.985877e-01
    outer loop
      vertex 4.898936e-02 7.534198e-02 -9.074164e-02
      vertex 4.154571e-02 7.940618e-02 -9.119280e-02
      vertex 4.852862e-02 9.268169e-02 -9.119280e-02
    endloop
  endfacet
  facet normal -4.050682e-02 2.130658e-02 9.989521e-01
    outer loop
      vertex 4.870245e-02 9.259025e-02 -9.518797e-02
      vertex 3.965471e-02 9.654020e-02 -9.563910e-02
      vertex 4.171954e-02 7.931475e-02 -9.518797e-02
    endloop
  endfacet
  facet normal -4.928564e-02 2.024450e-02 9.985795e-01
    outer loop
      vertex 4.171954e-02 7.931475e-02 -9.518797e-02
      vertex 3.965471e-02 9.654020e-02 -9.563910e-02
      vertex 3.395540e-02 8.266512e-02 -9.563910e-02
    endloop
  endfacet
  facet normal 3.963857e-01 9.180764e-01 -3.764700e-03
    outer loop
      vertex 4.171954e-02 7.931475e-02 -9.518797e-02
      vertex 3.395540e-02 8.266512e-02 -9.563910e-02
      vertex 4.154571e-02 7.940618e-02 -9.119280e-02
    endloop
  endfacet
  facet normal 3.941517e-01 9.190451e-01 7.589622e-04
    outer loop
      vertex 4.154571e-02 7.940618e-02 -9.119280e-02
      vertex 3.395540e-02 8.266512e-02 -9.563910e-02
      vertex 3.377325e-02 8.273994e-02 -9.164395e-02
    endloop
  endfacet
  facet normal -4.002478e-01 -9.164000e-01 3.558288e-03
    outer loop
      vertex 4.870245e-02 9.259025e-02 -9.518797e-02
      vertex 4.852862e-02 9.268169e-02 -9.119280e-02
      vertex 3.965471e-02 9.654020e-02 -9.563910e-02
    endloop
  endfacet
  facet normal -3.983367e-01 -9.172387e-01 -9.836056e-04
    outer loop
      vertex 3.965471e-02 9.654020e-02 -9.563910e-02
      vertex 4.852862e-02 9.268169e-02 -9.119280e-02
      vertex 3.947256e-02 9.661502e-02 -9.164395e-02
    endloop
  endfacet
  facet normal 4.051058e-02 -2.130856e-02 -9.989519e-01
    outer loop
      vertex 4.852862e-02 9.268169e-02 -9.119280e-02
      vertex 4.154571e-02 7.940618e-02 -9.119280e-02
      vertex 3.947256e-02 9.661502e-02 -9.164395e-02
    endloop
  endfacet
  facet normal 4.928033e-02 -2.024232e-02 -9.985798e-01
    outer loop
      vertex 4.154571e-02 7.940618e-02 -9.119280e-02
      vertex 3.377325e-02 8.273994e-02 -9.164395e-02
      vertex 3.947256e-02 9.661502e-02 -9.164395e-02
    endloop
  endfacet
  facet normal -4.243799e-02 1.743177e-02 9.989470e-01
    outer loop
      vertex 3.965471e-02 9.654020e-02 -9.563910e-02
      vertex 3.029697e-02 9.961098e-02 -9.609023e-02
      vertex 3.395540e-02 8.266512e-02 -9.563910e-02
    endloop
  endfacet
  facet normal -5.111830e-02 1.554778e-02 9.985716e-01
    outer loop
      vertex 3.395540e-02 8.266512e-02 -9.563910e-02
      vertex 3.029697e-02 9.961098e-02 -9.609023e-02
      vertex 2.593211e-02 8.526009e-02 -9.609023e-02
    endloop
  endfacet
  facet normal 3.079253e-01 9.514030e-01 -3.778461e-03
    outer loop
      vertex 3.395540e-02 8.266512e-02 -9.563910e-02
      vertex 2.593211e-02 8.526009e-02 -9.609023e-02
      vertex 3.377325e-02 8.273994e-02 -9.164395e-02
    endloop
  endfacet
  facet normal 3.055974e-01 9.521605e-01 7.562418e-04
    outer loop
      vertex 3.377325e-02 8.273994e-02 -9.164395e-02
      vertex 2.593211e-02 8.526009e-02 -9.609023e-02
      vertex 2.574322e-02 8.531755e-02 -9.209510e-02
    endloop
  endfacet
  facet normal -3.119492e-01 -9.500921e-01 3.570444e-03
    outer loop
      vertex 3.965471e-02 9.654020e-02 -9.563910e-02
      vertex 3.947256e-02 9.661502e-02 -9.164395e-02
      vertex 3.029697e-02 9.961098e-02 -9.609023e-02
    endloop
  endfacet
  facet normal -3.099576e-01 -9.507499e-01 -9.826793e-04
    outer loop
      vertex 3.029697e-02 9.961098e-02 -9.609023e-02
      vertex 3.947256e-02 9.661502e-02 -9.164395e-02
      vertex 3.010808e-02 9.966843e-02 -9.209510e-02
    endloop
  endfacet
  facet normal 4.244195e-02 -1.743339e-02 -9.989468e-01
    outer loop
      vertex 3.947256e-02 9.661502e-02 -9.164395e-02
      vertex 3.377325e-02 8.273994e-02 -9.164395e-02
      vertex 3.010808e-02 9.966843e-02 -9.209510e-02
    endloop
  endfacet
  facet normal 5.111276e-02 -1.554610e-02 -9.985719e-01
    outer loop
      vertex 3.377325e-02 8.273994e-02 -9.164395e-02
      vertex 2.574322e-02 8.531755e-02 -9.209510e-02
      vertex 3.010808e-02 9.966843e-02 -9.209510e-02
    endloop
  endfacet
  facet normal -4.399896e-02 1.338241e-02 9.989419e-01
    outer loop
      vertex 3.029697e-02 9.961098e-02 -9.609023e-02
      vertex 2.071421e-02 1.017794e-01 -9.654135e-02
      vertex 2.593211e-02 8.526009e-02 -9.609023e-02
    endloop
  endfacet
  facet normal -5.250396e-02 1.068564e-02 9.985635e-01
    outer loop
      vertex 2.593211e-02 8.526009e-02 -9.609023e-02
      vertex 2.071421e-02 1.017794e-01 -9.654135e-02
      vertex 1.772273e-02 8.708074e-02 -9.654135e-02
    endloop
  endfacet
  facet normal 2.167129e-01 9.762280e-01 -3.792315e-03
    outer loop
      vertex 2.593211e-02 8.526009e-02 -9.609023e-02
      vertex 1.772273e-02 8.708074e-02 -9.654135e-02
      vertex 2.574322e-02 8.531755e-02 -9.209510e-02
    endloop
  endfacet
  facet normal 2.143110e-01 9.767652e-01 7.534795e-04
    outer loop
      vertex 2.574322e-02 8.531755e-02 -9.209510e-02
      vertex 1.772273e-02 8.708074e-02 -9.654135e-02
      vertex 1.752876e-02 8.712022e-02 -9.254625e-02
    endloop
  endfacet
  facet normal -2.208640e-01 -9.752980e-01 3.582677e-03
    outer loop
      vertex 3.029697e-02 9.961098e-02 -9.609023e-02
      vertex 3.010808e-02 9.966843e-02 -9.209510e-02
      vertex 2.071421e-02 1.017794e-01 -9.654135e-02
    endloop
  endfacet
  facet normal -2.188090e-01 -9.757672e-01 -9.817302e-04
    outer loop
      vertex 2.071421e-02 1.017794e-01 -9.654135e-02
      vertex 3.010808e-02 9.966843e-02 -9.209510e-02
      vertex 2.052024e-02 1.018189e-01 -9.254625e-02
    endloop
  endfacet
  facet normal 4.400309e-02 -1.338367e-02 -9.989417e-01
    outer loop
      vertex 3.010808e-02 9.966843e-02 -9.209510e-02
      vertex 2.574322e-02 8.531755e-02 -9.209510e-02
      vertex 2.052024e-02 1.018189e-01 -9.254625e-02
    endloop
  endfacet
  facet normal 5.249823e-02 -1.068447e-02 -9.985639e-01
    outer loop
      vertex 2.574322e-02 8.531755e-02 -9.209510e-02
      vertex 1.752876e-02 8.712022e-02 -9.254625e-02
      vertex 2.052024e-02 1.018189e-01 -9.254625e-02
    endloop
  endfacet
  facet normal -4.517403e-02 9.193847e-03 9.989368e-01
    outer loop
      vertex 2.071421e-02 1.017794e-01 -9.654135e-02
      vertex 1.099301e-02 1.030305e-01 -9.699248e-02
      vertex 1.772273e-02 8.708074e-02 -9.654135e-02
    endloop
  endfacet
  facet normal -5.342772e-02 5.700558e-03 9.985554e-01
    outer loop
      vertex 1.772273e-02 8.708074e-02 -9.654135e-02
      vertex 1.099301e-02 1.030305e-01 -9.699248e-02
      vertex 9.401589e-03 8.811515e-02 -9.699248e-02
    endloop
  endfacet
  facet normal 1.235635e-01 9.923294e-01 -3.806265e-03
    outer loop
      vertex 1.772273e-02 8.708074e-02 -9.654135e-02
      vertex 9.401589e-03 8.811515e-02 -9.699248e-02
      vertex 1.752876e-02 8.712022e-02 -9.254625e-02
    endloop
  endfacet
  facet normal 1.211083e-01 9.926390e-01 7.506747e-04
    outer loop
      vertex 1.752876e-02 8.712022e-02 -9.254625e-02
      vertex 9.401589e-03 8.811515e-02 -9.699248e-02
      vertex 9.204249e-03 8.813620e-02 -9.299741e-02
    endloop
  endfacet
  facet normal -1.278058e-01 -9.917927e-01 3.594988e-03
    outer loop
      vertex 2.071421e-02 1.017794e-01 -9.654135e-02
      vertex 2.052024e-02 1.018189e-01 -9.254625e-02
      vertex 1.099301e-02 1.030305e-01 -9.699248e-02
    endloop
  endfacet
  facet normal -1.257053e-01 -9.920671e-01 -9.807580e-04
    outer loop
      vertex 1.099301e-02 1.030305e-01 -9.699248e-02
      vertex 2.052024e-02 1.018189e-01 -9.254625e-02
      vertex 1.079567e-02 1.030515e-01 -9.299741e-02
    endloop
  endfacet
  facet normal 4.517829e-02 -9.194714e-03 -9.989366e-01
    outer loop
      vertex 2.052024e-02 1.018189e-01 -9.254625e-02
      vertex 1.752876e-02 8.712022e-02 -9.254625e-02
      vertex 1.079567e-02 1.030515e-01 -9.299741e-02
    endloop
  endfacet
  facet normal 5.342186e-02 -5.699932e-03 -9.985558e-01
    outer loop
      vertex 1.752876e-02 8.712022e-02 -9.254625e-02
      vertex 9.204249e-03 8.813620e-02 -9.299741e-02
      vertex 1.079567e-02 1.030515e-01 -9.299741e-02
    endloop
  endfacet
  facet normal -4.595083e-02 4.902799e-03 9.989317e-01
    outer loop
      vertex 1.099301e-02 1.030305e-01 -9.699248e-02
      vertex 1.220760e-03 1.033575e-01 -9.744361e-02
      vertex 9.401589e-03 8.811515e-02 -9.699248e-02
    endloop
  endfacet
  facet normal -5.387874e-02 6.363644e-04 9.985473e-01
    outer loop
      vertex 9.401589e-03 8.811515e-02 -9.699248e-02
      vertex 1.220760e-03 1.033575e-01 -9.744361e-02
      vertex 1.043606e-03 8.835850e-02 -9.744361e-02
    endloop
  endfacet
  facet normal 2.930938e-02 9.995631e-01 -3.820310e-03
    outer loop
      vertex 9.401589e-03 8.811515e-02 -9.699248e-02
      vertex 1.043606e-03 8.835850e-02 -9.744361e-02
      vertex 9.204249e-03 8.813620e-02 -9.299741e-02
    endloop
  endfacet
  facet normal 2.682259e-02 9.996399e-01 7.478267e-04
    outer loop
      vertex 9.204249e-03 8.813620e-02 -9.299741e-02
      vertex 1.043606e-03 8.835850e-02 -9.744361e-02
      vertex 8.446424e-04 8.836085e-02 -9.344856e-02
    endloop
  endfacet
  facet normal -3.360576e-02 -9.994287e-01 3.607378e-03
    outer loop
      vertex 1.099301e-02 1.030305e-01 -9.699248e-02
      vertex 1.079567e-02 1.030515e-01 -9.299741e-02
      vertex 1.220760e-03 1.033575e-01 -9.744361e-02
    endloop
  endfacet
  facet normal -3.147808e-02 -9.995040e-01 -9.797623e-04
    outer loop
      vertex 1.220760e-03 1.033575e-01 -9.744361e-02
      vertex 1.079567e-02 1.030515e-01 -9.299741e-02
      vertex 1.021796e-03 1.033598e-01 -9.344856e-02
    endloop
  endfacet
  facet normal 4.595519e-02 -4.903264e-03 -9.989315e-01
    outer loop
      vertex 1.079567e-02 1.030515e-01 -9.299741e-02
      vertex 9.204249e-03 8.813620e-02 -9.299741e-02
      vertex 1.021796e-03 1.033598e-01 -9.344856e-02
    endloop
  endfacet
  facet normal 5.387279e-02 -6.362942e-04 -9.985476e-01
    outer loop
      vertex 9.204249e-03 8.813620e-02 -9.299741e-02
      vertex 8.446424e-04 8.836085e-02 -9.344856e-02
      vertex 1.021796e-03 1.033598e-01 -9.344856e-02
    endloop
  endfacet
  facet normal -4.632050e-02 5.470936e-04 9.989265e-01
    outer loop
      vertex 1.220760e-03 1.033575e-01 -9.744361e-02
      vertex -8.515090e-03 1.027618e-01 -9.789474e-02
      vertex 1.043606e-03 8.835850e-02 -9.744361e-02
    endloop
  endfacet
  facet normal -5.385032e-02 -4.462165e-03 9.985390e-01
    outer loop
      vertex 1.043606e-03 8.835850e-02 -9.744361e-02
      vertex -8.515090e-03 1.027618e-01 -9.789474e-02
      vertex -7.276399e-03 8.781308e-02 -9.789474e-02
    endloop
  endfacet
  facet normal -6.520707e-02 9.978644e-01 -3.834451e-03
    outer loop
      vertex 1.043606e-03 8.835850e-02 -9.744361e-02
      vertex -7.276399e-03 8.781308e-02 -9.789474e-02
      vertex 8.446424e-04 8.836085e-02 -9.344856e-02
    endloop
  endfacet
  facet normal -6.770350e-02 9.977052e-01 7.449350e-04
    outer loop
      vertex 8.446424e-04 8.836085e-02 -9.344856e-02
      vertex -7.276399e-03 8.781308e-02 -9.789474e-02
      vertex -7.475216e-03 8.779661e-02 -9.389971e-02
    endloop
  endfacet
  facet normal 6.089474e-02 -9.981376e-01 3.619846e-03
    outer loop
      vertex 1.220760e-03 1.033575e-01 -9.744361e-02
      vertex 1.021796e-03 1.033598e-01 -9.344856e-02
      vertex -8.515090e-03 1.027618e-01 -9.789474e-02
    endloop
  endfacet
  facet normal 6.303071e-02 -9.980111e-01 -9.787428e-04
    outer loop
      vertex -8.515090e-03 1.027618e-01 -9.789474e-02
      vertex 1.021796e-03 1.033598e-01 -9.344856e-02
      vertex -8.713906e-03 1.027454e-01 -9.389971e-02
    endloop
  endfacet
  facet normal 4.632491e-02 -5.471457e-04 -9.989263e-01
    outer loop
      vertex 1.021796e-03 1.033598e-01 -9.344856e-02
      vertex 8.446424e-04 8.836085e-02 -9.344856e-02
      vertex -8.713906e-03 1.027454e-01 -9.389971e-02
    endloop
  endfacet
  facet normal 5.384435e-02 4.461670e-03 -9.985394e-01
    outer loop
      vertex 8.446424e-04 8.836085e-02 -9.344856e-02
      vertex -7.475216e-03 8.779661e-02 -9.389971e-02
      vertex -8.713906e-03 1.027454e-01 -9.389971e-02
    endloop
  endfacet
  facet normal -4.627775e-02 -3.834684e-03 9.989213e-01
    outer loop
      vertex -8.515090e-03 1.027618e-01 -9.789474e-02
      vertex -1.812785e-02 1.012535e-01 -9.834586e-02
      vertex -7.276399e-03 8.781308e-02 -9.789474e-02
    endloop
  endfacet
  facet normal -5.334000e-02 -9.549695e-03 9.985307e-01
    outer loop
      vertex -7.276399e-03 8.781308e-02 -9.789474e-02
      vertex -1.812785e-02 1.012535e-01 -9.834586e-02
      vertex -1.548437e-02 8.648822e-02 -9.834586e-02
    endloop
  endfacet
  facet normal -1.591413e-01 9.872483e-01 -3.848690e-03
    outer loop
      vertex -7.276399e-03 8.781308e-02 -9.789474e-02
      vertex -1.548437e-02 8.648822e-02 -9.834586e-02
      vertex -7.475216e-03 8.779661e-02 -9.389971e-02
    endloop
  endfacet
  facet normal -1.616250e-01 9.868520e-01 7.419991e-04
    outer loop
      vertex -7.475216e-03 8.779661e-02 -9.389971e-02
      vertex -1.548437e-02 8.648822e-02 -9.834586e-02
      vertex -1.568126e-02 8.645297e-02 -9.435087e-02
    endloop
  endfacet
  facet normal 1.548516e-01 -9.879311e-01 3.632395e-03
    outer loop
      vertex -8.515090e-03 1.027618e-01 -9.789474e-02
      vertex -8.713906e-03 1.027454e-01 -9.389971e-02
      vertex -1.812785e-02 1.012535e-01 -9.834586e-02
    endloop
  endfacet
  facet normal 1.569767e-01 -9.876018e-01 -9.776993e-04
    outer loop
      vertex -1.812785e-02 1.012535e-01 -9.834586e-02
      vertex -8.713906e-03 1.027454e-01 -9.389971e-02
      vertex -1.832474e-02 1.012182e-01 -9.435087e-02
    endloop
  endfacet
  facet normal 4.628218e-02 3.835051e-03 -9.989210e-01
    outer loop
      vertex -8.713906e-03 1.027454e-01 -9.389971e-02
      vertex -7.475216e-03 8.779661e-02 -9.389971e-02
      vertex -1.832474e-02 1.012182e-01 -9.435087e-02
    endloop
  endfacet
  facet normal 5.333405e-02 9.548629e-03 -9.985311e-01
    outer loop
      vertex -7.475216e-03 8.779661e-02 -9.389971e-02
      vertex -1.568126e-02 8.645297e-02 -9.435087e-02
      vertex -1.832474e-02 1.012182e-01 -9.435087e-02
    endloop
  endfacet
  facet normal -4.582096e-02 -8.203528e-03 9.989160e-01
    outer loop
      vertex -1.812785e-02 1.012535e-01 -9.834586e-02
      vertex -2.753235e-02 9.885015e-02 -9.879699e-02
      vertex -1.548437e-02 8.648822e-02 -9.834586e-02
    endloop
  endfacet
  facet normal -5.234960e-02 -1.458073e-02 9.985224e-01
    outer loop
      vertex -1.548437e-02 8.648822e-02 -9.834586e-02
      vertex -2.753235e-02 9.885015e-02 -9.879699e-02
      vertex -2.350766e-02 8.440018e-02 -9.879699e-02
    endloop
  endfacet
  facet normal -2.516537e-01 9.678096e-01 -3.863028e-03
    outer loop
      vertex -1.548437e-02 8.648822e-02 -9.834586e-02
      vertex -2.350766e-02 8.440018e-02 -9.879699e-02
      vertex -1.568126e-02 8.645297e-02 -9.435087e-02
    endloop
  endfacet
  facet normal -2.541022e-01 9.671771e-01 7.390182e-04
    outer loop
      vertex -1.568126e-02 8.645297e-02 -9.435087e-02
      vertex -2.350766e-02 8.440018e-02 -9.879699e-02
      vertex -2.370085e-02 8.434637e-02 -9.480202e-02
    endloop
  endfacet
  facet normal 2.474256e-01 -9.689000e-01 3.645025e-03
    outer loop
      vertex -1.812785e-02 1.012535e-01 -9.834586e-02
      vertex -1.832474e-02 1.012182e-01 -9.435087e-02
      vertex -2.753235e-02 9.885015e-02 -9.879699e-02
    endloop
  endfacet
  facet normal 2.495207e-01 -9.683690e-01 -9.766312e-04
    outer loop
      vertex -2.753235e-02 9.885015e-02 -9.879699e-02
      vertex -1.832474e-02 1.012182e-01 -9.435087e-02
      vertex -2.772554e-02 9.879634e-02 -9.480202e-02
    endloop
  endfacet
  facet normal 4.582537e-02 8.204318e-03 -9.989158e-01
    outer loop
      vertex -1.832474e-02 1.012182e-01 -9.435087e-02
      vertex -1.568126e-02 8.645297e-02 -9.435087e-02
      vertex -2.772554e-02 9.879634e-02 -9.480202e-02
    endloop
  endfacet
  facet normal 5.234372e-02 1.457910e-02 -9.985227e-01
    outer loop
      vertex -1.568126e-02 8.645297e-02 -9.435087e-02
      vertex -2.370085e-02 8.434637e-02 -9.480202e-02
      vertex -2.772554e-02 9.879634e-02 -9.480202e-02
    endloop
  endfacet
  facet normal -4.495219e-02 -1.252036e-02 9.989107e-01
    outer loop
      vertex -2.753235e-02 9.885015e-02 -9.879699e-02
      vertex -3.664569e-02 9.557774e-02 -9.924812e-02
      vertex -2.350766e-02 8.440018e-02 -9.879699e-02
    endloop
  endfacet
  facet normal -5.088523e-02 -1.951003e-02 9.985139e-01
    outer loop
      vertex -2.350766e-02 8.440018e-02 -9.879699e-02
      vertex -3.664569e-02 9.557774e-02 -9.924812e-02
      vertex -3.127569e-02 8.157192e-02 -9.924812e-02
    endloop
  endfacet
  facet normal -3.419177e-01 9.397219e-01 -3.877465e-03
    outer loop
      vertex -2.350766e-02 8.440018e-02 -9.879699e-02
      vertex -3.127569e-02 8.157192e-02 -9.924812e-02
      vertex -2.370085e-02 8.434637e-02 -9.480202e-02
    endloop
  endfacet
  facet normal -3.443086e-01 9.388563e-01 7.359918e-04
    outer loop
      vertex -2.370085e-02 8.434637e-02 -9.480202e-02
      vertex -3.127569e-02 8.157192e-02 -9.924812e-02
      vertex -3.146343e-02 8.149993e-02 -9.525318e-02
    endloop
  endfacet
  facet normal 3.377898e-01 -9.412145e-01 3.657736e-03
    outer loop
      vertex -2.753235e-02 9.885015e-02 -9.879699e-02
      vertex -2.772554e-02 9.879634e-02 -9.480202e-02
      vertex -3.664569e-02 9.557774e-02 -9.924812e-02
    endloop
  endfacet
  facet normal 3.398357e-01 -9.404843e-01 -9.755384e-04
    outer loop
      vertex -3.664569e-02 9.557774e-02 -9.924812e-02
      vertex -2.772554e-02 9.879634e-02 -9.480202e-02
      vertex -3.683344e-02 9.550575e-02 -9.525318e-02
    endloop
  endfacet
  facet normal 4.495654e-02 1.252157e-02 -9.989105e-01
    outer loop
      vertex -2.772554e-02 9.879634e-02 -9.480202e-02
      vertex -2.370085e-02 8.434637e-02 -9.480202e-02
      vertex -3.683344e-02 9.550575e-02 -9.525318e-02
    endloop
  endfacet
  facet normal 5.087948e-02 1.950783e-02 -9.985143e-01
    outer loop
      vertex -2.370085e-02 8.434637e-02 -9.480202e-02
      vertex -3.146343e-02 8.149993e-02 -9.525318e-02
      vertex -3.683344e-02 9.550575e-02 -9.525318e-02
    endloop
  endfacet
  facet normal -4.367718e-02 -1.674637e-02 9.989053e-01
    outer loop
      vertex -3.664569e-02 9.557774e-02 -9.924812e-02
      vertex -4.538797e-02 9.146965e-02 -9.969925e-02
      vertex -3.127569e-02 8.157192e-02 -9.924812e-02
    endloop
  endfacet
  facet normal -4.895725e-02 -2.429298e-02 9.985054e-01
    outer loop
      vertex -3.127569e-02 8.157192e-02 -9.924812e-02
      vertex -4.538797e-02 9.146965e-02 -9.969925e-02
      vertex -3.872056e-02 7.803292e-02 -9.969925e-02
    endloop
  endfacet
  facet normal -4.291266e-01 9.032360e-01 -3.892002e-03
    outer loop
      vertex -3.127569e-02 8.157192e-02 -9.924812e-02
      vertex -3.872056e-02 7.803292e-02 -9.969925e-02
      vertex -3.146343e-02 8.149993e-02 -9.525318e-02
    endloop
  endfacet
  facet normal -4.314376e-01 9.021425e-01 7.329192e-04
    outer loop
      vertex -3.146343e-02 8.149993e-02 -9.525318e-02
      vertex -3.872056e-02 7.803292e-02 -9.969925e-02
      vertex -3.890116e-02 7.794331e-02 -9.570433e-02
    endloop
  endfacet
  facet normal 4.251370e-01 -9.051216e-01 3.670529e-03
    outer loop
      vertex -3.664569e-02 9.557774e-02 -9.924812e-02
      vertex -3.683344e-02 9.550575e-02 -9.525318e-02
      vertex -4.538797e-02 9.146965e-02 -9.969925e-02
    endloop
  endfacet
  facet normal 4.271148e-01 -9.041969e-01 -9.744205e-04
    outer loop
      vertex -4.538797e-02 9.146965e-02 -9.969925e-02
      vertex -3.683344e-02 9.550575e-02 -9.525318e-02
      vertex -4.556857e-02 9.138003e-02 -9.570433e-02
    endloop
  endfacet
  facet normal 4.368144e-02 1.674800e-02 -9.989051e-01
    outer loop
      vertex -3.683344e-02 9.550575e-02 -9.525318e-02
      vertex -3.146343e-02 8.149993e-02 -9.525318e-02
      vertex -4.556857e-02 9.138003e-02 -9.570433e-02
    endloop
  endfacet
  facet normal 4.895169e-02 2.429022e-02 -9.985057e-01
    outer loop
      vertex -3.146343e-02 8.149993e-02 -9.525318e-02
      vertex -3.890116e-02 7.794331e-02 -9.570433e-02
      vertex -4.556857e-02 9.138003e-02 -9.570433e-02
    endloop
  endfacet
  facet normal -4.200533e-02 -2.084338e-02 9.988999e-01
    outer loop
      vertex -4.538797e-02 9.146965e-02 -9.969925e-02
      vertex -5.368301e-02 8.656661e-02 -1.001504e-01
      vertex -3.872056e-02 7.803292e-02 -9.969925e-02
    endloop
  endfacet
  facet normal -4.658024e-02 -2.888605e-02 9.984968e-01
    outer loop
      vertex -3.872056e-02 7.803292e-02 -9.969925e-02
      vertex -5.368301e-02 8.656661e-02 -1.001504e-01
      vertex -4.577767e-02 7.381884e-02 -1.001504e-01
    endloop
  endfacet
  facet normal -5.125008e-01 8.586779e-01 -3.906641e-03
    outer loop
      vertex -3.872056e-02 7.803292e-02 -9.969925e-02
      vertex -4.577767e-02 7.381884e-02 -1.001504e-01
      vertex -3.890116e-02 7.794331e-02 -9.570433e-02
    endloop
  endfacet
  facet normal -5.147104e-01 8.573638e-01 7.297998e-04
    outer loop
      vertex -3.890116e-02 7.794331e-02 -9.570433e-02
      vertex -4.577767e-02 7.381884e-02 -1.001504e-01
      vertex -4.594946e-02 7.371231e-02 -9.615549e-02
    endloop
  endfacet
  facet normal 5.086870e-01 -8.609437e-01 3.683405e-03
    outer loop
      vertex -4.538797e-02 9.146965e-02 -9.969925e-02
      vertex -4.556857e-02 9.138003e-02 -9.570433e-02
      vertex -5.368301e-02 8.656661e-02 -1.001504e-01
    endloop
  endfacet
  facet normal 5.105783e-01 -8.598307e-01 -9.732770e-04
    outer loop
      vertex -5.368301e-02 8.656661e-02 -1.001504e-01
      vertex -4.556857e-02 9.138003e-02 -9.570433e-02
      vertex -5.385480e-02 8.646008e-02 -9.615549e-02
    endloop
  endfacet
  facet normal 4.200944e-02 2.084542e-02 -9.988997e-01
    outer loop
      vertex -4.556857e-02 9.138003e-02 -9.570433e-02
      vertex -3.890116e-02 7.794331e-02 -9.570433e-02
      vertex -5.385480e-02 8.646008e-02 -9.615549e-02
    endloop
  endfacet
  facet normal 4.657492e-02 2.888275e-02 -9.984972e-01
    outer loop
      vertex -3.890116e-02 7.794331e-02 -9.570433e-02
      vertex -4.594946e-02 7.371231e-02 -9.615549e-02
      vertex -5.385480e-02 8.646008e-02 -9.615549e-02
    endloop
  endfacet
  facet normal -3.994962e-02 -2.477417e-02 9.988945e-01
    outer loop
      vertex -5.368301e-02 8.656661e-02 -1.001504e-01
      vertex -6.145897e-02 8.091627e-02 -1.006015e-01
      vertex -4.577767e-02 7.381884e-02 -1.001504e-01
    endloop
  endfacet
  facet normal -4.377282e-02 -3.324712e-02 9.984881e-01
    outer loop
      vertex -4.577767e-02 7.381884e-02 -1.001504e-01
      vertex -6.145897e-02 8.091627e-02 -1.006015e-01
      vertex -5.238622e-02 6.897118e-02 -1.006015e-01
    endloop
  endfacet
  facet normal -5.912953e-01 8.064456e-01 -3.921383e-03
    outer loop
      vertex -4.577767e-02 7.381884e-02 -1.001504e-01
      vertex -5.238622e-02 6.897118e-02 -1.006015e-01
      vertex -4.594946e-02 7.371231e-02 -9.615549e-02
    endloop
  endfacet
  facet normal -5.933824e-01 8.049204e-01 7.266330e-04
    outer loop
      vertex -4.594946e-02 7.371231e-02 -9.615549e-02
      vertex -5.238622e-02 6.897118e-02 -1.006015e-01
      vertex -5.254762e-02 6.884859e-02 -9.660664e-02
    endloop
  endfacet
  facet normal 5.876934e-01 -8.090753e-01 3.696365e-03
    outer loop
      vertex -5.368301e-02 8.656661e-02 -1.001504e-01
      vertex -5.385480e-02 8.646008e-02 -9.615549e-02
      vertex -6.145897e-02 8.091627e-02 -1.006015e-01
    endloop
  endfacet
  facet normal 5.894802e-01 -8.077822e-01 -9.721077e-04
    outer loop
      vertex -6.145897e-02 8.091627e-02 -1.006015e-01
      vertex -5.385480e-02 8.646008e-02 -9.615549e-02
      vertex -6.162037e-02 8.079368e-02 -9.660664e-02
    endloop
  endfacet
  facet normal 3.995355e-02 2.477661e-02 -9.988943e-01
    outer loop
      vertex -5.385480e-02 8.646008e-02 -9.615549e-02
      vertex -4.594946e-02 7.371231e-02 -9.615549e-02
      vertex -6.162037e-02 8.079368e-02 -9.660664e-02
    endloop
  endfacet
  facet normal 4.376780e-02 3.324330e-02 -9.984885e-01
    outer loop
      vertex -4.594946e-02 7.371231e-02 -9.615549e-02
      vertex -5.254762e-02 6.884859e-02 -9.660664e-02
      vertex -6.162037e-02 8.079368e-02 -9.660664e-02
    endloop
  endfacet
  facet normal -3.752651e-02 -2.850280e-02 9.988891e-01
    outer loop
      vertex -6.145897e-02 8.091627e-02 -1.006015e-01
      vertex -6.864902e-02 7.457272e-02 -1.010526e-01
      vertex -5.238622e-02 6.897118e-02 -1.006015e-01
    endloop
  endfacet
  facet normal -4.055761e-02 -3.733591e-02 9.984794e-01
    outer loop
      vertex -5.238622e-02 6.897118e-02 -1.006015e-01
      vertex -6.864902e-02 7.457272e-02 -1.010526e-01
      vertex -5.848980e-02 6.353686e-02 -1.010526e-01
    endloop
  endfacet
  facet normal -6.648058e-01 7.470058e-01 -3.936228e-03
    outer loop
      vertex -5.238622e-02 6.897118e-02 -1.006015e-01
      vertex -5.848980e-02 6.353686e-02 -1.010526e-01
      vertex -5.254762e-02 6.884859e-02 -9.660664e-02
    endloop
  endfacet
  facet normal -6.667503e-01 7.452809e-01 7.234181e-04
    outer loop
      vertex -5.254762e-02 6.884859e-02 -9.660664e-02
      vertex -5.848980e-02 6.353686e-02 -1.010526e-01
      vertex -5.863931e-02 6.339922e-02 -9.705780e-02
    endloop
  endfacet
  facet normal 6.614505e-01 -7.499797e-01 3.709409e-03
    outer loop
      vertex -6.145897e-02 8.091627e-02 -1.006015e-01
      vertex -6.162037e-02 8.079368e-02 -9.660664e-02
      vertex -6.864902e-02 7.457272e-02 -1.010526e-01
    endloop
  endfacet
  facet normal 6.631158e-01 -7.485162e-01 -9.709122e-04
    outer loop
      vertex -6.864902e-02 7.457272e-02 -1.010526e-01
      vertex -6.162037e-02 8.079368e-02 -9.660664e-02
      vertex -6.879853e-02 7.443508e-02 -9.705780e-02
    endloop
  endfacet
  facet normal 3.753022e-02 2.850562e-02 -9.988888e-01
    outer loop
      vertex -6.162037e-02 8.079368e-02 -9.660664e-02
      vertex -5.254762e-02 6.884859e-02 -9.660664e-02
      vertex -6.879853e-02 7.443508e-02 -9.705780e-02
    endloop
  endfacet
  facet normal 4.055292e-02 3.733159e-02 -9.984798e-01
    outer loop
      vertex -5.254762e-02 6.884859e-02 -9.660664e-02
      vertex -5.863931e-02 6.339922e-02 -9.705780e-02
      vertex -6.879853e-02 7.443508e-02 -9.705780e-02
    endloop
  endfacet
  facet normal -3.475582e-02 -3.199499e-02 9.988836e-01
    outer loop
      vertex -6.864902e-02 7.457272e-02 -1.010526e-01
      vertex -7.519189e-02 6.759596e-02 -1.015038e-01
      vertex -5.848980e-02 6.353686e-02 -1.010526e-01
    endloop
  endfacet
  facet normal -3.696094e-02 -4.111433e-02 9.984706e-01
    outer loop
      vertex -5.848980e-02 6.353686e-02 -1.010526e-01
      vertex -7.519189e-02 6.759596e-02 -1.015038e-01
      vertex -6.403682e-02 5.756778e-02 -1.015038e-01
    endloop
  endfacet
  facet normal -7.323753e-01 6.808897e-01 -3.951178e-03
    outer loop
      vertex -5.848980e-02 6.353686e-02 -1.010526e-01
      vertex -6.403682e-02 5.756778e-02 -1.015038e-01
      vertex -5.863931e-02 6.339922e-02 -9.705780e-02
    endloop
  endfacet
  facet normal -7.341580e-01 6.789783e-01 7.201544e-04
    outer loop
      vertex -5.863931e-02 6.339922e-02 -9.705780e-02
      vertex -6.403682e-02 5.756778e-02 -1.015038e-01
      vertex -6.417304e-02 5.741625e-02 -9.750895e-02
    endloop
  endfacet
  facet normal 7.292994e-01 -6.841846e-01 3.722539e-03
    outer loop
      vertex -6.864902e-02 7.457272e-02 -1.010526e-01
      vertex -6.879853e-02 7.443508e-02 -9.705780e-02
      vertex -7.519189e-02 6.759596e-02 -1.015038e-01
    endloop
  endfacet
  facet normal 7.308269e-01 -6.825622e-01 -9.696901e-04
    outer loop
      vertex -7.519189e-02 6.759596e-02 -1.015038e-01
      vertex -6.879853e-02 7.443508e-02 -9.705780e-02
      vertex -7.532812e-02 6.744443e-02 -9.750895e-02
    endloop
  endfacet
  facet normal 3.475928e-02 3.199817e-02 -9.988833e-01
    outer loop
      vertex -6.879853e-02 7.443508e-02 -9.705780e-02
      vertex -5.863931e-02 6.339922e-02 -9.705780e-02
      vertex -7.532812e-02 6.744443e-02 -9.750895e-02
    endloop
  endfacet
  facet normal 3.695664e-02 4.110956e-02 -9.984709e-01
    outer loop
      vertex -5.863931e-02 6.339922e-02 -9.705780e-02
      vertex -6.417304e-02 5.741625e-02 -9.750895e-02
      vertex -7.532812e-02 6.744443e-02 -9.750895e-02
    endloop
  endfacet
  facet normal -3.166059e-02 -3.521837e-02 9.988780e-01
    outer loop
      vertex -7.519189e-02 6.759596e-02 -1.015038e-01
      vertex -8.103239e-02 6.005137e-02 -1.019549e-01
      vertex -6.403682e-02 5.756778e-02 -1.015038e-01
    endloop
  endfacet
  facet normal -3.301273e-02 -4.454686e-02 9.984617e-01
    outer loop
      vertex -6.403682e-02 5.756778e-02 -1.015038e-01
      vertex -8.103239e-02 6.005137e-02 -1.019549e-01
      vertex -6.898098e-02 5.112033e-02 -1.019549e-01
    endloop
  endfacet
  facet normal -7.933997e-01 6.086881e-01 -3.966233e-03
    outer loop
      vertex -6.403682e-02 5.756778e-02 -1.015038e-01
      vertex -6.898098e-02 5.112033e-02 -1.019549e-01
      vertex -6.417304e-02 5.741625e-02 -9.750895e-02
    endloop
  endfacet
  facet normal -7.950028e-01 6.066053e-01 7.168412e-04
    outer loop
      vertex -6.417304e-02 5.741625e-02 -9.750895e-02
      vertex -6.898098e-02 5.112033e-02 -1.019549e-01
      vertex -6.910263e-02 5.095619e-02 -9.796011e-02
    endloop
  endfacet
  facet normal 7.906339e-01 -6.122778e-01 3.735754e-03
    outer loop
      vertex -7.519189e-02 6.759596e-02 -1.015038e-01
      vertex -7.532812e-02 6.744443e-02 -9.750895e-02
      vertex -8.103239e-02 6.005137e-02 -1.019549e-01
    endloop
  endfacet
  facet normal 7.920084e-01 -6.105094e-01 -9.684410e-04
    outer loop
      vertex -8.103239e-02 6.005137e-02 -1.019549e-01
      vertex -7.532812e-02 6.744443e-02 -9.750895e-02
      vertex -8.115404e-02 5.988723e-02 -9.796011e-02
    endloop
  endfacet
  facet normal 3.166375e-02 3.522189e-02 -9.988778e-01
    outer loop
      vertex -7.532812e-02 6.744443e-02 -9.750895e-02
      vertex -6.417304e-02 5.741625e-02 -9.750895e-02
      vertex -8.115404e-02 5.988723e-02 -9.796011e-02
    endloop
  endfacet
  facet normal 3.300887e-02 4.454165e-02 -9.984620e-01
    outer loop
      vertex -6.417304e-02 5.741625e-02 -9.750895e-02
      vertex -6.910263e-02 5.095619e-02 -9.796011e-02
      vertex -8.115404e-02 5.988723e-02 -9.796011e-02
    endloop
  endfacet
  facet normal -2.826683e-02 -3.814283e-02 9.988724e-01
    outer loop
      vertex -8.103239e-02 6.005137e-02 -1.019549e-01
      vertex -8.612188e-02 5.200909e-02 -1.024060e-01
      vertex -6.898098e-02 5.112033e-02 -1.019549e-01
    endloop
  endfacet
  facet normal -2.874618e-02 -4.760082e-02 9.984527e-01
    outer loop
      vertex -6.898098e-02 5.112033e-02 -1.019549e-01
      vertex -8.612188e-02 5.200909e-02 -1.024060e-01
      vertex -7.328164e-02 4.425485e-02 -1.024060e-01
    endloop
  endfacet
  facet normal -8.473336e-01 5.310460e-01 -3.981395e-03
    outer loop
      vertex -6.898098e-02 5.112033e-02 -1.019549e-01
      vertex -7.328164e-02 4.425485e-02 -1.024060e-01
      vertex -6.910263e-02 5.095619e-02 -9.796011e-02
    endloop
  endfacet
  facet normal -8.487407e-01 5.288087e-01 7.134779e-04
    outer loop
      vertex -6.910263e-02 5.095619e-02 -9.796011e-02
      vertex -7.328164e-02 4.425485e-02 -1.024060e-01
      vertex -7.338754e-02 4.407949e-02 -9.841126e-02
    endloop
  endfacet
  facet normal 8.449062e-01 -5.349014e-01 3.749057e-03
    outer loop
      vertex -8.103239e-02 6.005137e-02 -1.019549e-01
      vertex -8.115404e-02 5.988723e-02 -9.796011e-02
      vertex -8.612188e-02 5.200909e-02 -1.024060e-01
    endloop
  endfacet
  facet normal 8.461138e-01 -5.330014e-01 -9.671646e-04
    outer loop
      vertex -8.612188e-02 5.200909e-02 -1.024060e-01
      vertex -8.115404e-02 5.988723e-02 -9.796011e-02
      vertex -8.622778e-02 5.183373e-02 -9.841126e-02
    endloop
  endfacet
  facet normal 2.826967e-02 3.814666e-02 -9.988722e-01
    outer loop
      vertex -8.115404e-02 5.988723e-02 -9.796011e-02
      vertex -6.910263e-02 5.095619e-02 -9.796011e-02
      vertex -8.622778e-02 5.183373e-02 -9.841126e-02
    endloop
  endfacet
  facet normal 2.874280e-02 4.759523e-02 -9.984531e-01
    outer loop
      vertex -6.910263e-02 5.095619e-02 -9.796011e-02
      vertex -7.338754e-02 4.407949e-02 -9.841126e-02
      vertex -8.622778e-02 5.183373e-02 -9.841126e-02
    endloop
  endfacet
  facet normal -2.460338e-02 -4.074075e-02 9.988668e-01
    outer loop
      vertex -8.612188e-02 5.200909e-02 -1.024060e-01
      vertex -9.041866e-02 4.354333e-02 -1.028571e-01
      vertex -7.328164e-02 4.425485e-02 -1.024060e-01
    endloop
  endfacet
  facet normal -2.419756e-02 -5.024674e-02 9.984437e-01
    outer loop
      vertex -7.328164e-02 4.425485e-02 -1.024060e-01
      vertex -9.041866e-02 4.354333e-02 -1.028571e-01
      vertex -7.690413e-02 3.703508e-02 -1.028571e-01
    endloop
  endfacet
  facet normal -8.936949e-01 4.486574e-01 -3.996665e-03
    outer loop
      vertex -7.328164e-02 4.425485e-02 -1.024060e-01
      vertex -7.690413e-02 3.703508e-02 -1.028571e-01
      vertex -7.338754e-02 4.407949e-02 -9.841126e-02
    endloop
  endfacet
  facet normal -8.948911e-01 4.462840e-01 7.100637e-04
    outer loop
      vertex -7.338754e-02 4.407949e-02 -9.841126e-02
      vertex -7.690413e-02 3.703508e-02 -1.028571e-01
      vertex -7.699325e-02 3.685001e-02 -9.886242e-02
    endloop
  endfacet
  facet normal 8.916312e-01 -4.527467e-01 3.762448e-03
    outer loop
      vertex -8.612188e-02 5.200909e-02 -1.024060e-01
      vertex -8.622778e-02 5.183373e-02 -9.841126e-02
      vertex -9.041866e-02 4.354333e-02 -1.028571e-01
    endloop
  endfacet
  facet normal 8.926594e-01 -4.507308e-01 -9.658605e-04
    outer loop
      vertex -9.041866e-02 4.354333e-02 -1.028571e-01
      vertex -8.622778e-02 5.183373e-02 -9.841126e-02
      vertex -9.050778e-02 4.335827e-02 -9.886242e-02
    endloop
  endfacet
  facet normal 2.460587e-02 4.074487e-02 -9.988666e-01
    outer loop
      vertex -8.622778e-02 5.183373e-02 -9.841126e-02
      vertex -7.338754e-02 4.407949e-02 -9.841126e-02
      vertex -9.050778e-02 4.335827e-02 -9.886242e-02
    endloop
  endfacet
  facet normal 2.419469e-02 5.024080e-02 -9.984440e-01
    outer loop
      vertex -7.338754e-02 4.407949e-02 -9.841126e-02
      vertex -7.699325e-02 3.685001e-02 -9.886242e-02
      vertex -9.050778e-02 4.335827e-02 -9.886242e-02
    endloop
  endfacet
  facet normal -2.070160e-02 -4.298731e-02 9.988611e-01
    outer loop
      vertex -9.041866e-02 4.354333e-02 -1.028571e-01
      vertex -9.388834e-02 3.473175e-02 -1.033083e-01
      vertex -7.690413e-02 3.703508e-02 -1.028571e-01
    endloop
  endfacet
  facet normal -1.940581e-02 -5.245861e-02 9.984345e-01
    outer loop
      vertex -7.690413e-02 3.703508e-02 -1.028571e-01
      vertex -9.388834e-02 3.473175e-02 -1.033083e-01
      vertex -7.982007e-02 2.952753e-02 -1.033083e-01
    endloop
  endfacet
  facet normal -9.320691e-01 3.622584e-01 -4.012044e-03
    outer loop
      vertex -7.690413e-02 3.703508e-02 -1.028571e-01
      vertex -7.982007e-02 2.952753e-02 -1.033083e-01
      vertex -7.699325e-02 3.685001e-02 -9.886242e-02
    endloop
  endfacet
  facet normal -9.330412e-01 3.597688e-01 7.065980e-04
    outer loop
      vertex -7.699325e-02 3.685001e-02 -9.886242e-02
      vertex -7.982007e-02 2.952753e-02 -1.033083e-01
      vertex -7.989153e-02 2.933437e-02 -9.931358e-02
    endloop
  endfacet
  facet normal 9.303917e-01 -3.665474e-01 3.775927e-03
    outer loop
      vertex -9.041866e-02 4.354333e-02 -1.028571e-01
      vertex -9.050778e-02 4.335827e-02 -9.886242e-02
      vertex -9.388834e-02 3.473175e-02 -1.033083e-01
    endloop
  endfacet
  facet normal 9.312293e-01 -3.644325e-01 -9.645282e-04
    outer loop
      vertex -9.388834e-02 3.473175e-02 -1.033083e-01
      vertex -9.050778e-02 4.335827e-02 -9.886242e-02
      vertex -9.395980e-02 3.453858e-02 -9.931358e-02
    endloop
  endfacet
  facet normal 2.070370e-02 4.299168e-02 -9.988609e-01
    outer loop
      vertex -9.050778e-02 4.335827e-02 -9.886242e-02
      vertex -7.699325e-02 3.685001e-02 -9.886242e-02
      vertex -9.395980e-02 3.453858e-02 -9.931358e-02
    endloop
  endfacet
  facet normal 1.940350e-02 5.245237e-02 -9.984349e-01
    outer loop
      vertex -7.699325e-02 3.685001e-02 -9.886242e-02
      vertex -7.989153e-02 2.933437e-02 -9.931358e-02
      vertex -9.395980e-02 3.453858e-02 -9.931358e-02
    endloop
  endfacet
  facet normal -1.659514e-02 -4.486069e-02 9.988554e-01
    outer loop
      vertex -9.388834e-02 3.473175e-02 -1.033083e-01
      vertex -9.650407e-02 2.565470e-02 -1.037594e-01
      vertex -7.982007e-02 2.952753e-02 -1.033083e-01
    endloop
  endfacet
  facet normal -1.441231e-02 -5.421413e-02 9.984253e-01
    outer loop
      vertex -7.982007e-02 2.952753e-02 -1.033083e-01
      vertex -9.650407e-02 2.565470e-02 -1.037594e-01
      vertex -8.200757e-02 2.180094e-02 -1.037594e-01
    endloop
  endfacet
  facet normal -9.621130e-01 2.726213e-01 -4.027532e-03
    outer loop
      vertex -7.982007e-02 2.952753e-02 -1.033083e-01
      vertex -8.200757e-02 2.180094e-02 -1.037594e-01
      vertex -7.989153e-02 2.933437e-02 -9.931358e-02
    endloop
  endfacet
  facet normal -9.628498e-01 2.700365e-01 7.030799e-04
    outer loop
      vertex -7.989153e-02 2.933437e-02 -9.931358e-02
      vertex -8.200757e-02 2.180094e-02 -1.037594e-01
      vertex -8.206063e-02 2.160135e-02 -9.976473e-02
    endloop
  endfacet
  facet normal 9.608413e-01 -2.770735e-01 3.789495e-03
    outer loop
      vertex -9.388834e-02 3.473175e-02 -1.033083e-01
      vertex -9.395980e-02 3.453858e-02 -9.931358e-02
      vertex -9.650407e-02 2.565470e-02 -1.037594e-01
    endloop
  endfacet
  facet normal 9.614787e-01 -2.748776e-01 -9.631675e-04
    outer loop
      vertex -9.650407e-02 2.565470e-02 -1.037594e-01
      vertex -9.395980e-02 3.453858e-02 -9.931358e-02
      vertex -9.655713e-02 2.545511e-02 -9.976473e-02
    endloop
  endfacet
  facet normal 1.659684e-02 4.486528e-02 -9.988552e-01
    outer loop
      vertex -9.395980e-02 3.453858e-02 -9.931358e-02
      vertex -7.989153e-02 2.933437e-02 -9.931358e-02
      vertex -9.655713e-02 2.545511e-02 -9.976473e-02
    endloop
  endfacet
  facet normal 1.441059e-02 5.420764e-02 -9.984257e-01
    outer loop
      vertex -7.989153e-02 2.933437e-02 -9.931358e-02
      vertex -8.206063e-02 2.160135e-02 -9.976473e-02
      vertex -9.655713e-02 2.545511e-02 -9.976473e-02
    endloop
  endfacet
  facet normal -1.231966e-02 -4.634229e-02 9.988496e-01
    outer loop
      vertex -9.650407e-02 2.565470e-02 -1.037594e-01
      vertex -9.824678e-02 1.639449e-02 -1.042105e-01
      vertex -8.200757e-02 2.180094e-02 -1.037594e-01
    endloop
  endfacet
  facet normal -9.260466e-03 -5.549493e-02 9.984160e-01
    outer loop
      vertex -8.200757e-02 2.180094e-02 -1.037594e-01
      vertex -9.824678e-02 1.639449e-02 -1.042105e-01
      vertex -8.345136e-02 1.392557e-02 -1.042105e-01
    endloop
  endfacet
  facet normal -9.835580e-01 1.805471e-01 -4.043132e-03
    outer loop
      vertex -8.200757e-02 2.180094e-02 -1.037594e-01
      vertex -8.345136e-02 1.392557e-02 -1.042105e-01
      vertex -8.206063e-02 2.160135e-02 -9.976473e-02
    endloop
  endfacet
  facet normal -9.840502e-01 1.778894e-01 6.995089e-04
    outer loop
      vertex -8.206063e-02 2.160135e-02 -9.976473e-02
      vertex -8.345136e-02 1.392557e-02 -1.042105e-01
      vertex -8.348544e-02 1.372131e-02 -1.002159e-01
    endloop
  endfacet
  facet normal 9.827078e-01 -1.851242e-01 3.803154e-03
    outer loop
      vertex -9.650407e-02 2.565470e-02 -1.037594e-01
      vertex -9.655713e-02 2.545511e-02 -9.976473e-02
      vertex -9.824678e-02 1.639449e-02 -1.042105e-01
    endloop
  endfacet
  facet normal 9.831373e-01 -1.828663e-01 -9.617777e-04
    outer loop
      vertex -9.824678e-02 1.639449e-02 -1.042105e-01
      vertex -9.655713e-02 2.545511e-02 -9.976473e-02
      vertex -9.828086e-02 1.619023e-02 -1.002159e-01
    endloop
  endfacet
  facet normal 1.232093e-02 4.634705e-02 -9.988494e-01
    outer loop
      vertex -9.655713e-02 2.545511e-02 -9.976473e-02
      vertex -8.206063e-02 2.160135e-02 -9.976473e-02
      vertex -9.828086e-02 1.619023e-02 -1.002159e-01
    endloop
  endfacet
  facet normal 9.259352e-03 5.548825e-02 -9.984164e-01
    outer loop
      vertex -8.206063e-02 2.160135e-02 -9.976473e-02
      vertex -8.348544e-02 1.372131e-02 -1.002159e-01
      vertex -9.828086e-02 1.619023e-02 -1.002159e-01
    endloop
  endfacet
  facet normal -7.912483e-03 -4.741691e-02 9.988438e-01
    outer loop
      vertex -9.824678e-02 1.639449e-02 -1.042105e-01
      vertex -9.910528e-02 7.034676e-03 -1.046617e-01
      vertex -8.345136e-02 1.392557e-02 -1.042105e-01
    endloop
  endfacet
  facet normal -3.995340e-03 -5.628679e-02 9.984066e-01
    outer loop
      vertex -8.345136e-02 1.392557e-02 -1.042105e-01
      vertex -9.910528e-02 7.034676e-03 -1.046617e-01
      vertex -8.414293e-02 5.972620e-03 -1.046617e-01
    endloop
  endfacet
  facet normal -9.962124e-01 8.685875e-02 -4.058844e-03
    outer loop
      vertex -8.345136e-02 1.392557e-02 -1.042105e-01
      vertex -8.414293e-02 5.972620e-03 -1.046617e-01
      vertex -8.348544e-02 1.372131e-02 -1.002159e-01
    endloop
  endfacet
  facet normal -9.964528e-01 8.415115e-02 6.958840e-04
    outer loop
      vertex -8.348544e-02 1.372131e-02 -1.002159e-01
      vertex -8.414293e-02 5.972620e-03 -1.046617e-01
      vertex -8.415763e-02 5.765500e-03 -1.006670e-01
    endloop
  endfacet
  facet normal 9.957958e-01 -9.152092e-02 3.816904e-03
    outer loop
      vertex -9.824678e-02 1.639449e-02 -1.042105e-01
      vertex -9.828086e-02 1.619023e-02 -1.002159e-01
      vertex -9.910528e-02 7.034676e-03 -1.046617e-01
    endloop
  endfacet
  facet normal 9.960114e-01 -8.922059e-02 -9.603587e-04
    outer loop
      vertex -9.910528e-02 7.034676e-03 -1.046617e-01
      vertex -9.828086e-02 1.619023e-02 -1.002159e-01
      vertex -9.911998e-02 6.827555e-03 -1.006670e-01
    endloop
  endfacet
  facet normal 7.913300e-03 4.742181e-02 -9.988436e-01
    outer loop
      vertex -9.828086e-02 1.619023e-02 -1.002159e-01
      vertex -8.348544e-02 1.372131e-02 -1.002159e-01
      vertex -9.911998e-02 6.827555e-03 -1.006670e-01
    endloop
  endfacet
  facet normal 3.994857e-03 5.627998e-02 -9.984070e-01
    outer loop
      vertex -8.348544e-02 1.372131e-02 -1.002159e-01
      vertex -8.415763e-02 5.765500e-03 -1.006670e-01
      vertex -9.911998e-02 6.827555e-03 -1.006670e-01
    endloop
  endfacet
  facet normal -3.412303e-03 -4.807289e-02 9.988380e-01
    outer loop
      vertex -9.910528e-02 7.034676e-03 -1.046617e-01
      vertex -9.907636e-02 -2.340718e-03 -1.051128e-01
      vertex -8.414293e-02 5.972620e-03 -1.046617e-01
    endloop
  endfacet
  facet normal 1.336719e-03 -5.657974e-02 9.983972e-01
    outer loop
      vertex -8.414293e-02 5.972620e-03 -1.046617e-01
      vertex -9.907636e-02 -2.340718e-03 -1.051128e-01
      vertex -8.408055e-02 -1.986436e-03 -1.051128e-01
    endloop
  endfacet
  facet normal -9.999628e-01 -7.606487e-03 -4.074670e-03
    outer loop
      vertex -8.414293e-02 5.972620e-03 -1.046617e-01
      vertex -8.408055e-02 -1.986436e-03 -1.051128e-01
      vertex -8.415763e-02 5.765500e-03 -1.006670e-01
    endloop
  endfacet
  facet normal -9.999463e-01 -1.034013e-02 6.922046e-04
    outer loop
      vertex -8.415763e-02 5.765500e-03 -1.006670e-01
      vertex -8.408055e-02 -1.986436e-03 -1.051128e-01
      vertex -8.407563e-02 -2.194586e-03 -1.011182e-01
    endloop
  endfacet
  facet normal 9.999885e-01 2.900248e-03 3.830746e-03
    outer loop
      vertex -9.910528e-02 7.034676e-03 -1.046617e-01
      vertex -9.911998e-02 6.827555e-03 -1.006670e-01
      vertex -9.907636e-02 -2.340718e-03 -1.051128e-01
    endloop
  endfacet
  facet normal 9.999859e-01 5.222760e-03 -9.589099e-04
    outer loop
      vertex -9.907636e-02 -2.340718e-03 -1.051128e-01
      vertex -9.911998e-02 6.827555e-03 -1.006670e-01
      vertex -9.907145e-02 -2.548868e-03 -1.011182e-01
    endloop
  endfacet
  facet normal 3.412657e-03 4.807788e-02 -9.988378e-01
    outer loop
      vertex -9.911998e-02 6.827555e-03 -1.006670e-01
      vertex -8.415763e-02 5.765500e-03 -1.006670e-01
      vertex -9.907145e-02 -2.548868e-03 -1.011182e-01
    endloop
  endfacet
  facet normal -1.336556e-03 5.657285e-02 -9.983976e-01
    outer loop
      vertex -8.415763e-02 5.765500e-03 -1.006670e-01
      vertex -8.407563e-02 -2.194586e-03 -1.011182e-01
      vertex -9.907145e-02 -2.548868e-03 -1.011182e-01
    endloop
  endfacet
  facet normal 1.141160e-03 -4.830227e-02 9.988321e-01
    outer loop
      vertex -9.907636e-02 -2.340718e-03 -1.051128e-01
      vertex -9.816474e-02 -1.164795e-02 -1.055639e-01
      vertex -8.408055e-02 -1.986436e-03 -1.051128e-01
    endloop
  endfacet
  facet normal 6.688494e-03 -5.636821e-02 9.983876e-01
    outer loop
      vertex -8.408055e-02 -1.986436e-03 -1.051128e-01
      vertex -9.816474e-02 -1.164795e-02 -1.055639e-01
      vertex -8.326924e-02 -9.880495e-03 -1.055639e-01
    endloop
  endfacet
  facet normal -9.947756e-01 -1.020043e-01 -4.090610e-03
    outer loop
      vertex -8.408055e-02 -1.986436e-03 -1.051128e-01
      vertex -8.326924e-02 -9.880495e-03 -1.055639e-01
      vertex -8.407563e-02 -2.194586e-03 -1.011182e-01
    endloop
  endfacet
  facet normal -9.944994e-01 -1.047396e-01 6.884699e-04
    outer loop
      vertex -8.407563e-02 -2.194586e-03 -1.011182e-01
      vertex -8.326924e-02 -9.880495e-03 -1.055639e-01
      vertex -8.324464e-02 -1.008782e-02 -1.015694e-01
    endloop
  endfacet
  facet normal 9.952481e-01 9.729583e-02 3.844681e-03
    outer loop
      vertex -9.907636e-02 -2.340718e-03 -1.051128e-01
      vertex -9.907145e-02 -2.548868e-03 -1.011182e-01
      vertex -9.816474e-02 -1.164795e-02 -1.055639e-01
    endloop
  endfacet
  facet normal 9.950251e-01 9.961986e-02 -9.574309e-04
    outer loop
      vertex -9.816474e-02 -1.164795e-02 -1.055639e-01
      vertex -9.907145e-02 -2.548868e-03 -1.011182e-01
      vertex -9.814014e-02 -1.185528e-02 -1.015694e-01
    endloop
  endfacet
  facet normal -1.141279e-03 4.830731e-02 -9.988319e-01
    outer loop
      vertex -9.907145e-02 -2.548868e-03 -1.011182e-01
      vertex -8.407563e-02 -2.194586e-03 -1.011182e-01
      vertex -9.814014e-02 -1.185528e-02 -1.015694e-01
    endloop
  endfacet
  facet normal -6.687675e-03 5.636130e-02 -9.983880e-01
    outer loop
      vertex -8.407563e-02 -2.194586e-03 -1.011182e-01
      vertex -8.324464e-02 -1.008782e-02 -1.015694e-01
      vertex -9.814014e-02 -1.185528e-02 -1.015694e-01
    endloop
  endfacet
  facet normal 5.707511e-03 -4.810083e-02 9.988262e-01
    outer loop
      vertex -9.816474e-02 -1.164795e-02 -1.055639e-01
      vertex -9.638301e-02 -2.080432e-02 -1.060150e-01
      vertex -8.326924e-02 -9.880495e-03 -1.055639e-01
    endloop
  endfacet
  facet normal 1.201232e-02 -5.565108e-02 9.983780e-01
    outer loop
      vertex -8.326924e-02 -9.880495e-03 -1.055639e-01
      vertex -9.638301e-02 -2.080432e-02 -1.060150e-01
      vertex -8.172069e-02 -1.763945e-02 -1.060150e-01
    endloop
  endfacet
  facet normal -9.806969e-01 -1.954908e-01 -4.106666e-03
    outer loop
      vertex -8.326924e-02 -9.880495e-03 -1.055639e-01
      vertex -8.172069e-02 -1.763945e-02 -1.060150e-01
      vertex -8.324464e-02 -1.008782e-02 -1.015694e-01
    endloop
  endfacet
  facet normal -9.801607e-01 -1.982033e-01 6.846791e-04
    outer loop
      vertex -8.324464e-02 -1.008782e-02 -1.015694e-01
      vertex -8.172069e-02 -1.763945e-02 -1.060150e-01
      vertex -8.167652e-02 -1.784409e-02 -1.020205e-01
    endloop
  endfacet
  facet normal 9.816170e-01 1.908226e-01 3.858709e-03
    outer loop
      vertex -9.816474e-02 -1.164795e-02 -1.055639e-01
      vertex -9.814014e-02 -1.185528e-02 -1.015694e-01
      vertex -9.638301e-02 -2.080432e-02 -1.060150e-01
    endloop
  endfacet
  facet normal 9.811733e-01 1.931272e-01 -9.559213e-04
    outer loop
      vertex -9.638301e-02 -2.080432e-02 -1.060150e-01
      vertex -9.814014e-02 -1.185528e-02 -1.015694e-01
      vertex -9.633883e-02 -2.100896e-02 -1.020205e-01
    endloop
  endfacet
  facet normal -5.708110e-03 4.810588e-02 -9.988259e-01
    outer loop
      vertex -9.814014e-02 -1.185528e-02 -1.015694e-01
      vertex -8.324464e-02 -1.008782e-02 -1.015694e-01
      vertex -9.633883e-02 -2.100896e-02 -1.020205e-01
    endloop
  endfacet
  facet normal -1.201083e-02 5.564422e-02 -9.983784e-01
    outer loop
      vertex -8.324464e-02 -1.008782e-02 -1.015694e-01
      vertex -8.167652e-02 -1.784409e-02 -1.020205e-01
      vertex -9.633883e-02 -2.100896e-02 -1.020205e-01
    endloop
  endfacet
  facet normal 1.024604e-02 -4.746819e-02 9.988202e-01
    outer loop
      vertex -9.638301e-02 -2.080432e-02 -1.060150e-01
      vertex -9.375145e-02 -2.972888e-02 -1.064662e-01
      vertex -8.172069e-02 -1.763945e-02 -1.060150e-01
    endloop
  endfacet
  facet normal 1.726047e-02 -5.443174e-02 9.983683e-01
    outer loop
      vertex -8.172069e-02 -1.763945e-02 -1.060150e-01
      vertex -9.375145e-02 -2.972888e-02 -1.064662e-01
      vertex -7.945312e-02 -2.519483e-02 -1.064662e-01
    endloop
  endfacet
  facet normal -9.578526e-01 -2.872306e-01 -4.122839e-03
    outer loop
      vertex -8.172069e-02 -1.763945e-02 -1.060150e-01
      vertex -7.945312e-02 -2.519483e-02 -1.064662e-01
      vertex -8.167652e-02 -1.784409e-02 -1.020205e-01
    endloop
  endfacet
  facet normal -9.570581e-01 -2.898955e-01 6.808314e-04
    outer loop
      vertex -8.167652e-02 -1.784409e-02 -1.020205e-01
      vertex -7.945312e-02 -2.519483e-02 -1.064662e-01
      vertex -7.938966e-02 -2.539494e-02 -1.024717e-01
    endloop
  endfacet
  facet normal 9.592168e-01 2.826450e-01 3.872832e-03
    outer loop
      vertex -9.638301e-02 -2.080432e-02 -1.060150e-01
      vertex -9.633883e-02 -2.100896e-02 -1.020205e-01
      vertex -9.375145e-02 -2.972888e-02 -1.064662e-01
    endloop
  endfacet
  facet normal 9.585540e-01 2.849093e-01 -9.543807e-04
    outer loop
      vertex -9.375145e-02 -2.972888e-02 -1.064662e-01
      vertex -9.633883e-02 -2.100896e-02 -1.020205e-01
      vertex -9.368800e-02 -2.992899e-02 -1.024717e-01
    endloop
  endfacet
  facet normal -1.024712e-02 4.747321e-02 -9.988199e-01
    outer loop
      vertex -9.633883e-02 -2.100896e-02 -1.020205e-01
      vertex -8.167652e-02 -1.784409e-02 -1.020205e-01
      vertex -9.368800e-02 -2.992899e-02 -1.024717e-01
    endloop
  endfacet
  facet normal -1.725833e-02 5.442499e-02 -9.983687e-01
    outer loop
      vertex -8.167652e-02 -1.784409e-02 -1.020205e-01
      vertex -7.938966e-02 -2.539494e-02 -1.024717e-01
      vertex -9.368800e-02 -2.992899e-02 -1.024717e-01
    endloop
  endfacet
  facet normal 1.471606e-02 -4.640780e-02 9.988142e-01
    outer loop
      vertex -9.375145e-02 -2.972888e-02 -1.064662e-01
      vertex -9.029788e-02 -3.834316e-02 -1.069173e-01
      vertex -7.945312e-02 -2.519483e-02 -1.064662e-01
    endloop
  endfacet
  facet normal 2.238566e-02 -5.271806e-02 9.983585e-01
    outer loop
      vertex -7.945312e-02 -2.519483e-02 -1.064662e-01
      vertex -9.029788e-02 -3.834316e-02 -1.069173e-01
      vertex -7.649108e-02 -3.248038e-02 -1.069173e-01
    endloop
  endfacet
  facet normal -9.264466e-01 -3.764036e-01 -4.139131e-03
    outer loop
      vertex -7.945312e-02 -2.519483e-02 -1.064662e-01
      vertex -7.649108e-02 -3.248038e-02 -1.069173e-01
      vertex -7.938966e-02 -2.539494e-02 -1.024717e-01
    endloop
  endfacet
  facet normal -9.253979e-01 -3.789963e-01 6.769260e-04
    outer loop
      vertex -7.938966e-02 -2.539494e-02 -1.024717e-01
      vertex -7.649108e-02 -3.248038e-02 -1.069173e-01
      vertex -7.640880e-02 -3.267414e-02 -1.029228e-01
    endloop
  endfacet
  facet normal 9.282475e-01 3.719427e-01 3.887051e-03
    outer loop
      vertex -9.375145e-02 -2.972888e-02 -1.064662e-01
      vertex -9.368800e-02 -2.992899e-02 -1.024717e-01
      vertex -9.029788e-02 -3.834316e-02 -1.069173e-01
    endloop
  endfacet
  facet normal 9.273693e-01 3.741460e-01 -9.528086e-04
    outer loop
      vertex -9.029788e-02 -3.834316e-02 -1.069173e-01
      vertex -9.368800e-02 -2.992899e-02 -1.024717e-01
      vertex -9.021560e-02 -3.853692e-02 -1.029228e-01
    endloop
  endfacet
  facet normal -1.471762e-02 4.641273e-02 -9.988139e-01
    outer loop
      vertex -9.368800e-02 -2.992899e-02 -1.024717e-01
      vertex -7.938966e-02 -2.539494e-02 -1.024717e-01
      vertex -9.021560e-02 -3.853692e-02 -1.029228e-01
    endloop
  endfacet
  facet normal -2.238286e-02 5.271149e-02 -9.983589e-01
    outer loop
      vertex -7.938966e-02 -2.539494e-02 -1.024717e-01
      vertex -7.640880e-02 -3.267414e-02 -1.029228e-01
      vertex -9.021560e-02 -3.853692e-02 -1.029228e-01
    endloop
  endfacet
  facet normal 1.907732e-02 -4.492695e-02 9.988081e-01
    outer loop
      vertex -9.029788e-02 -3.834316e-02 -1.069173e-01
      vertex -8.605728e-02 -4.657187e-02 -1.073684e-01
      vertex -7.649108e-02 -3.248038e-02 -1.069173e-01
    endloop
  endfacet
  facet normal 2.734136e-02 -5.052240e-02 9.983486e-01
    outer loop
      vertex -7.649108e-02 -3.248038e-02 -1.069173e-01
      vertex -8.605728e-02 -4.657187e-02 -1.073684e-01
      vertex -7.286517e-02 -3.943266e-02 -1.073684e-01
    endloop
  endfacet
  facet normal -8.867594e-01 -4.622126e-01 -4.155542e-03
    outer loop
      vertex -7.649108e-02 -3.248038e-02 -1.069173e-01
      vertex -7.286517e-02 -3.943266e-02 -1.073684e-01
      vertex -7.640880e-02 -3.267414e-02 -1.029228e-01
    endloop
  endfacet
  facet normal -8.854632e-01 -4.647090e-01 6.729621e-04
    outer loop
      vertex -7.640880e-02 -3.267414e-02 -1.029228e-01
      vertex -7.286517e-02 -3.943266e-02 -1.073684e-01
      vertex -7.276470e-02 -3.961831e-02 -1.033740e-01
    endloop
  endfacet
  facet normal 8.889858e-01 4.579181e-01 3.901367e-03
    outer loop
      vertex -9.029788e-02 -3.834316e-02 -1.069173e-01
      vertex -9.021560e-02 -3.853692e-02 -1.029228e-01
      vertex -8.605728e-02 -4.657187e-02 -1.073684e-01
    endloop
  endfacet
  facet normal 8.878978e-01 4.600398e-01 -9.512045e-04
    outer loop
      vertex -8.605728e-02 -4.657187e-02 -1.073684e-01
      vertex -9.021560e-02 -3.853692e-02 -1.029228e-01
      vertex -8.595681e-02 -4.675752e-02 -1.033740e-01
    endloop
  endfacet
  facet normal -1.907936e-02 4.493175e-02 -9.988078e-01
    outer loop
      vertex -9.021560e-02 -3.853692e-02 -1.029228e-01
      vertex -7.640880e-02 -3.267414e-02 -1.029228e-01
      vertex -8.595681e-02 -4.675752e-02 -1.033740e-01
    endloop
  endfacet
  facet normal -2.733792e-02 5.051606e-02 -9.983490e-01
    outer loop
      vertex -7.640880e-02 -3.267414e-02 -1.029228e-01
      vertex -7.276470e-02 -3.961831e-02 -1.033740e-01
      vertex -8.595681e-02 -4.675752e-02 -1.033740e-01
    endloop
  endfacet
  facet normal 2.329030e-02 -4.303671e-02 9.988020e-01
    outer loop
      vertex -8.605728e-02 -4.657187e-02 -1.073684e-01
      vertex -8.107150e-02 -5.434354e-02 -1.078195e-01
      vertex -7.286517e-02 -3.943266e-02 -1.073684e-01
    endloop
  endfacet
  facet normal 3.208230e-02 -4.786145e-02 9.983386e-01
    outer loop
      vertex -7.286517e-02 -3.943266e-02 -1.073684e-01
      vertex -8.107150e-02 -5.434354e-02 -1.078195e-01
      vertex -6.861178e-02 -4.599158e-02 -1.078195e-01
    endloop
  endfacet
  facet normal -8.391457e-01 -5.438906e-01 -4.172073e-03
    outer loop
      vertex -7.286517e-02 -3.943266e-02 -1.073684e-01
      vertex -6.861178e-02 -4.599158e-02 -1.078195e-01
      vertex -7.276470e-02 -3.961831e-02 -1.033740e-01
    endloop
  endfacet
  facet normal -8.376107e-01 -5.462672e-01 6.689388e-04
    outer loop
      vertex -7.276470e-02 -3.961831e-02 -1.033740e-01
      vertex -6.861178e-02 -4.599158e-02 -1.078195e-01
      vertex -6.849392e-02 -4.616741e-02 -1.038252e-01
    endloop
  endfacet
  facet normal 8.417823e-01 5.398030e-01 3.915779e-03
    outer loop
      vertex -8.605728e-02 -4.657187e-02 -1.073684e-01
      vertex -8.595681e-02 -4.675752e-02 -1.033740e-01
      vertex -8.107150e-02 -5.434354e-02 -1.078195e-01
    endloop
  endfacet
  facet normal 8.404919e-01 5.418232e-01 -9.495680e-04
    outer loop
      vertex -8.107150e-02 -5.434354e-02 -1.078195e-01
      vertex -8.595681e-02 -4.675752e-02 -1.033740e-01
      vertex -8.095364e-02 -5.451937e-02 -1.038252e-01
    endloop
  endfacet
  facet normal -2.329281e-02 4.304133e-02 -9.988017e-01
    outer loop
      vertex -8.595681e-02 -4.675752e-02 -1.033740e-01
      vertex -7.276470e-02 -3.961831e-02 -1.033740e-01
      vertex -8.095364e-02 -5.451937e-02 -1.038252e-01
    endloop
  endfacet
  facet normal -3.207825e-02 4.785540e-02 -9.983390e-01
    outer loop
      vertex -7.276470e-02 -3.961831e-02 -1.033740e-01
      vertex -6.849392e-02 -4.616741e-02 -1.038252e-01
      vertex -8.095364e-02 -5.451937e-02 -1.038252e-01
    endloop
  endfacet
  facet normal 2.731663e-02 -4.075186e-02 9.987958e-01
    outer loop
      vertex -8.107150e-02 -5.434354e-02 -1.078195e-01
      vertex -7.538885e-02 -6.159115e-02 -1.082707e-01
      vertex -6.861178e-02 -4.599158e-02 -1.078195e-01
    endloop
  endfacet
  facet normal 3.656486e-02 -4.475615e-02 9.983286e-01
    outer loop
      vertex -6.861178e-02 -4.599158e-02 -1.078195e-01
      vertex -7.538885e-02 -6.159115e-02 -1.082707e-01
      vertex -6.377265e-02 -5.210095e-02 -1.082707e-01
    endloop
  endfacet
  facet normal -7.840310e-01 -6.207075e-01 -4.188727e-03
    outer loop
      vertex -6.861178e-02 -4.599158e-02 -1.078195e-01
      vertex -6.377265e-02 -5.210095e-02 -1.082707e-01
      vertex -6.849392e-02 -4.616741e-02 -1.038252e-01
    endloop
  endfacet
  facet normal -7.822683e-01 -6.229414e-01 6.648553e-04
    outer loop
      vertex -6.849392e-02 -4.616741e-02 -1.038252e-01
      vertex -6.377265e-02 -5.210095e-02 -1.082707e-01
      vertex -6.363836e-02 -5.226533e-02 -1.042763e-01
    endloop
  endfacet
  facet normal 7.870585e-01 6.168658e-01 3.930291e-03
    outer loop
      vertex -8.107150e-02 -5.434354e-02 -1.078195e-01
      vertex -8.095364e-02 -5.451937e-02 -1.038252e-01
      vertex -7.538885e-02 -6.159115e-02 -1.082707e-01
    endloop
  endfacet
  facet normal 7.855753e-01 6.187653e-01 -9.478987e-04
    outer loop
      vertex -7.538885e-02 -6.159115e-02 -1.082707e-01
      vertex -8.095364e-02 -5.451937e-02 -1.038252e-01
      vertex -7.525456e-02 -6.175553e-02 -1.042763e-01
    endloop
  endfacet
  facet normal -2.731958e-02 4.075626e-02 -9.987956e-01
    outer loop
      vertex -8.095364e-02 -5.451937e-02 -1.038252e-01
      vertex -6.849392e-02 -4.616741e-02 -1.038252e-01
      vertex -7.525456e-02 -6.175553e-02 -1.042763e-01
    endloop
  endfacet
  facet normal -3.656022e-02 4.475047e-02 -9.983290e-01
    outer loop
      vertex -6.849392e-02 -4.616741e-02 -1.038252e-01
      vertex -6.363836e-02 -5.226533e-02 -1.042763e-01
      vertex -7.525456e-02 -6.175553e-02 -1.042763e-01
    endloop
  endfacet
  facet normal 3.111939e-02 -3.809078e-02 9.987896e-01
    outer loop
      vertex -7.538885e-02 -6.159115e-02 -1.082707e-01
      vertex -6.906361e-02 -6.825271e-02 -1.087218e-01
      vertex -6.377265e-02 -5.210095e-02 -1.082707e-01
    endloop
  endfacet
  facet normal 4.074745e-02 -4.123156e-02 9.983184e-01
    outer loop
      vertex -6.377265e-02 -5.210095e-02 -1.082707e-01
      vertex -6.906361e-02 -6.825271e-02 -1.087218e-01
      vertex -5.839456e-02 -5.770893e-02 -1.087218e-01
    endloop
  endfacet
  facet normal -7.219077e-01 -6.919766e-01 -4.205504e-03
    outer loop
      vertex -6.377265e-02 -5.210095e-02 -1.082707e-01
      vertex -5.839456e-02 -5.770893e-02 -1.087218e-01
      vertex -6.363836e-02 -5.226533e-02 -1.042763e-01
    endloop
  endfacet
  facet normal -7.199305e-01 -6.940459e-01 6.607106e-04
    outer loop
      vertex -6.363836e-02 -5.226533e-02 -1.042763e-01
      vertex -5.839456e-02 -5.770893e-02 -1.087218e-01
      vertex -5.824494e-02 -5.786033e-02 -1.047275e-01
    endloop
  endfacet
  facet normal 7.253033e-01 6.884181e-01 3.944901e-03
    outer loop
      vertex -7.538885e-02 -6.159115e-02 -1.082707e-01
      vertex -7.525456e-02 -6.175553e-02 -1.042763e-01
      vertex -6.906361e-02 -6.825271e-02 -1.087218e-01
    endloop
  endfacet
  facet normal 7.236386e-01 6.901785e-01 -9.461960e-04
    outer loop
      vertex -6.906361e-02 -6.825271e-02 -1.087218e-01
      vertex -7.525456e-02 -6.175553e-02 -1.042763e-01
      vertex -6.891399e-02 -6.840411e-02 -1.047275e-01
    endloop
  endfacet
  facet normal -3.112277e-02 3.809492e-02 -9.987893e-01
    outer loop
      vertex -7.525456e-02 -6.175553e-02 -1.042763e-01
      vertex -6.363836e-02 -5.226533e-02 -1.042763e-01
      vertex -6.891399e-02 -6.840411e-02 -1.047275e-01
    endloop
  endfacet
  facet normal -4.074224e-02 4.122629e-02 -9.983188e-01
    outer loop
      vertex -6.363836e-02 -5.226533e-02 -1.042763e-01
      vertex -5.824494e-02 -5.786033e-02 -1.047275e-01
      vertex -6.891399e-02 -6.840411e-02 -1.047275e-01
    endloop
  endfacet
  facet normal 3.466346e-02 -3.507529e-02 9.987833e-01
    outer loop
      vertex -6.906361e-02 -6.825271e-02 -1.087218e-01
      vertex -6.215552e-02 -7.427179e-02 -1.091729e-01
      vertex -5.839456e-02 -5.770893e-02 -1.087218e-01
    endloop
  endfacet
  facet normal 4.459088e-02 -3.731659e-02 9.983081e-01
    outer loop
      vertex -5.839456e-02 -5.770893e-02 -1.087218e-01
      vertex -6.215552e-02 -7.427179e-02 -1.091729e-01
      vertex -5.252879e-02 -6.276848e-02 -1.091729e-01
    endloop
  endfacet
  facet normal -6.533310e-01 -7.570606e-01 -4.222406e-03
    outer loop
      vertex -5.839456e-02 -5.770893e-02 -1.087218e-01
      vertex -5.252879e-02 -6.276848e-02 -1.091729e-01
      vertex -5.824494e-02 -5.786033e-02 -1.047275e-01
    endloop
  endfacet
  facet normal -6.511546e-01 -7.589448e-01 6.565041e-04
    outer loop
      vertex -5.824494e-02 -5.786033e-02 -1.047275e-01
      vertex -5.252879e-02 -6.276848e-02 -1.091729e-01
      vertex -5.236510e-02 -6.290546e-02 -1.051786e-01
    endloop
  endfacet
  facet normal 6.570683e-01 7.538206e-01 3.959612e-03
    outer loop
      vertex -6.906361e-02 -6.825271e-02 -1.087218e-01
      vertex -6.891399e-02 -6.840411e-02 -1.047275e-01
      vertex -6.215552e-02 -7.427179e-02 -1.091729e-01
    endloop
  endfacet
  facet normal 6.552350e-01 7.554245e-01 -9.444595e-04
    outer loop
      vertex -6.215552e-02 -7.427179e-02 -1.091729e-01
      vertex -6.891399e-02 -6.840411e-02 -1.047275e-01
      vertex -6.199183e-02 -7.440877e-02 -1.051786e-01
    endloop
  endfacet
  facet normal -3.466724e-02 3.507912e-02 -9.987831e-01
    outer loop
      vertex -6.891399e-02 -6.840411e-02 -1.047275e-01
      vertex -5.824494e-02 -5.786033e-02 -1.047275e-01
      vertex -6.199183e-02 -7.440877e-02 -1.051786e-01
    endloop
  endfacet
  facet normal -4.458515e-02 3.731179e-02 -9.983086e-01
    outer loop
      vertex -5.824494e-02 -5.786033e-02 -1.047275e-01
      vertex -5.236510e-02 -6.290546e-02 -1.051786e-01
      vertex -6.199183e-02 -7.440877e-02 -1.051786e-01
    endloop
  endfacet
  facet normal 3.791586e-02 -3.173048e-02 9.987770e-01
    outer loop
      vertex -6.215552e-02 -7.427179e-02 -1.091729e-01
      vertex -5.472923e-02 -7.959796e-02 -1.096241e-01
      vertex -5.252879e-02 -6.276848e-02 -1.091729e-01
    endloop
  endfacet
  facet normal 4.805878e-02 -3.304382e-02 9.982978e-01
    outer loop
      vertex -5.252879e-02 -6.276848e-02 -1.091729e-01
      vertex -5.472923e-02 -7.959796e-02 -1.096241e-01
      vertex -4.623071e-02 -6.723774e-02 -1.096241e-01
    endloop
  endfacet
  facet normal -5.789139e-01 -8.153777e-01 -4.239433e-03
    outer loop
      vertex -5.252879e-02 -6.276848e-02 -1.091729e-01
      vertex -4.623071e-02 -6.723774e-02 -1.096241e-01
      vertex -5.236510e-02 -6.290546e-02 -1.051786e-01
    endloop
  endfacet
  facet normal -5.765555e-01 -8.170577e-01 6.522346e-04
    outer loop
      vertex -5.236510e-02 -6.290546e-02 -1.051786e-01
      vertex -4.623071e-02 -6.723774e-02 -1.096241e-01
      vertex -4.605433e-02 -6.735901e-02 -1.056298e-01
    endloop
  endfacet
  facet normal 5.829630e-01 8.124890e-01 3.974425e-03
    outer loop
      vertex -6.215552e-02 -7.427179e-02 -1.091729e-01
      vertex -6.199183e-02 -7.440877e-02 -1.051786e-01
      vertex -5.472923e-02 -7.959796e-02 -1.096241e-01
    endloop
  endfacet
  facet normal 5.809759e-01 8.139202e-01 -9.426887e-04
    outer loop
      vertex -5.472923e-02 -7.959796e-02 -1.096241e-01
      vertex -6.199183e-02 -7.440877e-02 -1.051786e-01
      vertex -5.455286e-02 -7.971923e-02 -1.056298e-01
    endloop
  endfacet
  facet normal -3.792002e-02 3.173397e-02 -9.987768e-01
    outer loop
      vertex -6.199183e-02 -7.440877e-02 -1.051786e-01
      vertex -5.236510e-02 -6.290546e-02 -1.051786e-01
      vertex -5.455286e-02 -7.971923e-02 -1.056298e-01
    endloop
  endfacet
  facet normal -4.805257e-02 3.303954e-02 -9.982982e-01
    outer loop
      vertex -5.236510e-02 -6.290546e-02 -1.051786e-01
      vertex -4.605433e-02 -6.735901e-02 -1.056298e-01
      vertex -5.455286e-02 -7.971923e-02 -1.056298e-01
    endloop
  endfacet
  facet normal 4.084602e-02 -2.808453e-02 9.987707e-01
    outer loop
      vertex -5.472923e-02 -7.959796e-02 -1.096241e-01
      vertex -4.685370e-02 -8.418728e-02 -1.100752e-01
      vertex -4.623071e-02 -6.723774e-02 -1.096241e-01
    endloop
  endfacet
  facet normal 5.111789e-02 -2.844922e-02 9.982873e-01
    outer loop
      vertex -4.623071e-02 -6.723774e-02 -1.096241e-01
      vertex -4.685370e-02 -8.418728e-02 -1.100752e-01
      vertex -3.955918e-02 -7.108041e-02 -1.100752e-01
    endloop
  endfacet
  facet normal -4.993213e-01 -8.664064e-01 -4.256588e-03
    outer loop
      vertex -4.623071e-02 -6.723774e-02 -1.096241e-01
      vertex -3.955918e-02 -7.108041e-02 -1.100752e-01
      vertex -4.605433e-02 -6.735901e-02 -1.056298e-01
    endloop
  endfacet
  facet normal -4.968001e-01 -8.678647e-01 6.479014e-04
    outer loop
      vertex -4.605433e-02 -6.735901e-02 -1.056298e-01
      vertex -3.955918e-02 -7.108041e-02 -1.100752e-01
      vertex -3.937162e-02 -7.118479e-02 -1.060810e-01
    endloop
  endfacet
  facet normal 5.036494e-01 8.638990e-01 3.989339e-03
    outer loop
      vertex -5.472923e-02 -7.959796e-02 -1.096241e-01
      vertex -5.455286e-02 -7.971923e-02 -1.056298e-01
      vertex -4.685370e-02 -8.418728e-02 -1.100752e-01
    endloop
  endfacet
  facet normal 5.015246e-01 8.651429e-01 -9.408830e-04
    outer loop
      vertex -4.685370e-02 -8.418728e-02 -1.100752e-01
      vertex -5.455286e-02 -7.971923e-02 -1.056298e-01
      vertex -4.666614e-02 -8.429166e-02 -1.060810e-01
    endloop
  endfacet
  facet normal -4.085053e-02 2.808763e-02 -9.987704e-01
    outer loop
      vertex -5.455286e-02 -7.971923e-02 -1.056298e-01
      vertex -4.605433e-02 -6.735901e-02 -1.056298e-01
      vertex -4.666614e-02 -8.429166e-02 -1.060810e-01
    endloop
  endfacet
  facet normal -5.111124e-02 2.844551e-02 -9.982878e-01
    outer loop
      vertex -4.605433e-02 -6.735901e-02 -1.056298e-01
      vertex -3.937162e-02 -7.118479e-02 -1.060810e-01
      vertex -4.666614e-02 -8.429166e-02 -1.060810e-01
    endloop
  endfacet
  facet normal 4.342611e-02 -2.416843e-02 9.987643e-01
    outer loop
      vertex -4.685370e-02 -8.418728e-02 -1.100752e-01
      vertex -3.860152e-02 -8.800260e-02 -1.105263e-01
      vertex -3.955918e-02 -7.108041e-02 -1.100752e-01
    endloop
  endfacet
  facet normal 5.373838e-02 -2.357184e-02 9.982768e-01
    outer loop
      vertex -3.955918e-02 -7.108041e-02 -1.100752e-01
      vertex -3.860152e-02 -8.800260e-02 -1.105263e-01
      vertex -3.257609e-02 -7.426600e-02 -1.105263e-01
    endloop
  endfacet
  facet normal -4.152648e-01 -9.096905e-01 -4.273871e-03
    outer loop
      vertex -3.955918e-02 -7.108041e-02 -1.100752e-01
      vertex -3.257609e-02 -7.426600e-02 -1.105263e-01
      vertex -3.937162e-02 -7.118479e-02 -1.060810e-01
    endloop
  endfacet
  facet normal -4.126016e-01 -9.109114e-01 6.435035e-04
    outer loop
      vertex -3.937162e-02 -7.118479e-02 -1.060810e-01
      vertex -3.257609e-02 -7.426600e-02 -1.105263e-01
      vertex -3.237896e-02 -7.435247e-02 -1.065321e-01
    endloop
  endfacet
  facet normal 4.198359e-01 9.075912e-01 4.004357e-03
    outer loop
      vertex -4.685370e-02 -8.418728e-02 -1.100752e-01
      vertex -4.666614e-02 -8.429166e-02 -1.060810e-01
      vertex -3.860152e-02 -8.800260e-02 -1.105263e-01
    endloop
  endfacet
  facet normal 4.175912e-01 9.086346e-01 -9.390421e-04
    outer loop
      vertex -3.860152e-02 -8.800260e-02 -1.105263e-01
      vertex -4.666614e-02 -8.429166e-02 -1.060810e-01
      vertex -3.840440e-02 -8.808907e-02 -1.065321e-01
    endloop
  endfacet
  facet normal -4.343094e-02 2.417111e-02 -9.987640e-01
    outer loop
      vertex -4.666614e-02 -8.429166e-02 -1.060810e-01
      vertex -3.937162e-02 -7.118479e-02 -1.060810e-01
      vertex -3.840440e-02 -8.808907e-02 -1.065321e-01
    endloop
  endfacet
  facet normal -5.373134e-02 2.356875e-02 -9.982772e-01
    outer loop
      vertex -3.937162e-02 -7.118479e-02 -1.060810e-01
      vertex -3.237896e-02 -7.435247e-02 -1.065321e-01
      vertex -3.840440e-02 -8.808907e-02 -1.065321e-01
    endloop
  endfacet
  facet normal 4.563127e-02 -2.001573e-02 9.987578e-01
    outer loop
      vertex -3.860152e-02 -8.800260e-02 -1.105263e-01
      vertex -3.004830e-02 -9.101390e-02 -1.109774e-01
      vertex -3.257609e-02 -7.426600e-02 -1.105263e-01
    endloop
  endfacet
  facet normal 5.589415e-02 -1.845349e-02 9.982662e-01
    outer loop
      vertex -3.257609e-02 -7.426600e-02 -1.105263e-01
      vertex -3.004830e-02 -9.101390e-02 -1.109774e-01
      vertex -2.534570e-02 -7.677011e-02 -1.109774e-01
    endloop
  endfacet
  facet normal -3.274956e-01 -9.448430e-01 -4.291285e-03
    outer loop
      vertex -3.257609e-02 -7.426600e-02 -1.105263e-01
      vertex -2.534570e-02 -7.677011e-02 -1.109774e-01
      vertex -3.237896e-02 -7.435247e-02 -1.065321e-01
    endloop
  endfacet
  facet normal -3.247127e-01 -9.458125e-01 6.390399e-04
    outer loop
      vertex -3.237896e-02 -7.435247e-02 -1.065321e-01
      vertex -2.534570e-02 -7.677011e-02 -1.109774e-01
      vertex -2.514072e-02 -7.683778e-02 -1.069833e-01
    endloop
  endfacet
  facet normal 3.322714e-01 9.431752e-01 4.019479e-03
    outer loop
      vertex -3.860152e-02 -8.800260e-02 -1.105263e-01
      vertex -3.840440e-02 -8.808907e-02 -1.065321e-01
      vertex -3.004830e-02 -9.101390e-02 -1.109774e-01
    endloop
  endfacet
  facet normal 3.299255e-01 9.440065e-01 -9.371654e-04
    outer loop
      vertex -3.004830e-02 -9.101390e-02 -1.109774e-01
      vertex -3.840440e-02 -8.808907e-02 -1.065321e-01
      vertex -2.984332e-02 -9.108157e-02 -1.069833e-01
    endloop
  endfacet
  facet normal -4.563637e-02 2.001797e-02 -9.987575e-01
    outer loop
      vertex -3.840440e-02 -8.808907e-02 -1.065321e-01
      vertex -3.237896e-02 -7.435247e-02 -1.065321e-01
      vertex -2.984332e-02 -9.108157e-02 -1.069833e-01
    endloop
  endfacet
  facet normal -5.588679e-02 1.845106e-02 -9.982666e-01
    outer loop
      vertex -3.237896e-02 -7.435247e-02 -1.065321e-01
      vertex -2.514072e-02 -7.683778e-02 -1.069833e-01
      vertex -2.984332e-02 -9.108157e-02 -1.069833e-01
    endloop
  endfacet
  facet normal 4.743984e-02 -1.566230e-02 9.987513e-01
    outer loop
      vertex -3.004830e-02 -9.101390e-02 -1.109774e-01
      vertex -2.127194e-02 -9.319847e-02 -1.114286e-01
      vertex -2.534570e-02 -7.677011e-02 -1.109774e-01
    endloop
  endfacet
  facet normal 5.756309e-02 -1.313840e-02 9.982554e-01
    outer loop
      vertex -2.534570e-02 -7.677011e-02 -1.109774e-01
      vertex -2.127194e-02 -9.319847e-02 -1.114286e-01
      vertex -1.793413e-02 -7.857455e-02 -1.114286e-01
    endloop
  endfacet
  facet normal -2.367982e-01 -9.715493e-01 -4.308830e-03
    outer loop
      vertex -2.534570e-02 -7.677011e-02 -1.109774e-01
      vertex -1.793413e-02 -7.857455e-02 -1.114286e-01
      vertex -2.514072e-02 -7.683778e-02 -1.069833e-01
    endloop
  endfacet
  facet normal -2.339192e-01 -9.722558e-01 6.345098e-04
    outer loop
      vertex -2.514072e-02 -7.683778e-02 -1.069833e-01
      vertex -1.793413e-02 -7.857455e-02 -1.114286e-01
      vertex -1.772308e-02 -7.862272e-02 -1.074344e-01
    endloop
  endfacet
  facet normal 2.417381e-01 9.703331e-01 4.034707e-03
    outer loop
      vertex -3.004830e-02 -9.101390e-02 -1.109774e-01
      vertex -2.984332e-02 -9.108157e-02 -1.069833e-01
      vertex -2.127194e-02 -9.319847e-02 -1.114286e-01
    endloop
  endfacet
  facet normal 2.393110e-01 9.709425e-01 -9.352523e-04
    outer loop
      vertex -2.127194e-02 -9.319847e-02 -1.114286e-01
      vertex -2.984332e-02 -9.108157e-02 -1.069833e-01
      vertex -2.106089e-02 -9.324664e-02 -1.074344e-01
    endloop
  endfacet
  facet normal -4.744517e-02 1.566406e-02 -9.987510e-01
    outer loop
      vertex -2.984332e-02 -9.108157e-02 -1.069833e-01
      vertex -2.514072e-02 -7.683778e-02 -1.069833e-01
      vertex -2.106089e-02 -9.324664e-02 -1.074344e-01
    endloop
  endfacet
  facet normal -5.755546e-02 1.313666e-02 -9.982559e-01
    outer loop
      vertex -2.514072e-02 -7.683778e-02 -1.069833e-01
      vertex -1.772308e-02 -7.862272e-02 -1.074344e-01
      vertex -2.106089e-02 -9.324664e-02 -1.074344e-01
    endloop
  endfacet
  facet normal 4.883358e-02 -1.114595e-02 9.987447e-01
    outer loop
      vertex -2.127194e-02 -9.319847e-02 -1.114286e-01
      vertex -1.235193e-02 -9.454113e-02 -1.118797e-01
      vertex -1.793413e-02 -7.857455e-02 -1.114286e-01
    endloop
  endfacet
  facet normal 5.872729e-02 -7.672800e-03 9.982446e-01
    outer loop
      vertex -1.793413e-02 -7.857455e-02 -1.114286e-01
      vertex -1.235193e-02 -9.454113e-02 -1.118797e-01
      vertex -1.040867e-02 -7.966754e-02 -1.118797e-01
    endloop
  endfacet
  facet normal -1.439834e-01 -9.895706e-01 -4.326508e-03
    outer loop
      vertex -1.793413e-02 -7.857455e-02 -1.114286e-01
      vertex -1.040867e-02 -7.966754e-02 -1.118797e-01
      vertex -1.772308e-02 -7.862272e-02 -1.074344e-01
    endloop
  endfacet
  facet normal -1.410332e-01 -9.900047e-01 6.299121e-04
    outer loop
      vertex -1.772308e-02 -7.862272e-02 -1.074344e-01
      vertex -1.040867e-02 -7.966754e-02 -1.118797e-01
      vertex -1.019341e-02 -7.969566e-02 -1.078856e-01
    endloop
  endfacet
  facet normal 1.490447e-01 9.888222e-01 4.050041e-03
    outer loop
      vertex -2.127194e-02 -9.319847e-02 -1.114286e-01
      vertex -2.106089e-02 -9.324664e-02 -1.074344e-01
      vertex -1.235193e-02 -9.454113e-02 -1.118797e-01
    endloop
  endfacet
  facet normal 1.465575e-01 9.892017e-01 -9.333023e-04
    outer loop
      vertex -1.235193e-02 -9.454113e-02 -1.118797e-01
      vertex -2.106089e-02 -9.324664e-02 -1.074344e-01
      vertex -1.213666e-02 -9.456925e-02 -1.078856e-01
    endloop
  endfacet
  facet normal -4.883910e-02 1.114721e-02 -9.987445e-01
    outer loop
      vertex -2.106089e-02 -9.324664e-02 -1.074344e-01
      vertex -1.772308e-02 -7.862272e-02 -1.074344e-01
      vertex -1.213666e-02 -9.456925e-02 -1.078856e-01
    endloop
  endfacet
  facet normal -5.871946e-02 7.671777e-03 -9.982450e-01
    outer loop
      vertex -1.772308e-02 -7.862272e-02 -1.074344e-01
      vertex -1.019341e-02 -7.969566e-02 -1.078856e-01
      vertex -1.213666e-02 -9.456925e-02 -1.078856e-01
    endloop
  endfacet
  facet normal 4.979789e-02 -6.506162e-03 9.987381e-01
    outer loop
      vertex -1.235193e-02 -9.454113e-02 -1.118797e-01
      vertex -3.368617e-03 -9.503430e-02 -1.123308e-01
      vertex -1.040867e-02 -7.966754e-02 -1.118797e-01
    endloop
  endfacet
  facet normal 5.937321e-02 -2.104562e-03 9.982336e-01
    outer loop
      vertex -1.040867e-02 -7.966754e-02 -1.118797e-01
      vertex -3.368617e-03 -9.503430e-02 -1.123308e-01
      vertex -2.837256e-03 -8.004372e-02 -1.123308e-01
    endloop
  endfacet
  facet normal -4.988083e-02 -9.987457e-01 -4.344320e-03
    outer loop
      vertex -1.040867e-02 -7.966754e-02 -1.118797e-01
      vertex -2.837256e-03 -8.004372e-02 -1.123308e-01
      vertex -1.019341e-02 -7.969566e-02 -1.078856e-01
    endloop
  endfacet
  facet normal -4.688508e-02 -9.989001e-01 6.252459e-04
    outer loop
      vertex -1.019341e-02 -7.969566e-02 -1.078856e-01
      vertex -2.837256e-03 -8.004372e-02 -1.123308e-01
      vertex -2.619680e-03 -8.005143e-02 -1.083368e-01
    endloop
  endfacet
  facet normal 5.501940e-02 9.984770e-01 4.065483e-03
    outer loop
      vertex -1.235193e-02 -9.454113e-02 -1.118797e-01
      vertex -1.213666e-02 -9.456925e-02 -1.078856e-01
      vertex -3.368617e-03 -9.503430e-02 -1.123308e-01
    endloop
  endfacet
  facet normal 5.249374e-02 9.986208e-01 -9.313149e-04
    outer loop
      vertex -3.368617e-03 -9.503430e-02 -1.123308e-01
      vertex -1.213666e-02 -9.456925e-02 -1.078856e-01
      vertex -3.151042e-03 -9.504201e-02 -1.083368e-01
    endloop
  endfacet
  facet normal -4.980355e-02 6.506902e-03 -9.987378e-01
    outer loop
      vertex -1.213666e-02 -9.456925e-02 -1.078856e-01
      vertex -1.019341e-02 -7.969566e-02 -1.078856e-01
      vertex -3.151042e-03 -9.504201e-02 -1.083368e-01
    endloop
  endfacet
  facet normal -5.936524e-02 2.104280e-03 -9.982341e-01
    outer loop
      vertex -1.019341e-02 -7.969566e-02 -1.078856e-01
      vertex -2.619680e-03 -8.005143e-02 -1.083368e-01
      vertex -3.151042e-03 -9.504201e-02 -1.083368e-01
    endloop
  endfacet
  facet normal 5.032188e-02 -1.783726e-03 9.987315e-01
    outer loop
      vertex -3.368617e-03 -9.503430e-02 -1.123308e-01
      vertex 5.597482e-03 -9.467804e-02 -1.127820e-01
      vertex -2.837256e-03 -8.004372e-02 -1.123308e-01
    endloop
  endfacet
  facet normal 5.949186e-02 3.517232e-03 9.982226e-01
    outer loop
      vertex -2.837256e-03 -8.004372e-02 -1.123308e-01
      vertex 5.597482e-03 -9.467804e-02 -1.127820e-01
      vertex 4.712210e-03 -7.970418e-02 -1.127820e-01
    endloop
  endfacet
  facet normal 4.466825e-02 -9.989924e-01 -4.362268e-03
    outer loop
      vertex -2.837256e-03 -8.004372e-02 -1.123308e-01
      vertex 4.712210e-03 -7.970418e-02 -1.127820e-01
      vertex -2.619680e-03 -8.005143e-02 -1.083368e-01
    endloop
  endfacet
  facet normal 4.768307e-02 -9.988623e-01 6.205100e-04
    outer loop
      vertex -2.619680e-03 -8.005143e-02 -1.083368e-01
      vertex 4.712210e-03 -7.970418e-02 -1.127820e-01
      vertex 4.930164e-03 -7.969130e-02 -1.087879e-01
    endloop
  endfacet
  facet normal -3.949782e-02 9.992113e-01 4.081033e-03
    outer loop
      vertex -3.368617e-03 -9.503430e-02 -1.123308e-01
      vertex -3.151042e-03 -9.504201e-02 -1.083368e-01
      vertex 5.597482e-03 -9.467804e-02 -1.127820e-01
    endloop
  endfacet
  facet normal -4.203962e-02 9.991155e-01 -9.292896e-04
    outer loop
      vertex 5.597482e-03 -9.467804e-02 -1.127820e-01
      vertex -3.151042e-03 -9.504201e-02 -1.083368e-01
      vertex 5.815437e-03 -9.466515e-02 -1.087879e-01
    endloop
  endfacet
  facet normal -5.032764e-02 1.783930e-03 -9.987312e-01
    outer loop
      vertex -3.151042e-03 -9.504201e-02 -1.083368e-01
      vertex -2.619680e-03 -8.005143e-02 -1.083368e-01
      vertex 5.815437e-03 -9.466515e-02 -1.087879e-01
    endloop
  endfacet
  facet normal -5.948383e-02 -3.516757e-03 -9.982231e-01
    outer loop
      vertex -2.619680e-03 -8.005143e-02 -1.083368e-01
      vertex 4.930164e-03 -7.969130e-02 -1.087879e-01
      vertex 5.815437e-03 -9.466515e-02 -1.087879e-01
    endloop
  endfacet
  facet normal 5.039856e-02 2.979625e-03 9.987247e-01
    outer loop
      vertex 5.597482e-03 -9.467804e-02 -1.127820e-01
      vertex 1.446644e-02 -9.347998e-02 -1.132331e-01
      vertex 4.712210e-03 -7.970418e-02 -1.127820e-01
    endloop
  endfacet
  facet normal 5.907889e-02 9.142721e-03 9.982114e-01
    outer loop
      vertex 4.712210e-03 -7.970418e-02 -1.127820e-01
      vertex 1.446644e-02 -9.347998e-02 -1.132331e-01
      vertex 1.217243e-02 -7.865644e-02 -1.132331e-01
    endloop
  endfacet
  facet normal 1.388186e-01 -9.903081e-01 -4.380353e-03
    outer loop
      vertex 4.712210e-03 -7.970418e-02 -1.127820e-01
      vertex 1.217243e-02 -7.865644e-02 -1.132331e-01
      vertex 4.930164e-03 -7.969130e-02 -1.087879e-01
    endloop
  endfacet
  facet normal 1.418256e-01 -9.898915e-01 6.157037e-04
    outer loop
      vertex 4.930164e-03 -7.969130e-02 -1.087879e-01
      vertex 1.217243e-02 -7.865644e-02 -1.132331e-01
      vertex 1.238882e-02 -7.862295e-02 -1.092391e-01
    endloop
  endfacet
  facet normal -1.336625e-01 9.910184e-01 4.096693e-03
    outer loop
      vertex 5.597482e-03 -9.467804e-02 -1.127820e-01
      vertex 5.815437e-03 -9.466515e-02 -1.087879e-01
      vertex 1.446644e-02 -9.347998e-02 -1.132331e-01
    endloop
  endfacet
  facet normal -1.361978e-01 9.906812e-01 -9.272258e-04
    outer loop
      vertex 1.446644e-02 -9.347998e-02 -1.132331e-01
      vertex 5.815437e-03 -9.466515e-02 -1.087879e-01
      vertex 1.468283e-02 -9.344650e-02 -1.092391e-01
    endloop
  endfacet
  facet normal -5.040435e-02 -2.979967e-03 -9.987244e-01
    outer loop
      vertex 5.815437e-03 -9.466515e-02 -1.087879e-01
      vertex 4.930164e-03 -7.969130e-02 -1.087879e-01
      vertex 1.468283e-02 -9.344650e-02 -1.092391e-01
    endloop
  endfacet
  facet normal -5.907086e-02 -9.141478e-03 -9.982119e-01
    outer loop
      vertex 4.930164e-03 -7.969130e-02 -1.087879e-01
      vertex 1.238882e-02 -7.862295e-02 -1.092391e-01
      vertex 1.468283e-02 -9.344650e-02 -1.092391e-01
    endloop
  endfacet
  facet normal 5.002486e-02 7.741569e-03 9.987180e-01
    outer loop
      vertex 1.446644e-02 -9.347998e-02 -1.132331e-01
      vertex 2.315962e-02 -9.145526e-02 -1.136842e-01
      vertex 1.217243e-02 -7.865644e-02 -1.132331e-01
    endloop
  endfacet
  facet normal 5.813466e-02 1.472169e-02 9.982002e-01
    outer loop
      vertex 1.217243e-02 -7.865644e-02 -1.132331e-01
      vertex 2.315962e-02 -9.145526e-02 -1.136842e-01
      vertex 1.947734e-02 -7.691426e-02 -1.136842e-01
    endloop
  endfacet
  facet normal 2.317286e-01 -9.727705e-01 -4.398577e-03
    outer loop
      vertex 1.217243e-02 -7.865644e-02 -1.132331e-01
      vertex 1.947734e-02 -7.691426e-02 -1.136842e-01
      vertex 1.238882e-02 -7.862295e-02 -1.092391e-01
    endloop
  endfacet
  facet normal 2.347004e-01 -9.720676e-01 6.108257e-04
    outer loop
      vertex 1.238882e-02 -7.862295e-02 -1.092391e-01
      vertex 1.947734e-02 -7.691426e-02 -1.136842e-01
      vertex 1.969021e-02 -7.686035e-02 -1.096902e-01
    endloop
  endfacet
  facet normal -2.266334e-01 9.739715e-01 4.112464e-03
    outer loop
      vertex 1.446644e-02 -9.347998e-02 -1.132331e-01
      vertex 1.468283e-02 -9.344650e-02 -1.092391e-01
      vertex 2.315962e-02 -9.145526e-02 -1.136842e-01
    endloop
  endfacet
  facet normal -2.291392e-01 9.733932e-01 -9.251229e-04
    outer loop
      vertex 2.315962e-02 -9.145526e-02 -1.136842e-01
      vertex 1.468283e-02 -9.344650e-02 -1.092391e-01
      vertex 2.337249e-02 -9.140136e-02 -1.096902e-01
    endloop
  endfacet
  facet normal -5.003065e-02 -7.742464e-03 -9.987177e-01
    outer loop
      vertex 1.468283e-02 -9.344650e-02 -1.092391e-01
      vertex 1.238882e-02 -7.862295e-02 -1.092391e-01
      vertex 2.337249e-02 -9.140136e-02 -1.096902e-01
    endloop
  endfacet
  facet normal -5.812671e-02 -1.471968e-02 -9.982007e-01
    outer loop
      vertex 1.238882e-02 -7.862295e-02 -1.092391e-01
      vertex 1.969021e-02 -7.686035e-02 -1.096902e-01
      vertex 2.337249e-02 -9.140136e-02 -1.096902e-01
    endloop
  endfacet
  facet normal 4.920174e-02 1.245957e-02 9.987111e-01
    outer loop
      vertex 2.315962e-02 -9.145526e-02 -1.136842e-01
      vertex 3.160035e-02 -8.862632e-02 -1.141353e-01
      vertex 1.947734e-02 -7.691426e-02 -1.136842e-01
    endloop
  endfacet
  facet normal 5.666425e-02 2.020405e-02 9.981888e-01
    outer loop
      vertex 1.947734e-02 -7.691426e-02 -1.136842e-01
      vertex 3.160035e-02 -8.862632e-02 -1.141353e-01
      vertex 2.656265e-02 -7.449757e-02 -1.141353e-01
    endloop
  endfacet
  facet normal 3.225674e-01 -9.465362e-01 -4.416942e-03
    outer loop
      vertex 1.947734e-02 -7.691426e-02 -1.136842e-01
      vertex 2.656265e-02 -7.449757e-02 -1.141353e-01
      vertex 1.969021e-02 -7.686035e-02 -1.096902e-01
    endloop
  endfacet
  facet normal 3.254771e-01 -9.455497e-01 6.058750e-04
    outer loop
      vertex 1.969021e-02 -7.686035e-02 -1.096902e-01
      vertex 2.656265e-02 -7.449757e-02 -1.141353e-01
      vertex 2.677008e-02 -7.442361e-02 -1.101414e-01
    endloop
  endfacet
  facet normal -3.175798e-01 9.482226e-01 4.128347e-03
    outer loop
      vertex 2.315962e-02 -9.145526e-02 -1.136842e-01
      vertex 2.337249e-02 -9.140136e-02 -1.096902e-01
      vertex 3.160035e-02 -8.862632e-02 -1.141353e-01
    endloop
  endfacet
  facet normal -3.200333e-01 9.474058e-01 -9.229803e-04
    outer loop
      vertex 3.160035e-02 -8.862632e-02 -1.141353e-01
      vertex 2.337249e-02 -9.140136e-02 -1.096902e-01
      vertex 3.180779e-02 -8.855235e-02 -1.101414e-01
    endloop
  endfacet
  facet normal -4.920747e-02 -1.246102e-02 -9.987108e-01
    outer loop
      vertex 2.337249e-02 -9.140136e-02 -1.096902e-01
      vertex 1.969021e-02 -7.686035e-02 -1.096902e-01
      vertex 3.180779e-02 -8.855235e-02 -1.101414e-01
    endloop
  endfacet
  facet normal -5.665645e-02 -2.020127e-02 -9.981893e-01
    outer loop
      vertex 1.969021e-02 -7.686035e-02 -1.096902e-01
      vertex 2.677008e-02 -7.442361e-02 -1.101414e-01
      vertex 3.180779e-02 -8.855235e-02 -1.101414e-01
    endloop
  endfacet
  facet normal 4.793416e-02 1.709127e-02 9.987043e-01
    outer loop
      vertex 3.160035e-02 -8.862632e-02 -1.141353e-01
      vertex 3.971465e-02 -8.502266e-02 -1.145865e-01
      vertex 2.656265e-02 -7.449757e-02 -1.141353e-01
    endloop
  endfacet
  facet normal 5.467748e-02 2.554022e-02 9.981774e-01
    outer loop
      vertex 2.656265e-02 -7.449757e-02 -1.141353e-01
      vertex 3.971465e-02 -8.502266e-02 -1.145865e-01
      vertex 3.336646e-02 -7.143220e-02 -1.145865e-01
    endloop
  endfacet
  facet normal 4.105231e-01 -9.118394e-01 -4.435448e-03
    outer loop
      vertex 2.656265e-02 -7.449757e-02 -1.141353e-01
      vertex 3.336646e-02 -7.143220e-02 -1.145865e-01
      vertex 2.677008e-02 -7.442361e-02 -1.101414e-01
    endloop
  endfacet
  facet normal 4.133435e-01 -9.105750e-01 6.008506e-04
    outer loop
      vertex 2.677008e-02 -7.442361e-02 -1.101414e-01
      vertex 3.336646e-02 -7.143220e-02 -1.145865e-01
      vertex 3.356657e-02 -7.133873e-02 -1.105926e-01
    endloop
  endfacet
  facet normal -4.056892e-01 9.140017e-01 4.144343e-03
    outer loop
      vertex 3.160035e-02 -8.862632e-02 -1.141353e-01
      vertex 3.180779e-02 -8.855235e-02 -1.101414e-01
      vertex 3.971465e-02 -8.502266e-02 -1.145865e-01
    endloop
  endfacet
  facet normal -4.080677e-01 9.129512e-01 -9.207975e-04
    outer loop
      vertex 3.971465e-02 -8.502266e-02 -1.145865e-01
      vertex 3.180779e-02 -8.855235e-02 -1.101414e-01
      vertex 3.991476e-02 -8.492918e-02 -1.105926e-01
    endloop
  endfacet
  facet normal -4.793977e-02 -1.709327e-02 -9.987040e-01
    outer loop
      vertex 3.180779e-02 -8.855235e-02 -1.101414e-01
      vertex 2.677008e-02 -7.442361e-02 -1.101414e-01
      vertex 3.991476e-02 -8.492918e-02 -1.105926e-01
    endloop
  endfacet
  facet normal -5.466991e-02 -2.553668e-02 -9.981779e-01
    outer loop
      vertex 2.677008e-02 -7.442361e-02 -1.101414e-01
      vertex 3.356657e-02 -7.133873e-02 -1.105926e-01
      vertex 3.991476e-02 -8.492918e-02 -1.105926e-01
    endloop
  endfacet
  facet normal 4.623106e-02 2.159484e-02 9.986973e-01
    outer loop
      vertex 3.971465e-02 -8.502266e-02 -1.145865e-01
      vertex 4.743183e-02 -8.068056e-02 -1.150376e-01
      vertex 3.336646e-02 -7.143220e-02 -1.145865e-01
    endloop
  endfacet
  facet normal 5.218882e-02 3.068163e-02 9.981658e-01
    outer loop
      vertex 3.336646e-02 -7.143220e-02 -1.145865e-01
      vertex 4.743183e-02 -8.068056e-02 -1.150376e-01
      vertex 3.982978e-02 -6.774963e-02 -1.150376e-01
    endloop
  endfacet
  facet normal 4.948092e-01 -8.689902e-01 -4.454097e-03
    outer loop
      vertex 3.336646e-02 -7.143220e-02 -1.145865e-01
      vertex 3.982978e-02 -6.774963e-02 -1.150376e-01
      vertex 3.356657e-02 -7.133873e-02 -1.105926e-01
    endloop
  endfacet
  facet normal 4.975138e-01 -8.674559e-01 5.957513e-04
    outer loop
      vertex 3.356657e-02 -7.133873e-02 -1.105926e-01
      vertex 3.982978e-02 -6.774963e-02 -1.150376e-01
      vertex 4.002073e-02 -6.763737e-02 -1.110437e-01
    endloop
  endfacet
  facet normal -4.901742e-01 8.716145e-01 4.160453e-03
    outer loop
      vertex 3.971465e-02 -8.502266e-02 -1.145865e-01
      vertex 3.991476e-02 -8.492918e-02 -1.105926e-01
      vertex 4.743183e-02 -8.068056e-02 -1.150376e-01
    endloop
  endfacet
  facet normal -4.924556e-01 8.703371e-01 -9.185739e-04
    outer loop
      vertex 4.743183e-02 -8.068056e-02 -1.150376e-01
      vertex 3.991476e-02 -8.492918e-02 -1.105926e-01
      vertex 4.762278e-02 -8.056830e-02 -1.110437e-01
    endloop
  endfacet
  facet normal -4.623650e-02 -2.159738e-02 -9.986970e-01
    outer loop
      vertex 3.991476e-02 -8.492918e-02 -1.105926e-01
      vertex 3.356657e-02 -7.133873e-02 -1.105926e-01
      vertex 4.762278e-02 -8.056830e-02 -1.110437e-01
    endloop
  endfacet
  facet normal -5.218155e-02 -3.067736e-02 -9.981663e-01
    outer loop
      vertex 3.356657e-02 -7.133873e-02 -1.105926e-01
      vertex 4.002073e-02 -6.763737e-02 -1.110437e-01
      vertex 4.762278e-02 -8.056830e-02 -1.110437e-01
    endloop
  endfacet
  facet normal 4.410533e-02 2.592937e-02 9.986903e-01
    outer loop
      vertex 4.743183e-02 -8.068056e-02 -1.150376e-01
      vertex 5.468512e-02 -7.564270e-02 -1.154887e-01
      vertex 3.982978e-02 -6.774963e-02 -1.150376e-01
    endloop
  endfacet
  facet normal 4.921732e-02 3.558115e-02 9.981541e-01
    outer loop
      vertex 3.982978e-02 -6.774963e-02 -1.150376e-01
      vertex 5.468512e-02 -7.564270e-02 -1.154887e-01
      vertex 4.589703e-02 -6.348666e-02 -1.154887e-01
    endloop
  endfacet
  facet normal 5.746720e-01 -8.183716e-01 -4.472892e-03
    outer loop
      vertex 3.982978e-02 -6.774963e-02 -1.150376e-01
      vertex 4.589703e-02 -6.348666e-02 -1.154887e-01
      vertex 4.002073e-02 -6.763737e-02 -1.110437e-01
    endloop
  endfacet
  facet normal 5.772351e-01 -8.165778e-01 5.905761e-04
    outer loop
      vertex 4.002073e-02 -6.763737e-02 -1.110437e-01
      vertex 4.589703e-02 -6.348666e-02 -1.154887e-01
      vertex 4.607706e-02 -6.335651e-02 -1.114949e-01
    endloop
  endfacet
  facet normal -5.702801e-01 8.214397e-01 4.176678e-03
    outer loop
      vertex 4.743183e-02 -8.068056e-02 -1.150376e-01
      vertex 4.762278e-02 -8.056830e-02 -1.110437e-01
      vertex 5.468512e-02 -7.564270e-02 -1.154887e-01
    endloop
  endfacet
  facet normal -5.724426e-01 8.199443e-01 -9.163089e-04
    outer loop
      vertex 5.468512e-02 -7.564270e-02 -1.154887e-01
      vertex 4.762278e-02 -8.056830e-02 -1.110437e-01
      vertex 5.486515e-02 -7.551255e-02 -1.114949e-01
    endloop
  endfacet
  facet normal -4.411055e-02 -2.593244e-02 -9.986900e-01
    outer loop
      vertex 4.762278e-02 -8.056830e-02 -1.110437e-01
      vertex 4.002073e-02 -6.763737e-02 -1.110437e-01
      vertex 5.486515e-02 -7.551255e-02 -1.114949e-01
    endloop
  endfacet
  facet normal -4.921041e-02 -3.557616e-02 -9.981546e-01
    outer loop
      vertex 4.002073e-02 -6.763737e-02 -1.110437e-01
      vertex 4.607706e-02 -6.335651e-02 -1.114949e-01
      vertex 5.486515e-02 -7.551255e-02 -1.114949e-01
    endloop
  endfacet
  facet normal 4.157367e-02 3.005526e-02 9.986833e-01
    outer loop
      vertex 5.468512e-02 -7.564270e-02 -1.154887e-01
      vertex 6.141226e-02 -6.995778e-02 -1.159398e-01
      vertex 4.589703e-02 -6.348666e-02 -1.154887e-01
    endloop
  endfacet
  facet normal 4.578642e-02 4.019349e-02 9.981423e-01
    outer loop
      vertex 4.589703e-02 -6.348666e-02 -1.154887e-01
      vertex 6.141226e-02 -6.995778e-02 -1.159398e-01
      vertex 5.151652e-02 -5.868505e-02 -1.159398e-01
    endloop
  endfacet
  facet normal 6.493974e-01 -7.604359e-01 -4.491833e-03
    outer loop
      vertex 4.589703e-02 -6.348666e-02 -1.154887e-01
      vertex 5.151652e-02 -5.868505e-02 -1.159398e-01
      vertex 4.607706e-02 -6.335651e-02 -1.114949e-01
    endloop
  endfacet
  facet normal 6.517941e-01 -7.583957e-01 5.853238e-04
    outer loop
      vertex 4.607706e-02 -6.335651e-02 -1.114949e-01
      vertex 5.151652e-02 -5.868505e-02 -1.159398e-01
      vertex 5.168396e-02 -5.853807e-02 -1.119461e-01
    endloop
  endfacet
  facet normal -6.452911e-01 7.639253e-01 4.193020e-03
    outer loop
      vertex 5.468512e-02 -7.564270e-02 -1.154887e-01
      vertex 5.486515e-02 -7.551255e-02 -1.114949e-01
      vertex 6.141226e-02 -6.995778e-02 -1.159398e-01
    endloop
  endfacet
  facet normal -6.473140e-01 7.622229e-01 -9.140019e-04
    outer loop
      vertex 6.141226e-02 -6.995778e-02 -1.159398e-01
      vertex 5.486515e-02 -7.551255e-02 -1.114949e-01
      vertex 6.157969e-02 -6.981080e-02 -1.119461e-01
    endloop
  endfacet
  facet normal -4.157863e-02 -3.005884e-02 -9.986830e-01
    outer loop
      vertex 5.486515e-02 -7.551255e-02 -1.114949e-01
      vertex 4.607706e-02 -6.335651e-02 -1.114949e-01
      vertex 6.157969e-02 -6.981080e-02 -1.119461e-01
    endloop
  endfacet
  facet normal -4.577995e-02 -4.018781e-02 -9.981428e-01
    outer loop
      vertex 4.607706e-02 -6.335651e-02 -1.114949e-01
      vertex 5.168396e-02 -5.853807e-02 -1.119461e-01
      vertex 6.157969e-02 -6.981080e-02 -1.119461e-01
    endloop
  endfacet
  facet normal 3.865653e-02 3.393453e-02 9.986762e-01
    outer loop
      vertex 6.141226e-02 -6.995778e-02 -1.159398e-01
      vertex 6.755603e-02 -6.367999e-02 -1.163910e-01
      vertex 5.151652e-02 -5.868505e-02 -1.159398e-01
    endloop
  endfacet
  facet normal 4.192383e-02 4.447562e-02 9.981304e-01
    outer loop
      vertex 5.151652e-02 -5.868505e-02 -1.159398e-01
      vertex 6.755603e-02 -6.367999e-02 -1.163910e-01
      vertex 5.664092e-02 -5.339114e-02 -1.163910e-01
    endloop
  endfacet
  facet normal 7.183173e-01 -6.957010e-01 -4.510922e-03
    outer loop
      vertex 5.151652e-02 -5.868505e-02 -1.159398e-01
      vertex 5.664092e-02 -5.339114e-02 -1.163910e-01
      vertex 5.168396e-02 -5.853807e-02 -1.119461e-01
    endloop
  endfacet
  facet normal 7.205240e-01 -6.934297e-01 5.799933e-04
    outer loop
      vertex 5.168396e-02 -5.853807e-02 -1.119461e-01
      vertex 5.664092e-02 -5.339114e-02 -1.163910e-01
      vertex 5.679419e-02 -5.322854e-02 -1.123972e-01
    endloop
  endfacet
  facet normal -7.145368e-01 6.995852e-01 4.209480e-03
    outer loop
      vertex 6.141226e-02 -6.995778e-02 -1.159398e-01
      vertex 6.157969e-02 -6.981080e-02 -1.119461e-01
      vertex 6.755603e-02 -6.367999e-02 -1.163910e-01
    endloop
  endfacet
  facet normal -7.164003e-01 6.976889e-01 -9.116522e-04
    outer loop
      vertex 6.755603e-02 -6.367999e-02 -1.163910e-01
      vertex 6.157969e-02 -6.981080e-02 -1.119461e-01
      vertex 6.770930e-02 -6.351740e-02 -1.123972e-01
    endloop
  endfacet
  facet normal -3.866116e-02 -3.393860e-02 -9.986759e-01
    outer loop
      vertex 6.157969e-02 -6.981080e-02 -1.119461e-01
      vertex 5.168396e-02 -5.853807e-02 -1.119461e-01
      vertex 6.770930e-02 -6.351740e-02 -1.123972e-01
    endloop
  endfacet
  facet normal -4.191787e-02 -4.446930e-02 -9.981309e-01
    outer loop
      vertex 5.168396e-02 -5.853807e-02 -1.119461e-01
      vertex 5.679419e-02 -5.322854e-02 -1.123972e-01
      vertex 6.770930e-02 -6.351740e-02 -1.123972e-01
    endloop
  endfacet
  facet normal 3.537786e-02 3.753122e-02 9.986690e-01
    outer loop
      vertex 6.755603e-02 -6.367999e-02 -1.163910e-01
      vertex 7.306472e-02 -5.686855e-02 -1.168421e-01
      vertex 5.664092e-02 -5.339114e-02 -1.163910e-01
    endloop
  endfacet
  facet normal 3.766127e-02 4.838721e-02 9.981184e-01
    outer loop
      vertex 5.664092e-02 -5.339114e-02 -1.163910e-01
      vertex 7.306472e-02 -5.686855e-02 -1.168421e-01
      vertex 6.122761e-02 -4.765536e-02 -1.168421e-01
    endloop
  endfacet
  facet normal 7.808153e-01 -6.247455e-01 -4.530162e-03
    outer loop
      vertex 5.664092e-02 -5.339114e-02 -1.163910e-01
      vertex 6.122761e-02 -4.765536e-02 -1.168421e-01
      vertex 5.679419e-02 -5.322854e-02 -1.123972e-01
    endloop
  endfacet
  facet normal 7.828098e-01 -6.222608e-01 5.745834e-04
    outer loop
      vertex 5.679419e-02 -5.322854e-02 -1.123972e-01
      vertex 6.122761e-02 -4.765536e-02 -1.168421e-01
      vertex 6.136526e-02 -4.747851e-02 -1.128484e-01
    endloop
  endfacet
  facet normal -7.773985e-01 6.289942e-01 4.226058e-03
    outer loop
      vertex 6.755603e-02 -6.367999e-02 -1.163910e-01
      vertex 6.770930e-02 -6.351740e-02 -1.123972e-01
      vertex 7.306472e-02 -5.686855e-02 -1.168421e-01
    endloop
  endfacet
  facet normal -7.790841e-01 6.269188e-01 -9.092592e-04
    outer loop
      vertex 7.306472e-02 -5.686855e-02 -1.168421e-01
      vertex 6.770930e-02 -6.351740e-02 -1.123972e-01
      vertex 7.320237e-02 -5.669170e-02 -1.128484e-01
    endloop
  endfacet
  facet normal -3.538212e-02 -3.753574e-02 -9.986687e-01
    outer loop
      vertex 6.770930e-02 -6.351740e-02 -1.123972e-01
      vertex 5.679419e-02 -5.322854e-02 -1.123972e-01
      vertex 7.320237e-02 -5.669170e-02 -1.128484e-01
    endloop
  endfacet
  facet normal -3.765589e-02 -4.838029e-02 -9.981189e-01
    outer loop
      vertex 5.679419e-02 -5.322854e-02 -1.123972e-01
      vertex 6.136526e-02 -4.747851e-02 -1.128484e-01
      vertex 7.320237e-02 -5.669170e-02 -1.128484e-01
    endloop
  endfacet
  facet normal 3.176500e-02 4.081167e-02 9.986618e-01
    outer loop
      vertex 7.306472e-02 -5.686855e-02 -1.168421e-01
      vertex 7.789259e-02 -4.958713e-02 -1.172932e-01
      vertex 6.122761e-02 -4.765536e-02 -1.168421e-01
    endloop
  endfacet
  facet normal 3.303424e-02 5.189093e-02 9.981062e-01
    outer loop
      vertex 6.122761e-02 -4.765536e-02 -1.168421e-01
      vertex 7.789259e-02 -4.958713e-02 -1.172932e-01
      vertex 6.523907e-02 -4.153179e-02 -1.172932e-01
    endloop
  endfacet
  facet normal 8.363325e-01 -5.482036e-01 -4.549553e-03
    outer loop
      vertex 6.122761e-02 -4.765536e-02 -1.168421e-01
      vertex 6.523907e-02 -4.153179e-02 -1.172932e-01
      vertex 6.136526e-02 -4.747851e-02 -1.128484e-01
    endloop
  endfacet
  facet normal 8.380942e-01 -5.455253e-01 5.690929e-04
    outer loop
      vertex 6.136526e-02 -4.747851e-02 -1.128484e-01
      vertex 6.523907e-02 -4.153179e-02 -1.172932e-01
      vertex 6.535978e-02 -4.134218e-02 -1.132996e-01
    endloop
  endfacet
  facet normal -8.333145e-01 5.527829e-01 4.242757e-03
    outer loop
      vertex 7.306472e-02 -5.686855e-02 -1.168421e-01
      vertex 7.320237e-02 -5.669170e-02 -1.128484e-01
      vertex 7.789259e-02 -4.958713e-02 -1.172932e-01
    endloop
  endfacet
  facet normal -8.348050e-01 5.505451e-01 -9.068223e-04
    outer loop
      vertex 7.789259e-02 -4.958713e-02 -1.172932e-01
      vertex 7.320237e-02 -5.669170e-02 -1.128484e-01
      vertex 7.801329e-02 -4.939753e-02 -1.132996e-01
    endloop
  endfacet
  facet normal -3.176885e-02 -4.081661e-02 -9.986615e-01
    outer loop
      vertex 7.320237e-02 -5.669170e-02 -1.128484e-01
      vertex 6.136526e-02 -4.747851e-02 -1.128484e-01
      vertex 7.801329e-02 -4.939753e-02 -1.132996e-01
    endloop
  endfacet
  facet normal -3.302949e-02 -5.188346e-02 -9.981068e-01
    outer loop
      vertex 6.136526e-02 -4.747851e-02 -1.128484e-01
      vertex 6.535978e-02 -4.134218e-02 -1.132996e-01
      vertex 7.801329e-02 -4.939753e-02 -1.132996e-01
    endloop
  endfacet
  facet normal 2.784839e-02 4.374487e-02 9.986545e-01
    outer loop
      vertex 7.789259e-02 -4.958713e-02 -1.172932e-01
      vertex 8.200021e-02 -4.190326e-02 -1.177444e-01
      vertex 6.523907e-02 -4.153179e-02 -1.172932e-01
    endloop
  endfacet
  facet normal 2.808169e-02 5.495289e-02 9.980940e-01
    outer loop
      vertex 6.523907e-02 -4.153179e-02 -1.172932e-01
      vertex 8.200021e-02 -4.190326e-02 -1.177444e-01
      vertex 6.864316e-02 -3.507762e-02 -1.177444e-01
    endloop
  endfacet
  facet normal 8.843724e-01 -4.667597e-01 -4.569097e-03
    outer loop
      vertex 6.523907e-02 -4.153179e-02 -1.172932e-01
      vertex 6.864316e-02 -3.507762e-02 -1.177444e-01
      vertex 6.535978e-02 -4.134218e-02 -1.132996e-01
    endloop
  endfacet
  facet normal 8.858824e-01 -4.639095e-01 5.635206e-04
    outer loop
      vertex 6.535978e-02 -4.134218e-02 -1.132996e-01
      vertex 6.864316e-02 -3.507762e-02 -1.177444e-01
      vertex 6.874574e-02 -3.487688e-02 -1.137507e-01
    endloop
  endfacet
  facet normal -8.817851e-01 4.716321e-01 4.259578e-03
    outer loop
      vertex 7.789259e-02 -4.958713e-02 -1.172932e-01
      vertex 7.801329e-02 -4.939753e-02 -1.132996e-01
      vertex 8.200021e-02 -4.190326e-02 -1.177444e-01
    endloop
  endfacet
  facet normal -8.830648e-01 4.692502e-01 -9.043409e-04
    outer loop
      vertex 8.200021e-02 -4.190326e-02 -1.177444e-01
      vertex 7.801329e-02 -4.939753e-02 -1.132996e-01
      vertex 8.210279e-02 -4.170252e-02 -1.137507e-01
    endloop
  endfacet
  facet normal -2.785178e-02 -4.375021e-02 -9.986542e-01
    outer loop
      vertex 7.801329e-02 -4.939753e-02 -1.132996e-01
      vertex 6.535978e-02 -4.134218e-02 -1.132996e-01
      vertex 8.210279e-02 -4.170252e-02 -1.137507e-01
    endloop
  endfacet
  facet normal -2.807763e-02 -5.494493e-02 -9.980945e-01
    outer loop
      vertex 6.535978e-02 -4.134218e-02 -1.132996e-01
      vertex 6.874574e-02 -3.487688e-02 -1.137507e-01
      vertex 8.210279e-02 -4.170252e-02 -1.137507e-01
    endloop
  endfacet
  facet normal 2.366135e-02 4.630275e-02 9.986472e-01
    outer loop
      vertex 8.200021e-02 -4.190326e-02 -1.177444e-01
      vertex 8.535482e-02 -3.388769e-02 -1.181955e-01
      vertex 6.864316e-02 -3.507762e-02 -1.177444e-01
    endloop
  endfacet
  facet normal 2.284575e-02 5.754287e-02 9.980816e-01
    outer loop
      vertex 6.864316e-02 -3.507762e-02 -1.177444e-01
      vertex 8.535482e-02 -3.388769e-02 -1.181955e-01
      vertex 7.141340e-02 -2.835265e-02 -1.181955e-01
    endloop
  endfacet
  facet normal 9.245052e-01 -3.811418e-01 -4.588796e-03
    outer loop
      vertex 6.864316e-02 -3.507762e-02 -1.177444e-01
      vertex 7.141340e-02 -2.835265e-02 -1.181955e-01
      vertex 6.874574e-02 -3.487688e-02 -1.137507e-01
    endloop
  endfacet
  facet normal 9.257469e-01 -3.781432e-01 5.578652e-04
    outer loop
      vertex 6.874574e-02 -3.487688e-02 -1.137507e-01
      vertex 7.141340e-02 -2.835265e-02 -1.181955e-01
      vertex 7.149683e-02 -2.814251e-02 -1.142019e-01
    endloop
  endfacet
  facet normal -9.223771e-01 3.862670e-01 4.276521e-03
    outer loop
      vertex 8.200021e-02 -4.190326e-02 -1.177444e-01
      vertex 8.210279e-02 -4.170252e-02 -1.137507e-01
      vertex 8.535482e-02 -3.388769e-02 -1.181955e-01
    endloop
  endfacet
  facet normal -9.234321e-01 3.837608e-01 -9.018141e-04
    outer loop
      vertex 8.535482e-02 -3.388769e-02 -1.181955e-01
      vertex 8.210279e-02 -4.170252e-02 -1.137507e-01
      vertex 8.543825e-02 -3.367755e-02 -1.142019e-01
    endloop
  endfacet
  facet normal -2.366426e-02 -4.630843e-02 -9.986469e-01
    outer loop
      vertex 8.210279e-02 -4.170252e-02 -1.137507e-01
      vertex 6.874574e-02 -3.487688e-02 -1.137507e-01
      vertex 8.543825e-02 -3.367755e-02 -1.142019e-01
    endloop
  endfacet
  facet normal -2.284242e-02 -5.753448e-02 -9.980822e-01
    outer loop
      vertex 6.874574e-02 -3.487688e-02 -1.137507e-01
      vertex 7.149683e-02 -2.814251e-02 -1.142019e-01
      vertex 8.543825e-02 -3.367755e-02 -1.142019e-01
    endloop
  endfacet
  facet normal 1.923982e-02 4.846041e-02 9.986398e-01
    outer loop
      vertex 8.535482e-02 -3.388769e-02 -1.181955e-01
      vertex 8.793057e-02 -2.561378e-02 -1.186466e-01
      vertex 7.141340e-02 -2.835265e-02 -1.181955e-01
    endloop
  endfacet
  facet normal 1.737132e-02 5.963470e-02 9.980691e-01
    outer loop
      vertex 7.141340e-02 -2.835265e-02 -1.181955e-01
      vertex 8.793057e-02 -2.561378e-02 -1.186466e-01
      vertex 7.352914e-02 -2.141870e-02 -1.186466e-01
    endloop
  endfacet
  facet normal 9.563720e-01 -2.921153e-01 -4.608652e-03
    outer loop
      vertex 7.141340e-02 -2.835265e-02 -1.181955e-01
      vertex 7.352914e-02 -2.141870e-02 -1.186466e-01
      vertex 7.149683e-02 -2.814251e-02 -1.142019e-01
    endloop
  endfacet
  facet normal 9.573309e-01 -2.889936e-01 5.521256e-04
    outer loop
      vertex 7.149683e-02 -2.814251e-02 -1.142019e-01
      vertex 7.352914e-02 -2.141870e-02 -1.186466e-01
      vertex 7.359256e-02 -2.120098e-02 -1.146530e-01
    endloop
  endfacet
  facet normal -9.547277e-01 2.974501e-01 4.293588e-03
    outer loop
      vertex 8.535482e-02 -3.388769e-02 -1.181955e-01
      vertex 8.543825e-02 -3.367755e-02 -1.142019e-01
      vertex 8.793057e-02 -2.561378e-02 -1.186466e-01
    endloop
  endfacet
  facet normal -9.555460e-01 2.948407e-01 -8.992415e-04
    outer loop
      vertex 8.793057e-02 -2.561378e-02 -1.186466e-01
      vertex 8.543825e-02 -3.367755e-02 -1.142019e-01
      vertex 8.799399e-02 -2.539606e-02 -1.146530e-01
    endloop
  endfacet
  facet normal -1.924219e-02 -4.846640e-02 -9.986394e-01
    outer loop
      vertex 8.543825e-02 -3.367755e-02 -1.142019e-01
      vertex 7.149683e-02 -2.814251e-02 -1.142019e-01
      vertex 8.799399e-02 -2.539606e-02 -1.146530e-01
    endloop
  endfacet
  facet normal -1.736877e-02 -5.962595e-02 -9.980697e-01
    outer loop
      vertex 7.149683e-02 -2.814251e-02 -1.142019e-01
      vertex 7.359256e-02 -2.120098e-02 -1.146530e-01
      vertex 8.799399e-02 -2.539606e-02 -1.146530e-01
    endloop
  endfacet
  facet normal 1.462199e-02 5.019641e-02 9.986323e-01
    outer loop
      vertex 8.793057e-02 -2.561378e-02 -1.186466e-01
      vertex 8.970870e-02 -1.715678e-02 -1.190977e-01
      vertex 7.352914e-02 -2.141870e-02 -1.186466e-01
    endloop
  endfacet
  facet normal 1.170573e-02 6.120646e-02 9.980565e-01
    outer loop
      vertex 7.352914e-02 -2.141870e-02 -1.186466e-01
      vertex 8.970870e-02 -1.715678e-02 -1.190977e-01
      vertex 7.497573e-02 -1.433910e-02 -1.190977e-01
    endloop
  endfacet
  facet normal 9.796876e-01 -2.004762e-01 -4.628667e-03
    outer loop
      vertex 7.352914e-02 -2.141870e-02 -1.186466e-01
      vertex 7.497573e-02 -1.433910e-02 -1.190977e-01
      vertex 7.359256e-02 -2.120098e-02 -1.146530e-01
    endloop
  endfacet
  facet normal 9.803515e-01 -1.972580e-01 5.463004e-04
    outer loop
      vertex 7.359256e-02 -2.120098e-02 -1.146530e-01
      vertex 7.497573e-02 -1.433910e-02 -1.190977e-01
      vertex 7.501845e-02 -1.411570e-02 -1.151042e-01
    endloop
  endfacet
  facet normal -9.785477e-01 2.059751e-01 4.310780e-03
    outer loop
      vertex 8.793057e-02 -2.561378e-02 -1.186466e-01
      vertex 8.799399e-02 -2.539606e-02 -1.146530e-01
      vertex 8.970870e-02 -1.715678e-02 -1.190977e-01
    endloop
  endfacet
  facet normal -9.791192e-01 2.032849e-01 -8.966223e-04
    outer loop
      vertex 8.970870e-02 -1.715678e-02 -1.190977e-01
      vertex 8.799399e-02 -2.539606e-02 -1.146530e-01
      vertex 8.975143e-02 -1.693338e-02 -1.151042e-01
    endloop
  endfacet
  facet normal -1.462380e-02 -5.020264e-02 -9.986320e-01
    outer loop
      vertex 8.799399e-02 -2.539606e-02 -1.146530e-01
      vertex 7.359256e-02 -2.120098e-02 -1.146530e-01
      vertex 8.975143e-02 -1.693338e-02 -1.151042e-01
    endloop
  endfacet
  facet normal -1.170400e-02 -6.119742e-02 -9.980571e-01
    outer loop
      vertex 7.359256e-02 -2.120098e-02 -1.146530e-01
      vertex 7.501845e-02 -1.411570e-02 -1.151042e-01
      vertex 8.975143e-02 -1.693338e-02 -1.151042e-01
    endloop
  endfacet
  facet normal 9.848014e-03 5.149292e-02 9.986248e-01
    outer loop
      vertex 8.970870e-02 -1.715678e-02 -1.190977e-01
      vertex 9.067770e-02 -8.593177e-03 -1.195489e-01
      vertex 7.497573e-02 -1.433910e-02 -1.190977e-01
    endloop
  endfacet
  facet normal 5.898313e-03 6.224071e-02 9.980437e-01
    outer loop
      vertex 7.497573e-02 -1.433910e-02 -1.190977e-01
      vertex 9.067770e-02 -8.593177e-03 -1.195489e-01
      vertex 7.574460e-02 -7.178025e-03 -1.195489e-01
    endloop
  endfacet
  facet normal 9.942434e-01 -1.070439e-01 -4.648842e-03
    outer loop
      vertex 7.497573e-02 -1.433910e-02 -1.190977e-01
      vertex 7.574460e-02 -7.178025e-03 -1.195489e-01
      vertex 7.501845e-02 -1.411570e-02 -1.151042e-01
    endloop
  endfacet
  facet normal 9.946025e-01 -1.037570e-01 5.403884e-04
    outer loop
      vertex 7.501845e-02 -1.411570e-02 -1.151042e-01
      vertex 7.574460e-02 -7.178025e-03 -1.195489e-01
      vertex 7.576613e-02 -6.950918e-03 -1.155554e-01
    endloop
  endfacet
  facet normal -9.936243e-01 1.126592e-01 4.328099e-03
    outer loop
      vertex 8.970870e-02 -1.715678e-02 -1.190977e-01
      vertex 8.975143e-02 -1.693338e-02 -1.151042e-01
      vertex 9.067770e-02 -8.593177e-03 -1.195489e-01
    endloop
  endfacet
  facet normal -9.939410e-01 1.099115e-01 -8.939558e-04
    outer loop
      vertex 9.067770e-02 -8.593177e-03 -1.195489e-01
      vertex 8.975143e-02 -1.693338e-02 -1.151042e-01
      vertex 9.069922e-02 -8.366071e-03 -1.155554e-01
    endloop
  endfacet
  facet normal -9.849244e-03 -5.149935e-02 -9.986245e-01
    outer loop
      vertex 8.975143e-02 -1.693338e-02 -1.151042e-01
      vertex 7.501845e-02 -1.411570e-02 -1.151042e-01
      vertex 9.069922e-02 -8.366071e-03 -1.155554e-01
    endloop
  endfacet
  facet normal -5.897436e-03 -6.223146e-02 -9.980443e-01
    outer loop
      vertex 7.501845e-02 -1.411570e-02 -1.151042e-01
      vertex 7.576613e-02 -6.950918e-03 -1.155554e-01
      vertex 9.069922e-02 -8.366071e-03 -1.155554e-01
    endloop
  endfacet
  facet normal 4.959677e-03 5.233595e-02 9.986172e-01
    outer loop
      vertex 9.067770e-02 -8.593177e-03 -1.195489e-01
      vertex 9.083333e-02 -8.899100e-17 -1.200000e-01
      vertex 7.574460e-02 -7.178025e-03 -1.195489e-01
    endloop
  endfacet
  facet normal 6.281134e-17 6.272470e-02 9.980309e-01
    outer loop
      vertex 7.574460e-02 -7.178025e-03 -1.195489e-01
      vertex 9.083333e-02 -8.899100e-17 -1.200000e-01
      vertex 7.583333e-02 -7.429524e-17 -1.200000e-01
    endloop
  endfacet
  facet normal 9.999090e-01 -1.265369e-02 -4.669179e-03
    outer loop
      vertex 7.574460e-02 -7.178025e-03 -1.195489e-01
      vertex 7.583333e-02 -7.429524e-17 -1.200000e-01
      vertex 7.576613e-02 -6.950918e-03 -1.155554e-01
    endloop
  endfacet
  facet normal 9.999564e-01 -9.326833e-03 5.343881e-04
    outer loop
      vertex 7.576613e-02 -6.950918e-03 -1.155554e-01
      vertex 7.583333e-02 -7.429524e-17 -1.200000e-01
      vertex 7.583333e-02 2.288079e-04 -1.160065e-01
    endloop
  endfacet
  facet normal -9.998224e-01 1.833633e-02 4.345545e-03
    outer loop
      vertex 9.067770e-02 -8.593177e-03 -1.195489e-01
      vertex 9.069922e-02 -8.366071e-03 -1.155554e-01
      vertex 9.083333e-02 -8.899100e-17 -1.200000e-01
    endloop
  endfacet
  facet normal -9.998786e-01 1.555509e-02 -8.912413e-04
    outer loop
      vertex 9.083333e-02 -8.899100e-17 -1.200000e-01
      vertex 9.069922e-02 -8.366071e-03 -1.155554e-01
      vertex 9.083333e-02 2.288079e-04 -1.160065e-01
    endloop
  endfacet
  facet normal -4.960300e-03 -5.234253e-02 -9.986169e-01
    outer loop
      vertex 9.069922e-02 -8.366071e-03 -1.155554e-01
      vertex 7.576613e-02 -6.950918e-03 -1.155554e-01
      vertex 9.083333e-02 2.288079e-04 -1.160065e-01
    endloop
  endfacet
  facet normal -6.279649e-17 -6.271532e-02 -9.980315e-01
    outer loop
      vertex 7.576613e-02 -6.950918e-03 -1.155554e-01
      vertex 7.583333e-02 2.288079e-04 -1.160065e-01
      vertex 9.083333e-02 2.288079e-04 -1.160065e-01
    endloop
  endfacet
  facet normal 5.164628e-17 5.271548e-02 9.986096e-01
    outer loop
      vertex 9.083333e-02 -8.899100e-17 -1.200000e-01
      vertex 9.017868e-02 8.545887e-03 -1.204511e-01
      vertex 7.583333e-02 -7.429524e-17 -1.200000e-01
    endloop
  endfacet
  facet normal -5.937147e-03 6.265050e-02 9.980179e-01
    outer loop
      vertex 7.583333e-02 -7.429524e-17 -1.200000e-01
      vertex 9.017868e-02 8.545887e-03 -1.204511e-01
      vertex 7.524559e-02 7.130735e-03 -1.204511e-01
    endloop
  endfacet
  facet normal 9.966336e-01 8.185037e-02 -4.689681e-03
    outer loop
      vertex 7.583333e-02 -7.429524e-17 -1.200000e-01
      vertex 7.524559e-02 7.130735e-03 -1.204511e-01
      vertex 7.583333e-02 2.288079e-04 -1.160065e-01
    endloop
  endfacet
  facet normal 9.963648e-01 8.518766e-02 5.282984e-04
    outer loop
      vertex 7.583333e-02 2.288079e-04 -1.160065e-01
      vertex 7.524559e-02 7.130735e-03 -1.204511e-01
      vertex 7.522393e-02 7.359207e-03 -1.164577e-01
    endloop
  endfacet
  facet normal -9.970868e-01 -7.615084e-02 4.363122e-03
    outer loop
      vertex 9.083333e-02 -8.899100e-17 -1.200000e-01
      vertex 9.083333e-02 2.288079e-04 -1.160065e-01
      vertex 9.017868e-02 8.545887e-03 -1.204511e-01
    endloop
  endfacet
  facet normal -9.968789e-01 -7.894089e-02 -8.884780e-04
    outer loop
      vertex 9.017868e-02 8.545887e-03 -1.204511e-01
      vertex 9.083333e-02 2.288079e-04 -1.160065e-01
      vertex 9.015703e-02 8.774359e-03 -1.164577e-01
    endloop
  endfacet
  facet normal -5.163586e-17 -5.272215e-02 -9.986092e-01
    outer loop
      vertex 9.083333e-02 2.288079e-04 -1.160065e-01
      vertex 7.583333e-02 2.288079e-04 -1.160065e-01
      vertex 9.015703e-02 8.774359e-03 -1.164577e-01
    endloop
  endfacet
  facet normal 5.936252e-03 -6.264106e-02 -9.980185e-01
    outer loop
      vertex 7.583333e-02 2.288079e-04 -1.160065e-01
      vertex 7.522393e-02 7.359207e-03 -1.164577e-01
      vertex 9.015703e-02 8.774359e-03 -1.164577e-01
    endloop
  endfacet
  facet normal -4.987122e-03 5.262556e-02 9.986019e-01
    outer loop
      vertex 9.017868e-02 8.545887e-03 -1.204511e-01
      vertex 8.872404e-02 1.696846e-02 -1.209023e-01
      vertex 7.524559e-02 7.130735e-03 -1.204511e-01
    endloop
  endfacet
  facet normal -1.186037e-02 6.201507e-02 9.980047e-01
    outer loop
      vertex 7.524559e-02 7.130735e-03 -1.204511e-01
      vertex 8.872404e-02 1.696846e-02 -1.209023e-01
      vertex 7.399107e-02 1.415078e-02 -1.209023e-01
    endloop
  endfacet
  facet normal 9.844462e-01 1.756232e-01 -4.710348e-03
    outer loop
      vertex 7.524559e-02 7.130735e-03 -1.204511e-01
      vertex 7.399107e-02 1.415078e-02 -1.209023e-01
      vertex 7.522393e-02 7.359207e-03 -1.164577e-01
    endloop
  endfacet
  facet normal 9.838597e-01 1.789410e-01 5.221178e-04
    outer loop
      vertex 7.522393e-02 7.359207e-03 -1.164577e-01
      vertex 7.399107e-02 1.415078e-02 -1.209023e-01
      vertex 7.394783e-02 1.437687e-02 -1.169089e-01
    endloop
  endfacet
  facet normal -9.854416e-01 -1.699580e-01 4.380828e-03
    outer loop
      vertex 9.017868e-02 8.545887e-03 -1.204511e-01
      vertex 9.015703e-02 8.774359e-03 -1.164577e-01
      vertex 8.872404e-02 1.696846e-02 -1.209023e-01
    endloop
  endfacet
  facet normal -9.849685e-01 -1.727318e-01 -8.856653e-04
    outer loop
      vertex 8.872404e-02 1.696846e-02 -1.209023e-01
      vertex 9.015703e-02 8.774359e-03 -1.164577e-01
      vertex 8.868080e-02 1.719455e-02 -1.169089e-01
    endloop
  endfacet
  facet normal 4.987756e-03 -5.263225e-02 -9.986015e-01
    outer loop
      vertex 9.015703e-02 8.774359e-03 -1.164577e-01
      vertex 7.522393e-02 7.359207e-03 -1.164577e-01
      vertex 8.868080e-02 1.719455e-02 -1.169089e-01
    endloop
  endfacet
  facet normal 1.185857e-02 -6.200566e-02 -9.980053e-01
    outer loop
      vertex 7.522393e-02 7.359207e-03 -1.164577e-01
      vertex 7.394783e-02 1.437687e-02 -1.169089e-01
      vertex 8.868080e-02 1.719455e-02 -1.169089e-01
    endloop
  endfacet
  facet normal -9.957305e-03 5.206438e-02 9.985941e-01
    outer loop
      vertex 8.872404e-02 1.696846e-02 -1.209023e-01
      vertex 8.648682e-02 2.519322e-02 -1.213534e-01
      vertex 7.399107e-02 1.415078e-02 -1.209023e-01
    endloop
  endfacet
  facet normal -1.771670e-02 6.082039e-02 9.979915e-01
    outer loop
      vertex 7.399107e-02 1.415078e-02 -1.209023e-01
      vertex 8.648682e-02 2.519322e-02 -1.213534e-01
      vertex 7.208538e-02 2.099814e-02 -1.213534e-01
    endloop
  endfacet
  facet normal 9.634556e-01 2.678264e-01 -4.731184e-03
    outer loop
      vertex 7.399107e-02 1.415078e-02 -1.209023e-01
      vertex 7.208538e-02 2.099814e-02 -1.213534e-01
      vertex 7.394783e-02 1.437687e-02 -1.169089e-01
    endloop
  endfacet
  facet normal 9.625526e-01 2.710944e-01 5.158449e-04
    outer loop
      vertex 7.394783e-02 1.437687e-02 -1.169089e-01
      vertex 7.208538e-02 2.099814e-02 -1.213534e-01
      vertex 7.202081e-02 2.121982e-02 -1.173601e-01
    endloop
  endfacet
  facet normal -9.649908e-01 -2.622468e-01 4.398667e-03
    outer loop
      vertex 8.872404e-02 1.696846e-02 -1.209023e-01
      vertex 8.868080e-02 1.719455e-02 -1.169089e-01
      vertex 8.648682e-02 2.519322e-02 -1.213534e-01
    endloop
  endfacet
  facet normal -9.642537e-01 -2.649793e-01 -8.828024e-04
    outer loop
      vertex 8.648682e-02 2.519322e-02 -1.213534e-01
      vertex 8.868080e-02 1.719455e-02 -1.169089e-01
      vertex 8.642225e-02 2.541489e-02 -1.173601e-01
    endloop
  endfacet
  facet normal 9.958579e-03 -5.207104e-02 -9.985937e-01
    outer loop
      vertex 8.868080e-02 1.719455e-02 -1.169089e-01
      vertex 7.394783e-02 1.437687e-02 -1.169089e-01
      vertex 8.642225e-02 2.541489e-02 -1.173601e-01
    endloop
  endfacet
  facet normal 1.771400e-02 -6.081110e-02 -9.979921e-01
    outer loop
      vertex 7.394783e-02 1.437687e-02 -1.169089e-01
      vertex 7.202081e-02 2.121982e-02 -1.173601e-01
      vertex 8.642225e-02 2.541489e-02 -1.173601e-01
    endloop
  endfacet
  facet normal -1.486607e-02 5.103434e-02 9.985862e-01
    outer loop
      vertex 8.648682e-02 2.519322e-02 -1.213534e-01
      vertex 8.349131e-02 3.314783e-02 -1.218045e-01
      vertex 7.208538e-02 2.099814e-02 -1.213534e-01
    endloop
  endfacet
  facet normal -2.345340e-02 5.907340e-02 9.979781e-01
    outer loop
      vertex 7.208538e-02 2.099814e-02 -1.213534e-01
      vertex 8.349131e-02 3.314783e-02 -1.218045e-01
      vertex 6.954988e-02 2.761279e-02 -1.218045e-01
    endloop
  endfacet
  facet normal 9.338493e-01 3.576352e-01 -4.752189e-03
    outer loop
      vertex 7.208538e-02 2.099814e-02 -1.213534e-01
      vertex 6.954988e-02 2.761279e-02 -1.218045e-01
      vertex 7.202081e-02 2.121982e-02 -1.173601e-01
    endloop
  endfacet
  facet normal 9.326340e-01 3.608235e-01 5.094783e-04
    outer loop
      vertex 7.202081e-02 2.121982e-02 -1.173601e-01
      vertex 6.954988e-02 2.761279e-02 -1.218045e-01
      vertex 6.946443e-02 2.782803e-02 -1.178112e-01
    endloop
  endfacet
  facet normal -9.359171e-01 -3.521927e-01 4.416639e-03
    outer loop
      vertex 8.648682e-02 2.519322e-02 -1.213534e-01
      vertex 8.642225e-02 2.541489e-02 -1.173601e-01
      vertex 8.349131e-02 3.314783e-02 -1.218045e-01
    endloop
  endfacet
  facet normal -9.349195e-01 -3.548588e-01 -8.798886e-04
    outer loop
      vertex 8.349131e-02 3.314783e-02 -1.218045e-01
      vertex 8.642225e-02 2.541489e-02 -1.173601e-01
      vertex 8.340585e-02 3.336308e-02 -1.178112e-01
    endloop
  endfacet
  facet normal 1.486799e-02 -5.104091e-02 -9.985859e-01
    outer loop
      vertex 8.642225e-02 2.541489e-02 -1.173601e-01
      vertex 7.202081e-02 2.121982e-02 -1.173601e-01
      vertex 8.340585e-02 3.336308e-02 -1.178112e-01
    endloop
  endfacet
  facet normal 2.344980e-02 -5.906432e-02 -9.979787e-01
    outer loop
      vertex 7.202081e-02 2.121982e-02 -1.173601e-01
      vertex 6.946443e-02 2.782803e-02 -1.178112e-01
      vertex 8.340585e-02 3.336308e-02 -1.178112e-01
    endloop
  endfacet
  facet normal -1.966924e-02 4.954202e-02 9.985783e-01
    outer loop
      vertex 8.349131e-02 3.314783e-02 -1.218045e-01
      vertex 7.976846e-02 4.076280e-02 -1.222556e-01
      vertex 6.954988e-02 2.761279e-02 -1.218045e-01
    endloop
  endfacet
  facet normal -2.901846e-02 5.678603e-02 9.979646e-01
    outer loop
      vertex 6.954988e-02 2.761279e-02 -1.218045e-01
      vertex 7.976846e-02 4.076280e-02 -1.222556e-01
      vertex 6.641141e-02 3.393716e-02 -1.222556e-01
    endloop
  endfacet
  facet normal 8.958918e-01 4.442466e-01 -4.773366e-03
    outer loop
      vertex 6.954988e-02 2.761279e-02 -1.218045e-01
      vertex 6.641141e-02 3.393716e-02 -1.222556e-01
      vertex 6.946443e-02 2.782803e-02 -1.178112e-01
    endloop
  endfacet
  facet normal 8.943712e-01 4.473253e-01 5.030166e-04
    outer loop
      vertex 6.946443e-02 2.782803e-02 -1.178112e-01
      vertex 6.641141e-02 3.393716e-02 -1.222556e-01
      vertex 6.630571e-02 3.414401e-02 -1.182624e-01
    endloop
  endfacet
  facet normal -8.984801e-01 -4.389919e-01 4.434746e-03
    outer loop
      vertex 8.349131e-02 3.314783e-02 -1.218045e-01
      vertex 8.340585e-02 3.336308e-02 -1.178112e-01
      vertex 7.976846e-02 4.076280e-02 -1.222556e-01
    endloop
  endfacet
  facet normal -8.972280e-01 -4.415668e-01 -8.769230e-04
    outer loop
      vertex 7.976846e-02 4.076280e-02 -1.222556e-01
      vertex 8.340585e-02 3.336308e-02 -1.178112e-01
      vertex 7.966275e-02 4.096965e-02 -1.182624e-01
    endloop
  endfacet
  facet normal 1.967179e-02 -4.954844e-02 -9.985780e-01
    outer loop
      vertex 8.340585e-02 3.336308e-02 -1.178112e-01
      vertex 6.946443e-02 2.782803e-02 -1.178112e-01
      vertex 7.966275e-02 4.096965e-02 -1.182624e-01
    endloop
  endfacet
  facet normal 2.901397e-02 -5.677724e-02 -9.979652e-01
    outer loop
      vertex 6.946443e-02 2.782803e-02 -1.178112e-01
      vertex 6.630571e-02 3.414401e-02 -1.182624e-01
      vertex 7.966275e-02 4.096965e-02 -1.182624e-01
    endloop
  endfacet
  facet normal -2.432334e-02 4.759818e-02 9.985704e-01
    outer loop
      vertex 7.976846e-02 4.076280e-02 -1.222556e-01
      vertex 7.535554e-02 4.797203e-02 -1.227068e-01
      vertex 6.641141e-02 3.393716e-02 -1.222556e-01
    endloop
  endfacet
  facet normal -3.436103e-02 5.397508e-02 9.979509e-01
    outer loop
      vertex 6.641141e-02 3.393716e-02 -1.222556e-01
      vertex 7.535554e-02 4.797203e-02 -1.227068e-01
      vertex 6.270203e-02 3.991668e-02 -1.227068e-01
    endloop
  endfacet
  facet normal 8.499224e-01 5.268860e-01 -4.794717e-03
    outer loop
      vertex 6.641141e-02 3.393716e-02 -1.222556e-01
      vertex 6.270203e-02 3.991668e-02 -1.227068e-01
      vertex 6.630571e-02 3.414401e-02 -1.182624e-01
    endloop
  endfacet
  facet normal 8.481063e-01 5.298259e-01 4.964582e-04
    outer loop
      vertex 6.630571e-02 3.414401e-02 -1.182624e-01
      vertex 6.270203e-02 3.991668e-02 -1.227068e-01
      vertex 6.257690e-02 4.011323e-02 -1.187136e-01
    endloop
  endfacet
  facet normal -8.530142e-01 -5.218688e-01 4.452989e-03
    outer loop
      vertex 7.976846e-02 4.076280e-02 -1.222556e-01
      vertex 7.966275e-02 4.096965e-02 -1.182624e-01
      vertex 7.535554e-02 4.797203e-02 -1.227068e-01
    endloop
  endfacet
  facet normal -8.515159e-01 -5.243281e-01 -8.739049e-04
    outer loop
      vertex 7.535554e-02 4.797203e-02 -1.227068e-01
      vertex 7.966275e-02 4.096965e-02 -1.182624e-01
      vertex 7.523042e-02 4.816858e-02 -1.187136e-01
    endloop
  endfacet
  facet normal 2.432651e-02 -4.760438e-02 -9.985700e-01
    outer loop
      vertex 7.966275e-02 4.096965e-02 -1.182624e-01
      vertex 6.630571e-02 3.414401e-02 -1.182624e-01
      vertex 7.523042e-02 4.816858e-02 -1.187136e-01
    endloop
  endfacet
  facet normal 3.435568e-02 -5.396667e-02 -9.979515e-01
    outer loop
      vertex 6.630571e-02 3.414401e-02 -1.182624e-01
      vertex 6.257690e-02 4.011323e-02 -1.187136e-01
      vertex 7.523042e-02 4.816858e-02 -1.187136e-01
    endloop
  endfacet
  facet normal -2.878596e-02 4.521763e-02 9.985623e-01
    outer loop
      vertex 7.535554e-02 4.797203e-02 -1.227068e-01
      vertex 7.029581e-02 5.471342e-02 -1.231579e-01
      vertex 6.270203e-02 3.991668e-02 -1.227068e-01
    endloop
  endfacet
  facet normal -3.943193e-02 5.066215e-02 9.979371e-01
    outer loop
      vertex 6.270203e-02 3.991668e-02 -1.227068e-01
      vertex 7.029581e-02 5.471342e-02 -1.231579e-01
      vertex 5.845870e-02 4.550023e-02 -1.231579e-01
    endloop
  endfacet
  facet normal 7.963520e-01 6.048142e-01 -4.816244e-03
    outer loop
      vertex 6.270203e-02 3.991668e-02 -1.227068e-01
      vertex 5.845870e-02 4.550023e-02 -1.231579e-01
      vertex 6.257690e-02 4.011323e-02 -1.187136e-01
    endloop
  endfacet
  facet normal 7.942529e-01 6.075871e-01 4.898018e-04
    outer loop
      vertex 6.257690e-02 4.011323e-02 -1.187136e-01
      vertex 5.845870e-02 4.550023e-02 -1.231579e-01
      vertex 5.831515e-02 4.568466e-02 -1.191647e-01
    endloop
  endfacet
  facet normal -7.999256e-01 -6.000826e-01 4.471371e-03
    outer loop
      vertex 7.535554e-02 4.797203e-02 -1.227068e-01
      vertex 7.523042e-02 4.816858e-02 -1.187136e-01
      vertex 7.029581e-02 5.471342e-02 -1.231579e-01
    endloop
  endfacet
  facet normal -7.981917e-01 -6.024029e-01 -8.708335e-04
    outer loop
      vertex 7.029581e-02 5.471342e-02 -1.231579e-01
      vertex 7.523042e-02 4.816858e-02 -1.187136e-01
      vertex 7.015226e-02 5.489785e-02 -1.191647e-01
    endloop
  endfacet
  facet normal 2.878973e-02 -4.522356e-02 -9.985620e-01
    outer loop
      vertex 7.523042e-02 4.816858e-02 -1.187136e-01
      vertex 6.257690e-02 4.011323e-02 -1.187136e-01
      vertex 7.015226e-02 5.489785e-02 -1.191647e-01
    endloop
  endfacet
  facet normal 3.942575e-02 -5.065420e-02 -9.979378e-01
    outer loop
      vertex 6.257690e-02 4.011323e-02 -1.187136e-01
      vertex 5.831515e-02 4.568466e-02 -1.191647e-01
      vertex 7.015226e-02 5.489785e-02 -1.191647e-01
    endloop
  endfacet
  facet normal -3.301617e-02 4.241918e-02 9.985542e-01
    outer loop
      vertex 7.029581e-02 5.471342e-02 -1.231579e-01
      vertex 6.463804e-02 6.092942e-02 -1.236090e-01
      vertex 5.845870e-02 4.550023e-02 -1.231579e-01
    endloop
  endfacet
  facet normal -4.418407e-02 4.687343e-02 9.979232e-01
    outer loop
      vertex 5.845870e-02 4.550023e-02 -1.231579e-01
      vertex 6.463804e-02 6.092942e-02 -1.236090e-01
      vertex 5.372293e-02 5.064057e-02 -1.236090e-01
    endloop
  endfacet
  facet normal 7.356595e-01 6.773343e-01 -4.837949e-03
    outer loop
      vertex 5.845870e-02 4.550023e-02 -1.231579e-01
      vertex 5.372293e-02 5.064057e-02 -1.236090e-01
      vertex 5.831515e-02 4.568466e-02 -1.191647e-01
    endloop
  endfacet
  facet normal 7.332927e-01 6.799129e-01 4.830457e-04
    outer loop
      vertex 5.831515e-02 4.568466e-02 -1.191647e-01
      vertex 5.372293e-02 5.064057e-02 -1.236090e-01
      vertex 5.356213e-02 5.081116e-02 -1.196159e-01
    endloop
  endfacet
  facet normal -7.396886e-01 -6.729343e-01 4.489891e-03
    outer loop
      vertex 7.029581e-02 5.471342e-02 -1.231579e-01
      vertex 7.015226e-02 5.489785e-02 -1.191647e-01
      vertex 6.463804e-02 6.092942e-02 -1.236090e-01
    endloop
  endfacet
  facet normal -7.377319e-01 -6.750932e-01 -8.677079e-04
    outer loop
      vertex 6.463804e-02 6.092942e-02 -1.236090e-01
      vertex 7.015226e-02 5.489785e-02 -1.191647e-01
      vertex 6.447724e-02 6.110001e-02 -1.196159e-01
    endloop
  endfacet
  facet normal 3.302053e-02 -4.242478e-02 -9.985538e-01
    outer loop
      vertex 7.015226e-02 5.489785e-02 -1.191647e-01
      vertex 5.831515e-02 4.568466e-02 -1.191647e-01
      vertex 6.447724e-02 6.110001e-02 -1.196159e-01
    endloop
  endfacet
  facet normal 4.417709e-02 -4.686603e-02 -9.979238e-01
    outer loop
      vertex 5.831515e-02 4.568466e-02 -1.191647e-01
      vertex 5.356213e-02 5.081116e-02 -1.196159e-01
      vertex 6.447724e-02 6.110001e-02 -1.196159e-01
    endloop
  endfacet
  facet normal -3.697491e-02 3.922547e-02 9.985461e-01
    outer loop
      vertex 6.463804e-02 6.092942e-02 -1.236090e-01
      vertex 5.843610e-02 6.656749e-02 -1.240602e-01
      vertex 5.372293e-02 5.064057e-02 -1.236090e-01
    endloop
  endfacet
  facet normal -4.857284e-02 4.263955e-02 9.979091e-01
    outer loop
      vertex 5.372293e-02 5.064057e-02 -1.236090e-01
      vertex 5.843610e-02 6.656749e-02 -1.240602e-01
      vertex 4.854036e-02 5.529476e-02 -1.240602e-01
    endloop
  endfacet
  facet normal 6.683874e-01 7.437975e-01 -4.859834e-03
    outer loop
      vertex 5.372293e-02 5.064057e-02 -1.236090e-01
      vertex 4.854036e-02 5.529476e-02 -1.240602e-01
      vertex 5.356213e-02 5.081116e-02 -1.196159e-01
    endloop
  endfacet
  facet normal 6.657709e-01 7.461561e-01 4.761885e-04
    outer loop
      vertex 5.356213e-02 5.081116e-02 -1.196159e-01
      vertex 4.854036e-02 5.529476e-02 -1.240602e-01
      vertex 4.836364e-02 5.544989e-02 -1.200671e-01
    endloop
  endfacet
  facet normal -6.728414e-01 -7.397731e-01 4.508552e-03
    outer loop
      vertex 6.463804e-02 6.092942e-02 -1.236090e-01
      vertex 6.447724e-02 6.110001e-02 -1.196159e-01
      vertex 5.843610e-02 6.656749e-02 -1.240602e-01
    endloop
  endfacet
  facet normal -6.706769e-01 -7.417491e-01 -8.645275e-04
    outer loop
      vertex 5.843610e-02 6.656749e-02 -1.240602e-01
      vertex 6.447724e-02 6.110001e-02 -1.196159e-01
      vertex 5.825938e-02 6.672262e-02 -1.200671e-01
    endloop
  endfacet
  facet normal 3.697982e-02 -3.923068e-02 -9.985457e-01
    outer loop
      vertex 6.447724e-02 6.110001e-02 -1.196159e-01
      vertex 5.356213e-02 5.081116e-02 -1.196159e-01
      vertex 5.825938e-02 6.672262e-02 -1.200671e-01
    endloop
  endfacet
  facet normal 4.856512e-02 -4.263277e-02 -9.979098e-01
    outer loop
      vertex 5.356213e-02 5.081116e-02 -1.196159e-01
      vertex 4.836364e-02 5.544989e-02 -1.200671e-01
      vertex 5.825938e-02 6.672262e-02 -1.200671e-01
    endloop
  endfacet
  facet normal -4.062527e-02 3.566279e-02 9.985378e-01
    outer loop
      vertex 5.843610e-02 6.656749e-02 -1.240602e-01
      vertex 5.174841e-02 7.158053e-02 -1.245113e-01
      vertex 4.854036e-02 5.529476e-02 -1.240602e-01
    endloop
  endfacet
  facet normal -5.255663e-02 3.799527e-02 9.978949e-01
    outer loop
      vertex 4.854036e-02 5.529476e-02 -1.240602e-01
      vertex 5.174841e-02 7.158053e-02 -1.245113e-01
      vertex 4.296032e-02 5.942449e-02 -1.245113e-01
    endloop
  endfacet
  facet normal 5.951372e-01 8.036092e-01 -4.881901e-03
    outer loop
      vertex 4.854036e-02 5.529476e-02 -1.240602e-01
      vertex 4.296032e-02 5.942449e-02 -1.245113e-01
      vertex 4.836364e-02 5.544989e-02 -1.200671e-01
    endloop
  endfacet
  facet normal 5.922913e-01 8.057237e-01 4.692286e-04
    outer loop
      vertex 4.836364e-02 5.544989e-02 -1.200671e-01
      vertex 4.296032e-02 5.942449e-02 -1.245113e-01
      vertex 4.276917e-02 5.956268e-02 -1.205182e-01
    endloop
  endfacet
  facet normal -5.999812e-01 -8.000013e-01 4.527355e-03
    outer loop
      vertex 5.843610e-02 6.656749e-02 -1.240602e-01
      vertex 5.825938e-02 6.672262e-02 -1.200671e-01
      vertex 5.174841e-02 7.158053e-02 -1.245113e-01
    endloop
  endfacet
  facet normal -5.976260e-01 -8.017745e-01 -8.612912e-04
    outer loop
      vertex 5.174841e-02 7.158053e-02 -1.245113e-01
      vertex 5.825938e-02 6.672262e-02 -1.200671e-01
      vertex 5.155726e-02 7.171873e-02 -1.205182e-01
    endloop
  endfacet
  facet normal 4.063070e-02 -3.566755e-02 -9.985374e-01
    outer loop
      vertex 5.825938e-02 6.672262e-02 -1.200671e-01
      vertex 4.836364e-02 5.544989e-02 -1.200671e-01
      vertex 5.155726e-02 7.171873e-02 -1.205182e-01
    endloop
  endfacet
  facet normal 5.254821e-02 -3.798919e-02 -9.978955e-01
    outer loop
      vertex 4.836364e-02 5.544989e-02 -1.200671e-01
      vertex 4.276917e-02 5.956268e-02 -1.205182e-01
      vertex 5.155726e-02 7.171873e-02 -1.205182e-01
    endloop
  endfacet
  facet normal -4.393291e-02 3.176085e-02 9.985295e-01
    outer loop
      vertex 5.174841e-02 7.158053e-02 -1.245113e-01
      vertex 4.463742e-02 7.592733e-02 -1.249624e-01
      vertex 4.296032e-02 5.942449e-02 -1.245113e-01
    endloop
  endfacet
  facet normal -5.609709e-02 3.297929e-02 9.978805e-01
    outer loop
      vertex 4.296032e-02 5.942449e-02 -1.245113e-01
      vertex 4.463742e-02 7.592733e-02 -1.249624e-01
      vertex 3.703538e-02 6.299641e-02 -1.249624e-01
    endloop
  endfacet
  facet normal 5.165639e-01 8.562346e-01 -4.904152e-03
    outer loop
      vertex 4.296032e-02 5.942449e-02 -1.245113e-01
      vertex 3.703538e-02 6.299641e-02 -1.249624e-01
      vertex 4.276917e-02 5.956268e-02 -1.205182e-01
    endloop
  endfacet
  facet normal 5.135114e-01 8.580827e-01 4.621643e-04
    outer loop
      vertex 4.276917e-02 5.956268e-02 -1.205182e-01
      vertex 3.703538e-02 6.299641e-02 -1.249624e-01
      vertex 3.683140e-02 6.311632e-02 -1.209694e-01
    endloop
  endfacet
  facet normal -5.217590e-01 -8.530808e-01 4.546303e-03
    outer loop
      vertex 5.174841e-02 7.158053e-02 -1.245113e-01
      vertex 5.155726e-02 7.171873e-02 -1.205182e-01
      vertex 4.463742e-02 7.592733e-02 -1.249624e-01
    endloop
  endfacet
  facet normal -5.192321e-01 -8.546328e-01 -8.579983e-04
    outer loop
      vertex 4.463742e-02 7.592733e-02 -1.249624e-01
      vertex 5.155726e-02 7.171873e-02 -1.205182e-01
      vertex 4.443345e-02 7.604725e-02 -1.209694e-01
    endloop
  endfacet
  facet normal 4.393882e-02 -3.176512e-02 -9.985291e-01
    outer loop
      vertex 5.155726e-02 7.171873e-02 -1.205182e-01
      vertex 4.276917e-02 5.956268e-02 -1.205182e-01
      vertex 4.443345e-02 7.604725e-02 -1.209694e-01
    endloop
  endfacet
  facet normal 5.608805e-02 -3.297398e-02 -9.978812e-01
    outer loop
      vertex 4.276917e-02 5.956268e-02 -1.205182e-01
      vertex 3.683140e-02 6.311632e-02 -1.209694e-01
      vertex 4.443345e-02 7.604725e-02 -1.209694e-01
    endloop
  endfacet
  facet normal -4.686636e-02 2.755257e-02 9.985211e-01
    outer loop
      vertex 4.463742e-02 7.592733e-02 -1.249624e-01
      vertex 3.716901e-02 7.957285e-02 -1.254135e-01
      vertex 3.703538e-02 6.299641e-02 -1.249624e-01
    endloop
  endfacet
  facet normal -5.915961e-02 2.763385e-02 9.978660e-01
    outer loop
      vertex 3.703538e-02 6.299641e-02 -1.249624e-01
      vertex 3.716901e-02 7.957285e-02 -1.254135e-01
      vertex 3.082082e-02 6.598239e-02 -1.254135e-01
    endloop
  endfacet
  facet normal 4.333701e-01 9.012026e-01 -4.926591e-03
    outer loop
      vertex 3.703538e-02 6.299641e-02 -1.249624e-01
      vertex 3.082082e-02 6.598239e-02 -1.254135e-01
      vertex 3.683140e-02 6.311632e-02 -1.209694e-01
    endloop
  endfacet
  facet normal 4.301356e-01 9.027642e-01 4.549940e-04
    outer loop
      vertex 3.683140e-02 6.311632e-02 -1.209694e-01
      vertex 3.082082e-02 6.598239e-02 -1.254135e-01
      vertex 3.060578e-02 6.608284e-02 -1.214206e-01
    endloop
  endfacet
  facet normal -4.388739e-01 -8.985371e-01 4.565395e-03
    outer loop
      vertex 4.463742e-02 7.592733e-02 -1.249624e-01
      vertex 4.443345e-02 7.604725e-02 -1.209694e-01
      vertex 3.716901e-02 7.957285e-02 -1.254135e-01
    endloop
  endfacet
  facet normal -4.361959e-01 -8.998513e-01 -8.546479e-04
    outer loop
      vertex 3.716901e-02 7.957285e-02 -1.254135e-01
      vertex 4.443345e-02 7.604725e-02 -1.209694e-01
      vertex 3.695397e-02 7.967330e-02 -1.214206e-01
    endloop
  endfacet
  facet normal 4.687270e-02 -2.755630e-02 -9.985207e-01
    outer loop
      vertex 4.443345e-02 7.604725e-02 -1.209694e-01
      vertex 3.683140e-02 6.311632e-02 -1.209694e-01
      vertex 3.695397e-02 7.967330e-02 -1.214206e-01
    endloop
  endfacet
  facet normal 5.915001e-02 -2.762937e-02 -9.978667e-01
    outer loop
      vertex 3.683140e-02 6.311632e-02 -1.209694e-01
      vertex 3.060578e-02 6.608284e-02 -1.214206e-01
      vertex 3.695397e-02 7.967330e-02 -1.214206e-01
    endloop
  endfacet
  facet normal -4.939727e-02 2.307380e-02 9.985126e-01
    outer loop
      vertex 3.716901e-02 7.957285e-02 -1.254135e-01
      vertex 2.941188e-02 8.248851e-02 -1.258647e-01
      vertex 3.082082e-02 6.598239e-02 -1.254135e-01
    endloop
  endfacet
  facet normal -6.171357e-02 2.200442e-02 9.978513e-01
    outer loop
      vertex 3.082082e-02 6.598239e-02 -1.254135e-01
      vertex 2.941188e-02 8.248851e-02 -1.258647e-01
      vertex 2.437417e-02 6.835977e-02 -1.258647e-01
    endloop
  endfacet
  facet normal 3.462996e-01 9.381109e-01 -4.949217e-03
    outer loop
      vertex 3.082082e-02 6.598239e-02 -1.254135e-01
      vertex 2.437417e-02 6.835977e-02 -1.258647e-01
      vertex 3.060578e-02 6.608284e-02 -1.214206e-01
    endloop
  endfacet
  facet normal 3.429101e-01 9.393681e-01 4.477161e-04
    outer loop
      vertex 3.060578e-02 6.608284e-02 -1.214206e-01
      vertex 2.437417e-02 6.835977e-02 -1.258647e-01
      vertex 2.414991e-02 6.843973e-02 -1.218718e-01
    endloop
  endfacet
  facet normal -3.520663e-01 -9.359638e-01 4.584635e-03
    outer loop
      vertex 3.716901e-02 7.957285e-02 -1.254135e-01
      vertex 3.695397e-02 7.967330e-02 -1.214206e-01
      vertex 2.941188e-02 8.248851e-02 -1.258647e-01
    endloop
  endfacet
  facet normal -3.492596e-01 -9.370256e-01 -8.512391e-04
    outer loop
      vertex 2.941188e-02 8.248851e-02 -1.258647e-01
      vertex 3.695397e-02 7.967330e-02 -1.214206e-01
      vertex 2.918762e-02 8.256848e-02 -1.218718e-01
    endloop
  endfacet
  facet normal 4.940400e-02 -2.307694e-02 -9.985122e-01
    outer loop
      vertex 3.695397e-02 7.967330e-02 -1.214206e-01
      vertex 3.060578e-02 6.608284e-02 -1.214206e-01
      vertex 2.918762e-02 8.256848e-02 -1.218718e-01
    endloop
  endfacet
  facet normal 6.170348e-02 -2.200082e-02 -9.978520e-01
    outer loop
      vertex 3.060578e-02 6.608284e-02 -1.214206e-01
      vertex 2.414991e-02 6.843973e-02 -1.218718e-01
      vertex 2.918762e-02 8.256848e-02 -1.218718e-01
    endloop
  endfacet
  facet normal -5.150076e-02 1.836297e-02 9.985041e-01
    outer loop
      vertex 2.941188e-02 8.248851e-02 -1.258647e-01
      vertex 2.143691e-02 8.465245e-02 -1.263158e-01
      vertex 2.437417e-02 6.835977e-02 -1.258647e-01
    endloop
  endfacet
  facet normal -6.373267e-02 1.613930e-02 9.978365e-01
    outer loop
      vertex 2.437417e-02 6.835977e-02 -1.258647e-01
      vertex 2.143691e-02 8.465245e-02 -1.263158e-01
      vertex 1.775463e-02 7.011145e-02 -1.263158e-01
    endloop
  endfacet
  facet normal 2.561311e-01 9.666293e-01 -4.972036e-03
    outer loop
      vertex 2.437417e-02 6.835977e-02 -1.258647e-01
      vertex 1.775463e-02 7.011145e-02 -1.263158e-01
      vertex 2.414991e-02 6.843973e-02 -1.218718e-01
    endloop
  endfacet
  facet normal 2.526152e-01 9.675667e-01 4.403289e-04
    outer loop
      vertex 2.414991e-02 6.843973e-02 -1.218718e-01
      vertex 1.775463e-02 7.011145e-02 -1.263158e-01
      vertex 1.752311e-02 7.017008e-02 -1.223229e-01
    endloop
  endfacet
  facet normal -2.621121e-01 -9.650264e-01 4.604023e-03
    outer loop
      vertex 2.941188e-02 8.248851e-02 -1.258647e-01
      vertex 2.918762e-02 8.256848e-02 -1.218718e-01
      vertex 2.143691e-02 8.465245e-02 -1.263158e-01
    endloop
  endfacet
  facet normal -2.592004e-01 -9.658232e-01 -8.477711e-04
    outer loop
      vertex 2.143691e-02 8.465245e-02 -1.263158e-01
      vertex 2.918762e-02 8.256848e-02 -1.218718e-01
      vertex 2.120539e-02 8.471108e-02 -1.223229e-01
    endloop
  endfacet
  facet normal 5.150782e-02 -1.836548e-02 -9.985037e-01
    outer loop
      vertex 2.918762e-02 8.256848e-02 -1.218718e-01
      vertex 2.414991e-02 6.843973e-02 -1.218718e-01
      vertex 2.120539e-02 8.471108e-02 -1.223229e-01
    endloop
  endfacet
  facet normal 6.372218e-02 -1.613665e-02 -9.978372e-01
    outer loop
      vertex 2.414991e-02 6.843973e-02 -1.218718e-01
      vertex 1.752311e-02 7.017008e-02 -1.223229e-01
      vertex 2.120539e-02 8.471108e-02 -1.223229e-01
    endloop
  endfacet
  facet normal -5.315558e-02 1.346082e-02 9.984955e-01
    outer loop
      vertex 2.143691e-02 8.465245e-02 -1.263158e-01
      vertex 1.331656e-02 8.604963e-02 -1.267669e-01
      vertex 1.775463e-02 7.011145e-02 -1.263158e-01
    endloop
  endfacet
  facet normal -6.519521e-02 1.008925e-02 9.978215e-01
    outer loop
      vertex 1.775463e-02 7.011145e-02 -1.263158e-01
      vertex 1.331656e-02 8.604963e-02 -1.267669e-01
      vertex 1.102255e-02 7.122609e-02 -1.267669e-01
    endloop
  endfacet
  facet normal 1.636710e-01 9.865023e-01 -4.995047e-03
    outer loop
      vertex 1.775463e-02 7.011145e-02 -1.263158e-01
      vertex 1.102255e-02 7.122609e-02 -1.267669e-01
      vertex 1.752311e-02 7.017008e-02 -1.223229e-01
    endloop
  endfacet
  facet normal 1.600586e-01 9.871074e-01 4.328306e-04
    outer loop
      vertex 1.752311e-02 7.017008e-02 -1.223229e-01
      vertex 1.102255e-02 7.122609e-02 -1.267669e-01
      vertex 1.078579e-02 7.126273e-02 -1.227741e-01
    endloop
  endfacet
  facet normal -1.698150e-01 -9.854651e-01 4.623561e-03
    outer loop
      vertex 2.143691e-02 8.465245e-02 -1.263158e-01
      vertex 2.120539e-02 8.471108e-02 -1.223229e-01
      vertex 1.331656e-02 8.604963e-02 -1.267669e-01
    endloop
  endfacet
  facet normal -1.668233e-01 -9.859864e-01 -8.442428e-04
    outer loop
      vertex 1.331656e-02 8.604963e-02 -1.267669e-01
      vertex 2.120539e-02 8.471108e-02 -1.223229e-01
      vertex 1.307980e-02 8.608627e-02 -1.227741e-01
    endloop
  endfacet
  facet normal 5.316291e-02 -1.346268e-02 -9.984951e-01
    outer loop
      vertex 2.120539e-02 8.471108e-02 -1.223229e-01
      vertex 1.752311e-02 7.017008e-02 -1.223229e-01
      vertex 1.307980e-02 8.608627e-02 -1.227741e-01
    endloop
  endfacet
  facet normal 6.518441e-02 -1.008758e-02 -9.978222e-01
    outer loop
      vertex 1.752311e-02 7.017008e-02 -1.223229e-01
      vertex 1.078579e-02 7.126273e-02 -1.227741e-01
      vertex 1.307980e-02 8.608627e-02 -1.227741e-01
    endloop
  endfacet
  facet normal -5.434438e-02 8.410033e-03 9.984868e-01
    outer loop
      vertex 1.331656e-02 8.604963e-02 -1.267669e-01
      vertex 5.124153e-03 8.667197e-02 -1.272180e-01
      vertex 1.102255e-02 7.122609e-02 -1.267669e-01
    endloop
  endfacet
  facet normal -6.608427e-02 3.906984e-03 9.978064e-01
    outer loop
      vertex 1.102255e-02 7.122609e-02 -1.267669e-01
      vertex 5.124153e-03 8.667197e-02 -1.272180e-01
      vertex 4.238881e-03 7.169811e-02 -1.272180e-01
    endloop
  endfacet
  facet normal 6.974621e-02 9.975521e-01 -5.018254e-03
    outer loop
      vertex 1.102255e-02 7.122609e-02 -1.267669e-01
      vertex 4.238881e-03 7.169811e-02 -1.272180e-01
      vertex 1.078579e-02 7.126273e-02 -1.227741e-01
    endloop
  endfacet
  facet normal 6.606874e-02 9.978150e-01 4.252195e-04
    outer loop
      vertex 1.078579e-02 7.126273e-02 -1.227741e-01
      vertex 4.238881e-03 7.169811e-02 -1.272180e-01
      vertex 3.998966e-03 7.171230e-02 -1.232253e-01
    endloop
  endfacet
  facet normal -7.599994e-02 -9.970970e-01 4.643252e-03
    outer loop
      vertex 1.331656e-02 8.604963e-02 -1.267669e-01
      vertex 1.307980e-02 8.608627e-02 -1.227741e-01
      vertex 5.124153e-03 8.667197e-02 -1.272180e-01
    endloop
  endfacet
  facet normal -7.295420e-02 -9.973349e-01 -8.406534e-04
    outer loop
      vertex 5.124153e-03 8.667197e-02 -1.272180e-01
      vertex 1.307980e-02 8.608627e-02 -1.227741e-01
      vertex 4.884238e-03 8.668615e-02 -1.232253e-01
    endloop
  endfacet
  facet normal 5.435192e-02 -8.411201e-03 -9.984864e-01
    outer loop
      vertex 1.307980e-02 8.608627e-02 -1.227741e-01
      vertex 1.078579e-02 7.126273e-02 -1.227741e-01
      vertex 4.884238e-03 8.668615e-02 -1.232253e-01
    endloop
  endfacet
  facet normal 6.607325e-02 -3.906332e-03 -9.978071e-01
    outer loop
      vertex 1.078579e-02 7.126273e-02 -1.227741e-01
      vertex 3.998966e-03 7.171230e-02 -1.232253e-01
      vertex 4.884238e-03 8.668615e-02 -1.232253e-01
    endloop
  endfacet
  facet normal -5.505386e-02 3.254852e-03 9.984781e-01
    outer loop
      vertex 5.124153e-03 8.667197e-02 -1.272180e-01
      vertex -3.066758e-03 8.651835e-02 -1.276692e-01
      vertex 4.238881e-03 7.169811e-02 -1.272180e-01
    endloop
  endfacet
  facet normal -6.638796e-02 -2.353210e-03 9.977911e-01
    outer loop
      vertex 4.238881e-03 7.169811e-02 -1.272180e-01
      vertex -3.066758e-03 8.651835e-02 -1.276692e-01
      vertex -2.535397e-03 7.152776e-02 -1.276692e-01
    endloop
  endfacet
  facet normal -2.480325e-02 9.996796e-01 -5.041660e-03
    outer loop
      vertex 4.238881e-03 7.169811e-02 -1.272180e-01
      vertex -2.535397e-03 7.152776e-02 -1.276692e-01
      vertex 3.998966e-03 7.171230e-02 -1.232253e-01
    endloop
  endfacet
  facet normal -2.851348e-02 9.995933e-01 4.174938e-04
    outer loop
      vertex 3.998966e-03 7.171230e-02 -1.232253e-01
      vertex -2.535397e-03 7.152776e-02 -1.276692e-01
      vertex -2.776338e-03 7.151922e-02 -1.236764e-01
    endloop
  endfacet
  facet normal 1.849484e-02 -9.998181e-01 4.663096e-03
    outer loop
      vertex 5.124153e-03 8.667197e-02 -1.272180e-01
      vertex 4.884238e-03 8.668615e-02 -1.232253e-01
      vertex -3.066758e-03 8.651835e-02 -1.276692e-01
    endloop
  endfacet
  facet normal 2.156782e-02 -9.997670e-01 -8.370020e-04
    outer loop
      vertex -3.066758e-03 8.651835e-02 -1.276692e-01
      vertex 4.884238e-03 8.668615e-02 -1.232253e-01
      vertex -3.307700e-03 8.650981e-02 -1.236764e-01
    endloop
  endfacet
  facet normal 5.506155e-02 -3.255307e-03 -9.984777e-01
    outer loop
      vertex 4.884238e-03 8.668615e-02 -1.232253e-01
      vertex 3.998966e-03 7.171230e-02 -1.232253e-01
      vertex -3.307700e-03 8.650981e-02 -1.236764e-01
    endloop
  endfacet
  facet normal 6.637681e-02 2.352814e-03 -9.977919e-01
    outer loop
      vertex 3.998966e-03 7.171230e-02 -1.232253e-01
      vertex -2.776338e-03 7.151922e-02 -1.236764e-01
      vertex -3.307700e-03 8.650981e-02 -1.236764e-01
    endloop
  endfacet
  facet normal -5.527491e-02 -1.959293e-03 9.984693e-01
    outer loop
      vertex -3.066758e-03 8.651835e-02 -1.276692e-01
      vertex -1.118305e-02 8.559461e-02 -1.281203e-01
      vertex -2.535397e-03 7.152776e-02 -1.276692e-01
    endloop
  endfacet
  facet normal -6.609947e-02 -8.635986e-03 9.977757e-01
    outer loop
      vertex -2.535397e-03 7.152776e-02 -1.276692e-01
      vertex -1.118305e-02 8.559461e-02 -1.281203e-01
      vertex -9.239797e-03 7.072101e-02 -1.281203e-01
    endloop
  endfacet
  facet normal -1.191317e-01 9.928655e-01 -5.065266e-03
    outer loop
      vertex -2.535397e-03 7.152776e-02 -1.276692e-01
      vertex -9.239797e-03 7.072101e-02 -1.281203e-01
      vertex -2.776338e-03 7.151922e-02 -1.236764e-01
    endloop
  endfacet
  facet normal -1.228416e-01 9.924262e-01 4.096517e-04
    outer loop
      vertex -2.776338e-03 7.151922e-02 -1.236764e-01
      vertex -9.239797e-03 7.072101e-02 -1.281203e-01
      vertex -9.479615e-03 7.068968e-02 -1.241276e-01
    endloop
  endfacet
  facet normal 1.128248e-01 -9.936039e-01 4.683095e-03
    outer loop
      vertex -3.066758e-03 8.651835e-02 -1.276692e-01
      vertex -3.307700e-03 8.650981e-02 -1.236764e-01
      vertex -1.118305e-02 8.559461e-02 -1.281203e-01
    endloop
  endfacet
  facet normal 1.158977e-01 -9.932608e-01 -8.332875e-04
    outer loop
      vertex -1.118305e-02 8.559461e-02 -1.281203e-01
      vertex -3.307700e-03 8.650981e-02 -1.236764e-01
      vertex -1.142287e-02 8.556327e-02 -1.241276e-01
    endloop
  endfacet
  facet normal 5.528268e-02 1.959568e-03 -9.984688e-01
    outer loop
      vertex -3.307700e-03 8.650981e-02 -1.236764e-01
      vertex -2.776338e-03 7.151922e-02 -1.236764e-01
      vertex -1.142287e-02 8.556327e-02 -1.241276e-01
    endloop
  endfacet
  facet normal 6.608829e-02 8.634525e-03 -9.977764e-01
    outer loop
      vertex -2.776338e-03 7.151922e-02 -1.236764e-01
      vertex -9.479615e-03 7.068968e-02 -1.241276e-01
      vertex -1.142287e-02 8.556327e-02 -1.241276e-01
    endloop
  endfacet
  facet normal -5.500272e-02 -7.186181e-03 9.984603e-01
    outer loop
      vertex -1.118305e-02 8.559461e-02 -1.281203e-01
      vertex -1.915269e-02 8.391344e-02 -1.285714e-01
      vertex -9.239797e-03 7.072101e-02 -1.281203e-01
    endloop
  endfacet
  facet normal -6.521726e-02 -1.488541e-02 9.977601e-01
    outer loop
      vertex -9.239797e-03 7.072101e-02 -1.281203e-01
      vertex -1.915269e-02 8.391344e-02 -1.285714e-01
      vertex -1.581488e-02 6.928952e-02 -1.285714e-01
    endloop
  endfacet
  facet normal -2.123954e-01 9.771706e-01 -5.089074e-03
    outer loop
      vertex -9.239797e-03 7.072101e-02 -1.281203e-01
      vertex -1.581488e-02 6.928952e-02 -1.285714e-01
      vertex -9.479615e-03 7.068968e-02 -1.241276e-01
    endloop
  endfacet
  facet normal -2.160716e-01 9.763774e-01 4.016913e-04
    outer loop
      vertex -9.479615e-03 7.068968e-02 -1.241276e-01
      vertex -1.581488e-02 6.928952e-02 -1.285714e-01
      vertex -1.605142e-02 6.923553e-02 -1.245788e-01
    endloop
  endfacet
  facet normal 2.061469e-01 -9.785098e-01 4.703251e-03
    outer loop
      vertex -1.118305e-02 8.559461e-02 -1.281203e-01
      vertex -1.142287e-02 8.556327e-02 -1.241276e-01
      vertex -1.915269e-02 8.391344e-02 -1.285714e-01
    endloop
  endfacet
  facet normal 2.091920e-01 -9.778742e-01 -8.295090e-04
    outer loop
      vertex -1.915269e-02 8.391344e-02 -1.285714e-01
      vertex -1.142287e-02 8.556327e-02 -1.241276e-01
      vertex -1.938924e-02 8.385945e-02 -1.245788e-01
    endloop
  endfacet
  facet normal 5.501051e-02 7.187198e-03 -9.984599e-01
    outer loop
      vertex -1.142287e-02 8.556327e-02 -1.241276e-01
      vertex -9.479615e-03 7.068968e-02 -1.241276e-01
      vertex -1.938924e-02 8.385945e-02 -1.245788e-01
    endloop
  endfacet
  facet normal 6.520615e-02 1.488288e-02 -9.977608e-01
    outer loop
      vertex -9.479615e-03 7.068968e-02 -1.241276e-01
      vertex -1.605142e-02 6.923553e-02 -1.245788e-01
      vertex -1.938924e-02 8.385945e-02 -1.245788e-01
    endloop
  endfacet
  facet normal -5.423687e-02 -1.237921e-02 9.984514e-01
    outer loop
      vertex -1.915269e-02 8.391344e-02 -1.285714e-01
      vertex -2.690538e-02 8.149424e-02 -1.290226e-01
      vertex -1.581488e-02 6.928952e-02 -1.285714e-01
    endloop
  endfacet
  facet normal -6.374502e-02 -2.104546e-02 9.977443e-01
    outer loop
      vertex -1.581488e-02 6.928952e-02 -1.285714e-01
      vertex -2.690538e-02 8.149424e-02 -1.290226e-01
      vertex -2.220278e-02 6.725045e-02 -1.290226e-01
    endloop
  endfacet
  facet normal -3.037601e-01 9.527348e-01 -5.113089e-03
    outer loop
      vertex -1.581488e-02 6.928952e-02 -1.285714e-01
      vertex -2.220278e-02 6.725045e-02 -1.290226e-01
      vertex -1.605142e-02 6.923553e-02 -1.245788e-01
    endloop
  endfacet
  facet normal -3.073689e-01 9.515904e-01 3.936107e-04
    outer loop
      vertex -1.605142e-02 6.923553e-02 -1.245788e-01
      vertex -2.220278e-02 6.725045e-02 -1.290226e-01
      vertex -2.243391e-02 6.717414e-02 -1.250300e-01
    endloop
  endfacet
  facet normal 2.976271e-01 -9.546705e-01 4.723567e-03
    outer loop
      vertex -1.915269e-02 8.391344e-02 -1.285714e-01
      vertex -1.938924e-02 8.385945e-02 -1.245788e-01
      vertex -2.690538e-02 8.149424e-02 -1.290226e-01
    endloop
  endfacet
  facet normal 3.006167e-01 -9.537447e-01 -8.256654e-04
    outer loop
      vertex -2.690538e-02 8.149424e-02 -1.290226e-01
      vertex -1.938924e-02 8.385945e-02 -1.245788e-01
      vertex -2.713651e-02 8.141793e-02 -1.250300e-01
    endloop
  endfacet
  facet normal 5.424460e-02 1.238097e-02 -9.984509e-01
    outer loop
      vertex -1.938924e-02 8.385945e-02 -1.245788e-01
      vertex -1.605142e-02 6.923553e-02 -1.245788e-01
      vertex -2.713651e-02 8.141793e-02 -1.250300e-01
    endloop
  endfacet
  facet normal 6.373409e-02 2.104185e-02 -9.977451e-01
    outer loop
      vertex -1.605142e-02 6.923553e-02 -1.245788e-01
      vertex -2.243391e-02 6.717414e-02 -1.250300e-01
      vertex -2.713651e-02 8.141793e-02 -1.250300e-01
    endloop
  endfacet
  facet normal -5.298130e-02 -1.749181e-02 9.984423e-01
    outer loop
      vertex -2.690538e-02 8.149424e-02 -1.290226e-01
      vertex -3.437315e-02 7.836288e-02 -1.294737e-01
      vertex -2.220278e-02 6.725045e-02 -1.290226e-01
    endloop
  endfacet
  facet normal -6.169177e-02 -2.706052e-02 9.977283e-01
    outer loop
      vertex -2.220278e-02 6.725045e-02 -1.290226e-01
      vertex -3.437315e-02 7.836288e-02 -1.294737e-01
      vertex -2.834772e-02 6.462628e-02 -1.294737e-01
    endloop
  endfacet
  facet normal -3.924086e-01 9.197767e-01 -5.137311e-03
    outer loop
      vertex -2.220278e-02 6.725045e-02 -1.290226e-01
      vertex -2.834772e-02 6.462628e-02 -1.294737e-01
      vertex -2.243391e-02 6.717414e-02 -1.250300e-01
    endloop
  endfacet
  facet normal -3.959164e-01 9.182865e-01 3.854080e-04
    outer loop
      vertex -2.243391e-02 6.717414e-02 -1.250300e-01
      vertex -2.834772e-02 6.462628e-02 -1.294737e-01
      vertex -2.857133e-02 6.452820e-02 -1.254811e-01
    endloop
  endfacet
  facet normal 3.864479e-01 -9.222990e-01 4.744042e-03
    outer loop
      vertex -2.690538e-02 8.149424e-02 -1.290226e-01
      vertex -2.713651e-02 8.141793e-02 -1.250300e-01
      vertex -3.437315e-02 7.836288e-02 -1.294737e-01
    endloop
  endfacet
  facet normal 3.893542e-01 -9.210877e-01 -8.217559e-04
    outer loop
      vertex -3.437315e-02 7.836288e-02 -1.294737e-01
      vertex -2.713651e-02 8.141793e-02 -1.250300e-01
      vertex -3.459676e-02 7.826480e-02 -1.254811e-01
    endloop
  endfacet
  facet normal 5.298890e-02 1.749432e-02 -9.984418e-01
    outer loop
      vertex -2.713651e-02 8.141793e-02 -1.250300e-01
      vertex -2.243391e-02 6.717414e-02 -1.250300e-01
      vertex -3.459676e-02 7.826480e-02 -1.254811e-01
    endloop
  endfacet
  facet normal 6.168111e-02 2.705584e-02 -9.977291e-01
    outer loop
      vertex -2.243391e-02 6.717414e-02 -1.250300e-01
      vertex -2.857133e-02 6.452820e-02 -1.254811e-01
      vertex -3.459676e-02 7.826480e-02 -1.254811e-01
    endloop
  endfacet
  facet normal -5.124437e-02 -2.247787e-02 9.984332e-01
    outer loop
      vertex -3.437315e-02 7.836288e-02 -1.294737e-01
      vertex -4.149098e-02 7.455149e-02 -1.299248e-01
      vertex -2.834772e-02 6.462628e-02 -1.294737e-01
    endloop
  endfacet
  facet normal -5.907172e-02 -3.287585e-02 9.977122e-01
    outer loop
      vertex -2.834772e-02 6.462628e-02 -1.294737e-01
      vertex -4.149098e-02 7.455149e-02 -1.299248e-01
      vertex -3.419647e-02 6.144461e-02 -1.299248e-01
    endloop
  endfacet
  facet normal -4.775477e-01 8.785907e-01 -5.161744e-03
    outer loop
      vertex -2.834772e-02 6.462628e-02 -1.294737e-01
      vertex -3.419647e-02 6.144461e-02 -1.299248e-01
      vertex -2.857133e-02 6.452820e-02 -1.254811e-01
    endloop
  endfacet
  facet normal -4.809216e-01 8.767635e-01 3.770813e-04
    outer loop
      vertex -2.857133e-02 6.452820e-02 -1.254811e-01
      vertex -3.419647e-02 6.144461e-02 -1.299248e-01
      vertex -3.441051e-02 6.132549e-02 -1.259323e-01
    endloop
  endfacet
  facet normal 4.718153e-01 -8.816846e-01 4.764680e-03
    outer loop
      vertex -3.437315e-02 7.836288e-02 -1.294737e-01
      vertex -3.459676e-02 7.826480e-02 -1.254811e-01
      vertex -4.149098e-02 7.455149e-02 -1.299248e-01
    endloop
  endfacet
  facet normal 4.746112e-01 -8.801952e-01 -8.177793e-04
    outer loop
      vertex -4.149098e-02 7.455149e-02 -1.299248e-01
      vertex -3.459676e-02 7.826480e-02 -1.254811e-01
      vertex -4.170503e-02 7.443236e-02 -1.259323e-01
    endloop
  endfacet
  facet normal 5.125177e-02 2.248111e-02 -9.984327e-01
    outer loop
      vertex -3.459676e-02 7.826480e-02 -1.254811e-01
      vertex -2.857133e-02 6.452820e-02 -1.254811e-01
      vertex -4.170503e-02 7.443236e-02 -1.259323e-01
    endloop
  endfacet
  facet normal 5.906144e-02 3.287013e-02 -9.977130e-01
    outer loop
      vertex -2.857133e-02 6.452820e-02 -1.254811e-01
      vertex -3.441051e-02 6.132549e-02 -1.259323e-01
      vertex -4.170503e-02 7.443236e-02 -1.259323e-01
    endloop
  endfacet
  facet normal -4.903877e-02 -2.729210e-02 9.984239e-01
    outer loop
      vertex -4.149098e-02 7.455149e-02 -1.299248e-01
      vertex -4.819737e-02 7.009804e-02 -1.303759e-01
      vertex -3.419647e-02 6.144461e-02 -1.299248e-01
    endloop
  endfacet
  facet normal -5.590425e-02 -3.843813e-02 9.976960e-01
    outer loop
      vertex -3.419647e-02 6.144461e-02 -1.299248e-01
      vertex -4.819737e-02 7.009804e-02 -1.303759e-01
      vertex -3.969884e-02 5.773782e-02 -1.303759e-01
    endloop
  endfacet
  facet normal -5.584158e-01 8.295450e-01 -5.186390e-03
    outer loop
      vertex -3.419647e-02 6.144461e-02 -1.299248e-01
      vertex -3.969884e-02 5.773782e-02 -1.303759e-01
      vertex -3.441051e-02 6.132549e-02 -1.259323e-01
    endloop
  endfacet
  facet normal -5.616234e-01 8.273929e-01 3.686285e-04
    outer loop
      vertex -3.441051e-02 6.132549e-02 -1.259323e-01
      vertex -3.969884e-02 5.773782e-02 -1.303759e-01
      vertex -3.990134e-02 5.759859e-02 -1.263835e-01
    endloop
  endfacet
  facet normal 5.529663e-01 -8.331899e-01 4.785483e-03
    outer loop
      vertex -4.149098e-02 7.455149e-02 -1.299248e-01
      vertex -4.170503e-02 7.443236e-02 -1.259323e-01
      vertex -4.819737e-02 7.009804e-02 -1.303759e-01
    endloop
  endfacet
  facet normal 5.556253e-01 -8.314324e-01 -8.137346e-04
    outer loop
      vertex -4.819737e-02 7.009804e-02 -1.303759e-01
      vertex -4.170503e-02 7.443236e-02 -1.259323e-01
      vertex -4.839987e-02 6.995881e-02 -1.263835e-01
    endloop
  endfacet
  facet normal 4.904589e-02 2.729606e-02 -9.984235e-01
    outer loop
      vertex -4.170503e-02 7.443236e-02 -1.259323e-01
      vertex -3.441051e-02 6.132549e-02 -1.259323e-01
      vertex -4.839987e-02 6.995881e-02 -1.263835e-01
    endloop
  endfacet
  facet normal 5.589445e-02 3.843139e-02 -9.976968e-01
    outer loop
      vertex -3.441051e-02 6.132549e-02 -1.259323e-01
      vertex -3.990134e-02 5.759859e-02 -1.263835e-01
      vertex -4.839987e-02 6.995881e-02 -1.263835e-01
    endloop
  endfacet
  facet normal -4.638143e-02 -3.189051e-02 9.984146e-01
    outer loop
      vertex -4.819737e-02 7.009804e-02 -1.303759e-01
      vertex -5.443484e-02 6.504607e-02 -1.308271e-01
      vertex -3.969884e-02 5.773782e-02 -1.303759e-01
    endloop
  endfacet
  facet normal -5.221375e-02 -4.369591e-02 9.976795e-01
    outer loop
      vertex -3.969884e-02 5.773782e-02 -1.303759e-01
      vertex -5.443484e-02 6.504607e-02 -1.308271e-01
      vertex -4.480811e-02 5.354276e-02 -1.308271e-01
    endloop
  endfacet
  facet normal -6.342893e-01 7.730782e-01 -5.211253e-03
    outer loop
      vertex -3.969884e-02 5.773782e-02 -1.303759e-01
      vertex -4.480811e-02 5.354276e-02 -1.308271e-01
      vertex -3.990134e-02 5.759859e-02 -1.263835e-01
    endloop
  endfacet
  facet normal -6.372996e-01 7.706161e-01 3.600477e-04
    outer loop
      vertex -3.990134e-02 5.759859e-02 -1.263835e-01
      vertex -4.480811e-02 5.354276e-02 -1.308271e-01
      vertex -4.499718e-02 5.338454e-02 -1.268347e-01
    endloop
  endfacet
  facet normal 6.291756e-01 -7.772483e-01 4.806451e-03
    outer loop
      vertex -4.819737e-02 7.009804e-02 -1.303759e-01
      vertex -4.839987e-02 6.995881e-02 -1.263835e-01
      vertex -5.443484e-02 6.504607e-02 -1.308271e-01
    endloop
  endfacet
  facet normal 6.316721e-01 -7.752353e-01 -8.096207e-04
    outer loop
      vertex -5.443484e-02 6.504607e-02 -1.308271e-01
      vertex -4.839987e-02 6.995881e-02 -1.263835e-01
      vertex -5.462391e-02 6.488785e-02 -1.268347e-01
    endloop
  endfacet
  facet normal 4.638821e-02 3.189518e-02 -9.984142e-01
    outer loop
      vertex -4.839987e-02 6.995881e-02 -1.263835e-01
      vertex -3.990134e-02 5.759859e-02 -1.263835e-01
      vertex -5.462391e-02 6.488785e-02 -1.268347e-01
    endloop
  endfacet
  facet normal 5.220454e-02 4.368819e-02 -9.976803e-01
    outer loop
      vertex -3.990134e-02 5.759859e-02 -1.263835e-01
      vertex -4.499718e-02 5.338454e-02 -1.268347e-01
      vertex -5.462391e-02 6.488785e-02 -1.268347e-01
    endloop
  endfacet
  facet normal -4.329341e-02 -3.623078e-02 9.984052e-01
    outer loop
      vertex -5.443484e-02 6.504607e-02 -1.308271e-01
      vertex -6.015045e-02 5.944421e-02 -1.312782e-01
      vertex -4.480811e-02 5.354276e-02 -1.308271e-01
    endloop
  endfacet
  facet normal -4.802944e-02 -4.860007e-02 9.976629e-01
    outer loop
      vertex -4.480811e-02 5.354276e-02 -1.308271e-01
      vertex -6.015045e-02 5.944421e-02 -1.312782e-01
      vertex -4.948140e-02 4.890042e-02 -1.312782e-01
    endloop
  endfacet
  facet normal -7.044895e-01 7.096951e-01 -5.236333e-03
    outer loop
      vertex -4.480811e-02 5.354276e-02 -1.308271e-01
      vertex -4.948140e-02 4.890042e-02 -1.312782e-01
      vertex -4.499718e-02 5.338454e-02 -1.268347e-01
    endloop
  endfacet
  facet normal -7.072724e-01 7.069411e-01 3.513366e-04
    outer loop
      vertex -4.499718e-02 5.338454e-02 -1.268347e-01
      vertex -4.948140e-02 4.890042e-02 -1.312782e-01
      vertex -4.965526e-02 4.872450e-02 -1.272859e-01
    endloop
  endfacet
  facet normal 6.997620e-01 -7.143597e-01 4.827587e-03
    outer loop
      vertex -5.443484e-02 6.504607e-02 -1.308271e-01
      vertex -5.462391e-02 6.488785e-02 -1.268347e-01
      vertex -6.015045e-02 5.944421e-02 -1.312782e-01
    endloop
  endfacet
  facet normal 7.020714e-01 -7.121061e-01 -8.054365e-04
    outer loop
      vertex -6.015045e-02 5.944421e-02 -1.312782e-01
      vertex -5.462391e-02 6.488785e-02 -1.268347e-01
      vertex -6.032431e-02 5.926828e-02 -1.272859e-01
    endloop
  endfacet
  facet normal 4.329978e-02 3.623611e-02 -9.984048e-01
    outer loop
      vertex -5.462391e-02 6.488785e-02 -1.268347e-01
      vertex -4.499718e-02 5.338454e-02 -1.268347e-01
      vertex -6.032431e-02 5.926828e-02 -1.272859e-01
    endloop
  endfacet
  facet normal 4.802090e-02 4.859142e-02 -9.976637e-01
    outer loop
      vertex -4.499718e-02 5.338454e-02 -1.268347e-01
      vertex -4.965526e-02 4.872450e-02 -1.272859e-01
      vertex -6.032431e-02 5.926828e-02 -1.272859e-01
    endloop
  endfacet
  facet normal -3.979975e-02 -4.027260e-02 9.983958e-01
    outer loop
      vertex -6.015045e-02 5.944421e-02 -1.312782e-01
      vertex -6.529625e-02 5.334570e-02 -1.317293e-01
      vertex -4.948140e-02 4.890042e-02 -1.312782e-01
    endloop
  endfacet
  facet normal -4.338512e-02 -5.310430e-02 9.976461e-01
    outer loop
      vertex -4.948140e-02 4.890042e-02 -1.312782e-01
      vertex -6.529625e-02 5.334570e-02 -1.317293e-01
      vertex -5.368005e-02 4.385550e-02 -1.317293e-01
    endloop
  endfacet
  facet normal -7.683880e-01 6.399626e-01 -5.261635e-03
    outer loop
      vertex -4.948140e-02 4.890042e-02 -1.312782e-01
      vertex -5.368005e-02 4.385550e-02 -1.317293e-01
      vertex -4.965526e-02 4.872450e-02 -1.272859e-01
    endloop
  endfacet
  facet normal -7.709154e-01 6.369375e-01 3.424933e-04
    outer loop
      vertex -4.965526e-02 4.872450e-02 -1.272859e-01
      vertex -5.368005e-02 4.385550e-02 -1.317293e-01
      vertex -5.383704e-02 4.366333e-02 -1.277370e-01
    endloop
  endfacet
  facet normal 7.640946e-01 -6.450860e-01 4.848894e-03
    outer loop
      vertex -6.015045e-02 5.944421e-02 -1.312782e-01
      vertex -6.032431e-02 5.926828e-02 -1.272859e-01
      vertex -6.529625e-02 5.334570e-02 -1.317293e-01
    endloop
  endfacet
  facet normal 7.661937e-01 -6.426092e-01 -8.011810e-04
    outer loop
      vertex -6.529625e-02 5.334570e-02 -1.317293e-01
      vertex -6.032431e-02 5.926828e-02 -1.272859e-01
      vertex -6.545324e-02 5.315353e-02 -1.277370e-01
    endloop
  endfacet
  facet normal 3.980564e-02 4.027857e-02 -9.983953e-01
    outer loop
      vertex -6.032431e-02 5.926828e-02 -1.272859e-01
      vertex -4.965526e-02 4.872450e-02 -1.272859e-01
      vertex -6.545324e-02 5.315353e-02 -1.277370e-01
    endloop
  endfacet
  facet normal 4.337735e-02 5.309478e-02 -9.976469e-01
    outer loop
      vertex -4.965526e-02 4.872450e-02 -1.272859e-01
      vertex -5.383704e-02 4.366333e-02 -1.277370e-01
      vertex -6.545324e-02 5.315353e-02 -1.277370e-01
    endloop
  endfacet
  facet normal -3.592922e-02 -4.397812e-02 9.983862e-01
    outer loop
      vertex -6.529625e-02 5.334570e-02 -1.317293e-01
      vertex -6.982964e-02 4.680794e-02 -1.321805e-01
      vertex -5.368005e-02 4.385550e-02 -1.317293e-01
    endloop
  endfacet
  facet normal -3.831897e-02 -5.716551e-02 9.976291e-01
    outer loop
      vertex -5.368005e-02 4.385550e-02 -1.317293e-01
      vertex -6.982964e-02 4.680794e-02 -1.321805e-01
      vertex -5.736992e-02 3.845598e-02 -1.321805e-01
    endloop
  endfacet
  facet normal -8.254132e-01 5.645043e-01 -5.287161e-03
    outer loop
      vertex -5.368005e-02 4.385550e-02 -1.317293e-01
      vertex -5.736992e-02 3.845598e-02 -1.321805e-01
      vertex -5.383704e-02 4.366333e-02 -1.277370e-01
    endloop
  endfacet
  facet normal -8.276587e-01 5.612317e-01 3.335156e-04
    outer loop
      vertex -5.383704e-02 4.366333e-02 -1.277370e-01
      vertex -5.736992e-02 3.845598e-02 -1.321805e-01
      vertex -5.750853e-02 3.824919e-02 -1.281882e-01
    endloop
  endfacet
  facet normal 8.215981e-01 -5.700463e-01 4.870372e-03
    outer loop
      vertex -6.529625e-02 5.334570e-02 -1.317293e-01
      vertex -6.545324e-02 5.315353e-02 -1.277370e-01
      vertex -6.982964e-02 4.680794e-02 -1.321805e-01
    endloop
  endfacet
  facet normal 8.234655e-01 -5.673658e-01 -7.968530e-04
    outer loop
      vertex -6.982964e-02 4.680794e-02 -1.321805e-01
      vertex -6.545324e-02 5.315353e-02 -1.277370e-01
      vertex -6.996826e-02 4.660115e-02 -1.281882e-01
    endloop
  endfacet
  facet normal 3.593458e-02 4.398468e-02 -9.983857e-01
    outer loop
      vertex -6.545324e-02 5.315353e-02 -1.277370e-01
      vertex -5.383704e-02 4.366333e-02 -1.277370e-01
      vertex -6.996826e-02 4.660115e-02 -1.281882e-01
    endloop
  endfacet
  facet normal 3.831206e-02 5.715520e-02 -9.976299e-01
    outer loop
      vertex -5.383704e-02 4.366333e-02 -1.277370e-01
      vertex -5.750853e-02 3.824919e-02 -1.281882e-01
      vertex -6.996826e-02 4.660115e-02 -1.281882e-01
    endloop
  endfacet
  facet normal -3.171417e-02 -4.731225e-02 9.983766e-01
    outer loop
      vertex -6.982964e-02 4.680794e-02 -1.321805e-01
      vertex -7.371379e-02 3.989191e-02 -1.326316e-01
      vertex -5.736992e-02 3.845598e-02 -1.321805e-01
    endloop
  endfacet
  facet normal -3.287316e-02 -6.074427e-02 9.976119e-01
    outer loop
      vertex -5.736992e-02 3.845598e-02 -1.321805e-01
      vertex -7.371379e-02 3.989191e-02 -1.326316e-01
      vertex -6.052168e-02 3.275270e-02 -1.326316e-01
    endloop
  endfacet
  facet normal -8.750546e-01 4.839951e-01 -5.312914e-03
    outer loop
      vertex -5.736992e-02 3.845598e-02 -1.321805e-01
      vertex -6.052168e-02 3.275270e-02 -1.326316e-01
      vertex -5.750853e-02 3.824919e-02 -1.281882e-01
    endloop
  endfacet
  facet normal -8.769941e-01 4.805011e-01 3.244012e-04
    outer loop
      vertex -5.750853e-02 3.824919e-02 -1.281882e-01
      vertex -6.052168e-02 3.275270e-02 -1.326316e-01
      vertex -6.064056e-02 3.253303e-02 -1.286394e-01
    endloop
  endfacet
  facet normal 8.717586e-01 -4.899112e-01 4.892024e-03
    outer loop
      vertex -6.982964e-02 4.680794e-02 -1.321805e-01
      vertex -6.996826e-02 4.660115e-02 -1.281882e-01
      vertex -7.371379e-02 3.989191e-02 -1.326316e-01
    endloop
  endfacet
  facet normal 8.733745e-01 -4.870486e-01 -7.924513e-04
    outer loop
      vertex -7.371379e-02 3.989191e-02 -1.326316e-01
      vertex -6.996826e-02 4.660115e-02 -1.281882e-01
      vertex -7.383266e-02 3.967224e-02 -1.286394e-01
    endloop
  endfacet
  facet normal 3.171893e-02 4.731935e-02 -9.983761e-01
    outer loop
      vertex -6.996826e-02 4.660115e-02 -1.281882e-01
      vertex -5.750853e-02 3.824919e-02 -1.281882e-01
      vertex -7.383266e-02 3.967224e-02 -1.286394e-01
    endloop
  endfacet
  facet normal 3.286718e-02 6.073323e-02 -9.976128e-01
    outer loop
      vertex -5.750853e-02 3.824919e-02 -1.281882e-01
      vertex -6.064056e-02 3.253303e-02 -1.286394e-01
      vertex -7.383266e-02 3.967224e-02 -1.286394e-01
    endloop
  endfacet
  facet normal -2.719015e-02 -5.024299e-02 9.983668e-01
    outer loop
      vertex -7.371379e-02 3.989191e-02 -1.326316e-01
      vertex -7.691785e-02 3.266160e-02 -1.330827e-01
      vertex -6.052168e-02 3.275270e-02 -1.326316e-01
    endloop
  endfacet
  facet normal -2.709355e-02 -6.380513e-02 9.975945e-01
    outer loop
      vertex -6.052168e-02 3.275270e-02 -1.326316e-01
      vertex -7.691785e-02 3.266160e-02 -1.330827e-01
      vertex -6.311105e-02 2.679883e-02 -1.330827e-01
    endloop
  endfacet
  facet normal -9.168679e-01 3.991551e-01 -5.338897e-03
    outer loop
      vertex -6.052168e-02 3.275270e-02 -1.326316e-01
      vertex -6.311105e-02 2.679883e-02 -1.330827e-01
      vertex -6.064056e-02 3.253303e-02 -1.286394e-01
    endloop
  endfacet
  facet normal -9.184796e-01 3.954682e-01 3.151479e-04
    outer loop
      vertex -6.064056e-02 3.253303e-02 -1.286394e-01
      vertex -6.311105e-02 2.679883e-02 -1.330827e-01
      vertex -6.320899e-02 2.656817e-02 -1.290906e-01
    endloop
  endfacet
  facet normal 9.141276e-01 -4.053969e-01 4.913851e-03
    outer loop
      vertex -7.371379e-02 3.989191e-02 -1.326316e-01
      vertex -7.383266e-02 3.967224e-02 -1.286394e-01
      vertex -7.691785e-02 3.266160e-02 -1.330827e-01
    endloop
  endfacet
  facet normal 9.154743e-01 -4.023757e-01 -7.879748e-04
    outer loop
      vertex -7.691785e-02 3.266160e-02 -1.330827e-01
      vertex -7.383266e-02 3.967224e-02 -1.286394e-01
      vertex -7.701580e-02 3.243095e-02 -1.290906e-01
    endloop
  endfacet
  facet normal 2.719426e-02 5.025059e-02 -9.983663e-01
    outer loop
      vertex -7.383266e-02 3.967224e-02 -1.286394e-01
      vertex -6.064056e-02 3.253303e-02 -1.286394e-01
      vertex -7.701580e-02 3.243095e-02 -1.290906e-01
    endloop
  endfacet
  facet normal 2.708859e-02 6.379345e-02 -9.975954e-01
    outer loop
      vertex -6.064056e-02 3.253303e-02 -1.286394e-01
      vertex -6.320899e-02 2.656817e-02 -1.290906e-01
      vertex -7.701580e-02 3.243095e-02 -1.290906e-01
    endloop
  endfacet
  facet normal -2.239572e-02 -5.274177e-02 9.983570e-01
    outer loop
      vertex -7.691785e-02 3.266160e-02 -1.330827e-01
      vertex -7.941728e-02 2.518347e-02 -1.335338e-01
      vertex -6.311105e-02 2.679883e-02 -1.330827e-01
    endloop
  endfacet
  facet normal -2.102933e-02 -6.631700e-02 9.975770e-01
    outer loop
      vertex -6.311105e-02 2.679883e-02 -1.330827e-01
      vertex -7.941728e-02 2.518347e-02 -1.335338e-01
      vertex -6.511895e-02 2.064942e-02 -1.335338e-01
    endloop
  endfacet
  facet normal -9.504788e-01 3.107431e-01 -5.365112e-03
    outer loop
      vertex -6.311105e-02 2.679883e-02 -1.330827e-01
      vertex -6.511895e-02 2.064942e-02 -1.335338e-01
      vertex -6.320899e-02 2.656817e-02 -1.290906e-01
    endloop
  endfacet
  facet normal -9.517436e-01 3.068941e-01 3.057536e-04
    outer loop
      vertex -6.320899e-02 2.656817e-02 -1.290906e-01
      vertex -6.511895e-02 2.064942e-02 -1.335338e-01
      vertex -6.519494e-02 2.040977e-02 -1.295417e-01
    endloop
  endfacet
  facet normal 9.483262e-01 -3.172585e-01 4.935857e-03
    outer loop
      vertex -7.691785e-02 3.266160e-02 -1.330827e-01
      vertex -7.701580e-02 3.243095e-02 -1.290906e-01
      vertex -7.941728e-02 2.518347e-02 -1.335338e-01
    endloop
  endfacet
  facet normal 9.493882e-01 -3.141041e-01 -7.834223e-04
    outer loop
      vertex -7.941728e-02 2.518347e-02 -1.335338e-01
      vertex -7.701580e-02 3.243095e-02 -1.290906e-01
      vertex -7.949328e-02 2.494382e-02 -1.295417e-01
    endloop
  endfacet
  facet normal 2.239913e-02 5.274980e-02 -9.983565e-01
    outer loop
      vertex -7.701580e-02 3.243095e-02 -1.290906e-01
      vertex -6.320899e-02 2.656817e-02 -1.290906e-01
      vertex -7.949328e-02 2.494382e-02 -1.295417e-01
    endloop
  endfacet
  facet normal 2.102545e-02 6.630478e-02 -9.975779e-01
    outer loop
      vertex -6.320899e-02 2.656817e-02 -1.290906e-01
      vertex -6.519494e-02 2.040977e-02 -1.295417e-01
      vertex -7.949328e-02 2.494382e-02 -1.295417e-01
    endloop
  endfacet
  facet normal -1.737208e-02 -5.478368e-02 9.983471e-01
    outer loop
      vertex -7.941728e-02 2.518347e-02 -1.335338e-01
      vertex -8.119397e-02 1.752576e-02 -1.339850e-01
      vertex -6.511895e-02 2.064942e-02 -1.335338e-01
    endloop
  endfacet
  facet normal -1.473255e-02 -6.825347e-02 9.975592e-01
    outer loop
      vertex -6.511895e-02 2.064942e-02 -1.335338e-01
      vertex -8.119397e-02 1.752576e-02 -1.339850e-01
      vertex -6.653165e-02 1.436089e-02 -1.339850e-01
    endloop
  endfacet
  facet normal -9.755863e-01 2.195501e-01 -5.391563e-03
    outer loop
      vertex -6.511895e-02 2.064942e-02 -1.335338e-01
      vertex -6.653165e-02 1.436089e-02 -1.339850e-01
      vertex -6.519494e-02 2.040977e-02 -1.295417e-01
    endloop
  endfacet
  facet normal -9.764880e-01 2.155714e-01 2.962157e-04
    outer loop
      vertex -6.519494e-02 2.040977e-02 -1.295417e-01
      vertex -6.653165e-02 1.436089e-02 -1.339850e-01
      vertex -6.658487e-02 1.411433e-02 -1.299929e-01
    endloop
  endfacet
  facet normal 9.740488e-01 -2.262840e-01 4.958042e-03
    outer loop
      vertex -7.941728e-02 2.518347e-02 -1.335338e-01
      vertex -7.949328e-02 2.494382e-02 -1.295417e-01
      vertex -8.119397e-02 1.752576e-02 -1.339850e-01
    endloop
  endfacet
  facet normal 9.748129e-01 -2.230230e-01 -7.787926e-04
    outer loop
      vertex -8.119397e-02 1.752576e-02 -1.339850e-01
      vertex -7.949328e-02 2.494382e-02 -1.295417e-01
      vertex -8.124719e-02 1.727920e-02 -1.299929e-01
    endloop
  endfacet
  facet normal 1.737474e-02 5.479207e-02 -9.983466e-01
    outer loop
      vertex -7.949328e-02 2.494382e-02 -1.295417e-01
      vertex -6.519494e-02 2.040977e-02 -1.295417e-01
      vertex -8.124719e-02 1.727920e-02 -1.299929e-01
    endloop
  endfacet
  facet normal 1.472981e-02 6.824079e-02 -9.975601e-01
    outer loop
      vertex -6.519494e-02 2.040977e-02 -1.295417e-01
      vertex -6.658487e-02 1.411433e-02 -1.299929e-01
      vertex -8.124719e-02 1.727920e-02 -1.299929e-01
    endloop
  endfacet
  facet normal -1.216269e-02 -5.634772e-02 9.983371e-01
    outer loop
      vertex -8.119397e-02 1.752576e-02 -1.339850e-01
      vertex -8.223638e-02 9.757940e-03 -1.344361e-01
      vertex -6.653165e-02 1.436089e-02 -1.339850e-01
    endloop
  endfacet
  facet normal -8.257714e-03 -6.959303e-02 9.975413e-01
    outer loop
      vertex -6.653165e-02 1.436089e-02 -1.339850e-01
      vertex -8.223638e-02 9.757940e-03 -1.344361e-01
      vertex -6.734088e-02 7.990480e-03 -1.344361e-01
    endloop
  endfacet
  facet normal -9.919656e-01 1.263918e-01 -5.418253e-03
    outer loop
      vertex -6.653165e-02 1.436089e-02 -1.339850e-01
      vertex -6.734088e-02 7.990480e-03 -1.344361e-01
      vertex -6.658487e-02 1.411433e-02 -1.299929e-01
    endloop
  endfacet
  facet normal -9.924910e-01 1.223175e-01 2.865320e-04
    outer loop
      vertex -6.658487e-02 1.411433e-02 -1.299929e-01
      vertex -6.734088e-02 7.990480e-03 -1.344361e-01
      vertex -6.737070e-02 7.739163e-03 -1.304441e-01
    endloop
  endfacet
  facet normal 9.910651e-01 -1.332863e-01 4.980410e-03
    outer loop
      vertex -8.119397e-02 1.752576e-02 -1.339850e-01
      vertex -8.124719e-02 1.727920e-02 -1.299929e-01
      vertex -8.223638e-02 9.757940e-03 -1.344361e-01
    endloop
  endfacet
  facet normal 9.915207e-01 -1.299468e-01 -7.740844e-04
    outer loop
      vertex -8.223638e-02 9.757940e-03 -1.344361e-01
      vertex -8.124719e-02 1.727920e-02 -1.299929e-01
      vertex -8.226620e-02 9.506622e-03 -1.304441e-01
    endloop
  endfacet
  facet normal 1.216456e-02 5.635642e-02 -9.983366e-01
    outer loop
      vertex -8.124719e-02 1.727920e-02 -1.299929e-01
      vertex -6.658487e-02 1.411433e-02 -1.299929e-01
      vertex -8.226620e-02 9.506622e-03 -1.304441e-01
    endloop
  endfacet
  facet normal 8.256169e-03 6.958000e-02 -9.975422e-01
    outer loop
      vertex -6.658487e-02 1.411433e-02 -1.299929e-01
      vertex -6.737070e-02 7.739163e-03 -1.304441e-01
      vertex -8.226620e-02 9.506622e-03 -1.304441e-01
    endloop
  endfacet
  facet normal -6.812948e-03 -5.741706e-02 9.983270e-01
    outer loop
      vertex -8.223638e-02 9.757940e-03 -1.344361e-01
      vertex -8.253962e-02 1.950031e-03 -1.348872e-01
      vertex -6.734088e-02 7.990480e-03 -1.344361e-01
    endloop
  endfacet
  facet normal -1.661322e-03 -7.031934e-02 9.975231e-01
    outer loop
      vertex -6.734088e-02 7.990480e-03 -1.344361e-01
      vertex -8.253962e-02 1.950031e-03 -1.348872e-01
      vertex -6.754381e-02 1.595749e-03 -1.348872e-01
    endloop
  endfacet
  facet normal -9.994698e-01 3.210172e-02 -5.445185e-03
    outer loop
      vertex -6.734088e-02 7.990480e-03 -1.344361e-01
      vertex -6.754381e-02 1.595749e-03 -1.348872e-01
      vertex -6.737070e-02 7.739163e-03 -1.304441e-01
    endloop
  endfacet
  facet normal -9.996088e-01 2.796739e-02 2.767001e-04
    outer loop
      vertex -6.737070e-02 7.739163e-03 -1.304441e-01
      vertex -6.754381e-02 1.595749e-03 -1.348872e-01
      vertex -6.754981e-02 1.341898e-03 -1.308953e-01
    endloop
  endfacet
  facet normal 9.992229e-01 -3.909680e-02 5.002962e-03
    outer loop
      vertex -8.223638e-02 9.757940e-03 -1.344361e-01
      vertex -8.226620e-02 9.506622e-03 -1.304441e-01
      vertex -8.253962e-02 1.950031e-03 -1.348872e-01
    endloop
  endfacet
  facet normal 9.993620e-01 -3.570787e-02 -7.692966e-04
    outer loop
      vertex -8.253962e-02 1.950031e-03 -1.348872e-01
      vertex -8.226620e-02 9.506622e-03 -1.304441e-01
      vertex -8.254562e-02 1.696180e-03 -1.308953e-01
    endloop
  endfacet
  facet normal 6.814006e-03 5.742597e-02 -9.983265e-01
    outer loop
      vertex -8.226620e-02 9.506622e-03 -1.304441e-01
      vertex -6.737070e-02 7.739163e-03 -1.304441e-01
      vertex -8.254562e-02 1.696180e-03 -1.308953e-01
    endloop
  endfacet
  facet normal 1.661009e-03 7.030608e-02 -9.975241e-01
    outer loop
      vertex -6.737070e-02 7.739163e-03 -1.304441e-01
      vertex -6.754981e-02 1.341898e-03 -1.308953e-01
      vertex -8.254562e-02 1.696180e-03 -1.308953e-01
    endloop
  endfacet
  facet normal -1.369780e-03 -5.797913e-02 9.983169e-01
    outer loop
      vertex -8.253962e-02 1.950031e-03 -1.348872e-01
      vertex -8.210545e-02 -5.827996e-03 -1.353383e-01
      vertex -6.754381e-02 1.595749e-03 -1.348872e-01
    endloop
  endfacet
  facet normal 4.998641e-03 -7.042141e-02 9.975048e-01
    outer loop
      vertex -6.754381e-02 1.595749e-03 -1.348872e-01
      vertex -8.210545e-02 -5.827996e-03 -1.353383e-01
      vertex -6.714309e-02 -4.765941e-03 -1.353383e-01
    endloop
  endfacet
  facet normal -9.980314e-01 -6.247658e-02 -5.472361e-03
    outer loop
      vertex -6.754381e-02 1.595749e-03 -1.348872e-01
      vertex -6.714309e-02 -4.765941e-03 -1.353383e-01
      vertex -6.754981e-02 1.341898e-03 -1.308953e-01
    endloop
  endfacet
  facet normal -9.977774e-01 -6.663448e-02 2.667174e-04
    outer loop
      vertex -6.754981e-02 1.341898e-03 -1.308953e-01
      vertex -6.714309e-02 -4.765941e-03 -1.353383e-01
      vertex -6.712506e-02 -5.020071e-03 -1.313465e-01
    endloop
  endfacet
  facet normal 9.984492e-01 5.544275e-02 5.025699e-03
    outer loop
      vertex -8.253962e-02 1.950031e-03 -1.348872e-01
      vertex -8.254562e-02 1.696180e-03 -1.308953e-01
      vertex -8.210545e-02 -5.827996e-03 -1.353383e-01
    endloop
  endfacet
  facet normal 9.982665e-01 5.885115e-02 -7.644277e-04
    outer loop
      vertex -8.210545e-02 -5.827996e-03 -1.353383e-01
      vertex -8.254562e-02 1.696180e-03 -1.308953e-01
      vertex -8.208741e-02 -6.082126e-03 -1.313465e-01
    endloop
  endfacet
  facet normal 1.369994e-03 5.798819e-02 -9.983163e-01
    outer loop
      vertex -8.254562e-02 1.696180e-03 -1.308953e-01
      vertex -6.754981e-02 1.341898e-03 -1.308953e-01
      vertex -8.208741e-02 -6.082126e-03 -1.313465e-01
    endloop
  endfacet
  facet normal -4.997692e-03 7.040803e-02 -9.975058e-01
    outer loop
      vertex -6.754981e-02 1.341898e-03 -1.308953e-01
      vertex -6.712506e-02 -5.020071e-03 -1.313465e-01
      vertex -8.208741e-02 -6.082126e-03 -1.313465e-01
    endloop
  endfacet
  facet normal 4.118781e-03 -5.802584e-02 9.983066e-01
    outer loop
      vertex -8.210545e-02 -5.827996e-03 -1.353383e-01
      vertex -8.094219e-02 -1.350686e-02 -1.357895e-01
      vertex -6.714309e-02 -4.765941e-03 -1.353383e-01
    endloop
  endfacet
  facet normal 1.166320e-02 -6.989370e-02 9.974863e-01
    outer loop
      vertex -6.714309e-02 -4.765941e-03 -1.353383e-01
      vertex -8.094219e-02 -1.350686e-02 -1.357895e-01
      vertex -6.614677e-02 -1.103794e-02 -1.357895e-01
    endloop
  endfacet
  facet normal -9.876631e-01 -1.564969e-01 -5.499786e-03
    outer loop
      vertex -6.714309e-02 -4.765941e-03 -1.353383e-01
      vertex -6.614677e-02 -1.103794e-02 -1.357895e-01
      vertex -6.712506e-02 -5.020071e-03 -1.313465e-01
    endloop
  endfacet
  facet normal -9.870129e-01 -1.606411e-01 2.565815e-04
    outer loop
      vertex -6.712506e-02 -5.020071e-03 -1.313465e-01
      vertex -6.614677e-02 -1.103794e-02 -1.357895e-01
      vertex -6.610470e-02 -1.129008e-02 -1.317976e-01
    endloop
  endfacet
  facet normal 9.887508e-01 1.494873e-01 5.048626e-03
    outer loop
      vertex -8.210545e-02 -5.827996e-03 -1.353383e-01
      vertex -8.208741e-02 -6.082126e-03 -1.313465e-01
      vertex -8.094219e-02 -1.350686e-02 -1.357895e-01
    endloop
  endfacet
  facet normal 9.882437e-01 1.528847e-01 -7.594765e-04
    outer loop
      vertex -8.094219e-02 -1.350686e-02 -1.357895e-01
      vertex -8.208741e-02 -6.082126e-03 -1.313465e-01
      vertex -8.090012e-02 -1.375900e-02 -1.317976e-01
    endloop
  endfacet
  facet normal -4.119429e-03 5.803497e-02 -9.983061e-01
    outer loop
      vertex -8.208741e-02 -6.082126e-03 -1.313465e-01
      vertex -6.712506e-02 -5.020071e-03 -1.313465e-01
      vertex -8.090012e-02 -1.375900e-02 -1.317976e-01
    endloop
  endfacet
  facet normal -1.166096e-02 6.988032e-02 -9.974872e-01
    outer loop
      vertex -6.712506e-02 -5.020071e-03 -1.313465e-01
      vertex -6.610470e-02 -1.129008e-02 -1.317976e-01
      vertex -8.090012e-02 -1.375900e-02 -1.317976e-01
    endloop
  endfacet
  facet normal 9.604002e-03 -5.755363e-02 9.982962e-01
    outer loop
      vertex -8.094219e-02 -1.350686e-02 -1.357895e-01
      vertex -7.906467e-02 -2.101860e-02 -1.362406e-01
      vertex -6.614677e-02 -1.103794e-02 -1.357895e-01
    endloop
  endfacet
  facet normal 1.827288e-02 -6.873625e-02 9.974675e-01
    outer loop
      vertex -6.614677e-02 -1.103794e-02 -1.357895e-01
      vertex -7.906467e-02 -2.101860e-02 -1.362406e-01
      vertex -6.456817e-02 -1.716484e-02 -1.362406e-01
    endloop
  endfacet
  facet normal -9.684574e-01 -2.491179e-01 -5.527462e-03
    outer loop
      vertex -6.614677e-02 -1.103794e-02 -1.357895e-01
      vertex -6.456817e-02 -1.716484e-02 -1.362406e-01
      vertex -6.610470e-02 -1.129008e-02 -1.317976e-01
    endloop
  endfacet
  facet normal -9.674111e-01 -2.532108e-01 2.462898e-04
    outer loop
      vertex -6.610470e-02 -1.129008e-02 -1.317976e-01
      vertex -6.456817e-02 -1.716484e-02 -1.362406e-01
      vertex -6.450227e-02 -1.741271e-02 -1.322488e-01
    endloop
  endfacet
  facet normal 9.702141e-01 2.421961e-01 5.071743e-03
    outer loop
      vertex -8.094219e-02 -1.350686e-02 -1.357895e-01
      vertex -8.090012e-02 -1.375900e-02 -1.317976e-01
      vertex -7.906467e-02 -2.101860e-02 -1.362406e-01
    endloop
  endfacet
  facet normal 9.693832e-01 2.455517e-01 -7.544418e-04
    outer loop
      vertex -7.906467e-02 -2.101860e-02 -1.362406e-01
      vertex -8.090012e-02 -1.375900e-02 -1.317976e-01
      vertex -7.899877e-02 -2.126647e-02 -1.322488e-01
    endloop
  endfacet
  facet normal -9.605524e-03 5.756275e-02 -9.982957e-01
    outer loop
      vertex -8.090012e-02 -1.375900e-02 -1.317976e-01
      vertex -6.610470e-02 -1.129008e-02 -1.317976e-01
      vertex -7.899877e-02 -2.126647e-02 -1.322488e-01
    endloop
  endfacet
  facet normal -1.826936e-02 6.872299e-02 -9.974685e-01
    outer loop
      vertex -6.610470e-02 -1.129008e-02 -1.317976e-01
      vertex -6.450227e-02 -1.741271e-02 -1.322488e-01
      vertex -7.899877e-02 -2.126647e-02 -1.322488e-01
    endloop
  endfacet
  facet normal 1.503688e-02 -5.656354e-02 9.982858e-01
    outer loop
      vertex -7.906467e-02 -2.101860e-02 -1.362406e-01
      vertex -7.649399e-02 -2.829713e-02 -1.366917e-01
      vertex -6.456817e-02 -1.716484e-02 -1.362406e-01
    endloop
  endfacet
  facet normal 2.476829e-02 -6.695469e-02 9.974485e-01
    outer loop
      vertex -6.456817e-02 -1.716484e-02 -1.362406e-01
      vertex -7.649399e-02 -2.829713e-02 -1.366917e-01
      vertex -6.242573e-02 -2.309291e-02 -1.366917e-01
    endloop
  endfacet
  facet normal -9.405857e-01 -3.395108e-01 -5.555392e-03
    outer loop
      vertex -6.456817e-02 -1.716484e-02 -1.362406e-01
      vertex -6.242573e-02 -2.309291e-02 -1.366917e-01
      vertex -6.450227e-02 -1.741271e-02 -1.322488e-01
    endloop
  endfacet
  facet normal -9.391473e-01 -3.435147e-01 2.358397e-04
    outer loop
      vertex -6.450227e-02 -1.741271e-02 -1.322488e-01
      vertex -6.242573e-02 -2.309291e-02 -1.366917e-01
      vertex -6.233644e-02 -2.333427e-02 -1.327000e-01
    endloop
  endfacet
  facet normal 9.430047e-01 3.327405e-01 5.095053e-03
    outer loop
      vertex -7.906467e-02 -2.101860e-02 -1.362406e-01
      vertex -7.899877e-02 -2.126647e-02 -1.322488e-01
      vertex -7.649399e-02 -2.829713e-02 -1.366917e-01
    endloop
  endfacet
  facet normal 9.418533e-01 3.360236e-01 -7.493220e-04
    outer loop
      vertex -7.649399e-02 -2.829713e-02 -1.366917e-01
      vertex -7.899877e-02 -2.126647e-02 -1.322488e-01
      vertex -7.640471e-02 -2.853849e-02 -1.327000e-01
    endloop
  endfacet
  facet normal -1.503928e-02 5.657256e-02 -9.982852e-01
    outer loop
      vertex -7.899877e-02 -2.126647e-02 -1.322488e-01
      vertex -6.450227e-02 -1.741271e-02 -1.322488e-01
      vertex -7.640471e-02 -2.853849e-02 -1.327000e-01
    endloop
  endfacet
  facet normal -2.476348e-02 6.694169e-02 -9.974495e-01
    outer loop
      vertex -6.450227e-02 -1.741271e-02 -1.322488e-01
      vertex -6.233644e-02 -2.333427e-02 -1.327000e-01
      vertex -7.640471e-02 -2.853849e-02 -1.327000e-01
    endloop
  endfacet
  facet normal 2.036859e-02 -5.506123e-02 9.982752e-01
    outer loop
      vertex -7.649399e-02 -2.829713e-02 -1.366917e-01
      vertex -7.325735e-02 -3.527888e-02 -1.371429e-01
      vertex -6.242573e-02 -2.309291e-02 -1.366917e-01
    endloop
  endfacet
  facet normal 3.109059e-02 -6.456028e-02 9.974294e-01
    outer loop
      vertex -6.242573e-02 -2.309291e-02 -1.366917e-01
      vertex -7.325735e-02 -3.527888e-02 -1.371429e-01
      vertex -5.974282e-02 -2.877062e-02 -1.371429e-01
    endloop
  endfacet
  facet normal -9.042973e-01 -4.268668e-01 -5.583581e-03
    outer loop
      vertex -6.242573e-02 -2.309291e-02 -1.366917e-01
      vertex -5.974282e-02 -2.877062e-02 -1.371429e-01
      vertex -6.233644e-02 -2.333427e-02 -1.327000e-01
    endloop
  endfacet
  facet normal -9.024740e-01 -4.307442e-01 2.252286e-04
    outer loop
      vertex -6.233644e-02 -2.333427e-02 -1.327000e-01
      vertex -5.974282e-02 -2.877062e-02 -1.371429e-01
      vertex -5.963078e-02 -2.900327e-02 -1.331512e-01
    endloop
  endfacet
  facet normal 9.073656e-01 4.203111e-01 5.118558e-03
    outer loop
      vertex -7.649399e-02 -2.829713e-02 -1.366917e-01
      vertex -7.640471e-02 -2.853849e-02 -1.327000e-01
      vertex -7.325735e-02 -3.527888e-02 -1.371429e-01
    endloop
  endfacet
  facet normal 9.059000e-01 4.234911e-01 -7.441159e-04
    outer loop
      vertex -7.325735e-02 -3.527888e-02 -1.371429e-01
      vertex -7.640471e-02 -2.853849e-02 -1.327000e-01
      vertex -7.314531e-02 -3.551152e-02 -1.331512e-01
    endloop
  endfacet
  facet normal -2.037186e-02 5.507008e-02 -9.982746e-01
    outer loop
      vertex -7.640471e-02 -2.853849e-02 -1.327000e-01
      vertex -6.233644e-02 -2.333427e-02 -1.327000e-01
      vertex -7.314531e-02 -3.551152e-02 -1.331512e-01
    endloop
  endfacet
  facet normal -3.108451e-02 6.454764e-02 -9.974304e-01
    outer loop
      vertex -6.233644e-02 -2.333427e-02 -1.327000e-01
      vertex -5.963078e-02 -2.900327e-02 -1.331512e-01
      vertex -7.314531e-02 -3.551152e-02 -1.331512e-01
    endloop
  endfacet
  facet normal 2.555089e-02 -5.305698e-02 9.982645e-01
    outer loop
      vertex -7.325735e-02 -3.527888e-02 -1.371429e-01
      vertex -6.938773e-02 -4.190332e-02 -1.375940e-01
      vertex -5.974282e-02 -2.877062e-02 -1.371429e-01
    endloop
  endfacet
  facet normal 3.718204e-02 -6.156977e-02 9.974100e-01
    outer loop
      vertex -5.974282e-02 -2.877062e-02 -1.371429e-01
      vertex -6.938773e-02 -4.190332e-02 -1.375940e-01
      vertex -5.654749e-02 -3.414908e-02 -1.375940e-01
    endloop
  endfacet
  facet normal -8.599165e-01 -5.104040e-01 -5.612030e-03
    outer loop
      vertex -5.974282e-02 -2.877062e-02 -1.371429e-01
      vertex -5.654749e-02 -3.414908e-02 -1.375940e-01
      vertex -5.963078e-02 -2.900327e-02 -1.331512e-01
    endloop
  endfacet
  facet normal -8.577194e-01 -5.141180e-01 2.144537e-04
    outer loop
      vertex -5.963078e-02 -2.900327e-02 -1.331512e-01
      vertex -5.654749e-02 -3.414908e-02 -1.375940e-01
      vertex -5.641355e-02 -3.437087e-02 -1.336024e-01
    endloop
  endfacet
  facet normal 8.636154e-01 5.041251e-01 5.142261e-03
    outer loop
      vertex -7.325735e-02 -3.527888e-02 -1.371429e-01
      vertex -7.314531e-02 -3.551152e-02 -1.331512e-01
      vertex -6.938773e-02 -4.190332e-02 -1.375940e-01
    endloop
  endfacet
  facet normal 8.618446e-01 5.071719e-01 -7.388221e-04
    outer loop
      vertex -6.938773e-02 -4.190332e-02 -1.375940e-01
      vertex -7.314531e-02 -3.551152e-02 -1.331512e-01
      vertex -6.925379e-02 -4.212510e-02 -1.336024e-01
    endloop
  endfacet
  facet normal -2.555503e-02 5.306556e-02 -9.982640e-01
    outer loop
      vertex -7.314531e-02 -3.551152e-02 -1.331512e-01
      vertex -5.963078e-02 -2.900327e-02 -1.331512e-01
      vertex -6.925379e-02 -4.212510e-02 -1.336024e-01
    endloop
  endfacet
  facet normal -3.717471e-02 6.155763e-02 -9.974110e-01
    outer loop
      vertex -5.963078e-02 -2.900327e-02 -1.331512e-01
      vertex -5.641355e-02 -3.437087e-02 -1.336024e-01
      vertex -6.925379e-02 -4.212510e-02 -1.336024e-01
    endloop
  endfacet
  facet normal 3.053660e-02 -5.056557e-02 9.982538e-01
    outer loop
      vertex -6.938773e-02 -4.190332e-02 -1.375940e-01
      vertex -6.492357e-02 -4.811347e-02 -1.380451e-01
      vertex -5.654749e-02 -3.414908e-02 -1.375940e-01
    endloop
  endfacet
  facet normal 4.298654e-02 -5.800537e-02 9.973904e-01
    outer loop
      vertex -5.654749e-02 -3.414908e-02 -1.375940e-01
      vertex -6.492357e-02 -4.811347e-02 -1.380451e-01
      vertex -5.287216e-02 -3.918243e-02 -1.380451e-01
    endloop
  endfacet
  facet normal -8.078401e-01 -5.893747e-01 -5.640745e-03
    outer loop
      vertex -5.654749e-02 -3.414908e-02 -1.375940e-01
      vertex -5.287216e-02 -3.918243e-02 -1.380451e-01
      vertex -5.641355e-02 -3.437087e-02 -1.336024e-01
    endloop
  endfacet
  facet normal -8.052838e-01 -5.928895e-01 2.035122e-04
    outer loop
      vertex -5.641355e-02 -3.437087e-02 -1.336024e-01
      vertex -5.287216e-02 -3.918243e-02 -1.380451e-01
      vertex -5.271737e-02 -3.939130e-02 -1.340536e-01
    endloop
  endfacet
  facet normal 8.121448e-01 5.834330e-01 5.166164e-03
    outer loop
      vertex -6.938773e-02 -4.190332e-02 -1.375940e-01
      vertex -6.925379e-02 -4.212510e-02 -1.336024e-01
      vertex -6.492357e-02 -4.811347e-02 -1.380451e-01
    endloop
  endfacet
  facet normal 8.100810e-01 5.863175e-01 -7.334391e-04
    outer loop
      vertex -6.492357e-02 -4.811347e-02 -1.380451e-01
      vertex -6.925379e-02 -4.212510e-02 -1.336024e-01
      vertex -6.476878e-02 -4.832234e-02 -1.340536e-01
    endloop
  endfacet
  facet normal -3.054157e-02 5.057381e-02 -9.982532e-01
    outer loop
      vertex -6.925379e-02 -4.212510e-02 -1.336024e-01
      vertex -5.641355e-02 -3.437087e-02 -1.336024e-01
      vertex -6.476878e-02 -4.832234e-02 -1.340536e-01
    endloop
  endfacet
  facet normal -4.297800e-02 5.799384e-02 -9.973914e-01
    outer loop
      vertex -5.641355e-02 -3.437087e-02 -1.336024e-01
      vertex -5.271737e-02 -3.939130e-02 -1.340536e-01
      vertex -6.476878e-02 -4.832234e-02 -1.340536e-01
    endloop
  endfacet
  facet normal 3.527996e-02 -4.760624e-02 9.982429e-01
    outer loop
      vertex -6.492357e-02 -4.811347e-02 -1.380451e-01
      vertex -5.990842e-02 -5.385643e-02 -1.384962e-01
      vertex -5.287216e-02 -3.918243e-02 -1.380451e-01
    endloop
  endfacet
  facet normal 4.845009e-02 -5.389456e-02 9.973705e-01
    outer loop
      vertex -5.287216e-02 -3.918243e-02 -1.380451e-01
      vertex -5.990842e-02 -5.385643e-02 -1.384962e-01
      vertex -4.875335e-02 -4.382825e-02 -1.384962e-01
    endloop
  endfacet
  facet normal -7.485340e-01 -6.630721e-01 -5.669728e-03
    outer loop
      vertex -5.287216e-02 -3.918243e-02 -1.380451e-01
      vertex -4.875335e-02 -4.382825e-02 -1.384962e-01
      vertex -5.271737e-02 -3.939130e-02 -1.340536e-01
    endloop
  endfacet
  facet normal -7.456364e-01 -6.663530e-01 1.924014e-04
    outer loop
      vertex -5.271737e-02 -3.939130e-02 -1.340536e-01
      vertex -4.875335e-02 -4.382825e-02 -1.384962e-01
      vertex -4.857895e-02 -4.402225e-02 -1.345048e-01
    endloop
  endfacet
  facet normal 7.534140e-01 6.575260e-01 5.190269e-03
    outer loop
      vertex -6.492357e-02 -4.811347e-02 -1.380451e-01
      vertex -6.476878e-02 -4.832234e-02 -1.340536e-01
      vertex -5.990842e-02 -5.385643e-02 -1.384962e-01
    endloop
  endfacet
  facet normal 7.510718e-01 6.602201e-01 -7.279655e-04
    outer loop
      vertex -5.990842e-02 -5.385643e-02 -1.384962e-01
      vertex -6.476878e-02 -4.832234e-02 -1.340536e-01
      vertex -5.973402e-02 -5.405043e-02 -1.345048e-01
    endloop
  endfacet
  facet normal -3.528575e-02 4.761405e-02 -9.982424e-01
    outer loop
      vertex -6.476878e-02 -4.832234e-02 -1.340536e-01
      vertex -5.271737e-02 -3.939130e-02 -1.340536e-01
      vertex -5.973402e-02 -5.405043e-02 -1.345048e-01
    endloop
  endfacet
  facet normal -4.844039e-02 5.388377e-02 -9.973716e-01
    outer loop
      vertex -5.271737e-02 -3.939130e-02 -1.340536e-01
      vertex -4.857895e-02 -4.402225e-02 -1.345048e-01
      vertex -5.973402e-02 -5.405043e-02 -1.345048e-01
    endloop
  endfacet
  facet normal 3.973714e-02 -4.420250e-02 9.982320e-01
    outer loop
      vertex -5.990842e-02 -5.385643e-02 -1.384962e-01
      vertex -5.439046e-02 -5.908379e-02 -1.389474e-01
      vertex -4.875335e-02 -4.382825e-02 -1.384962e-01
    endloop
  endfacet
  facet normal 5.352135e-02 -4.926988e-02 9.973505e-01
    outer loop
      vertex -4.875335e-02 -4.382825e-02 -1.384962e-01
      vertex -5.439046e-02 -5.908379e-02 -1.389474e-01
      vertex -4.423124e-02 -4.804793e-02 -1.389474e-01
    endloop
  endfacet
  facet normal -6.825286e-01 -7.308366e-01 -5.698982e-03
    outer loop
      vertex -4.875335e-02 -4.382825e-02 -1.384962e-01
      vertex -4.423124e-02 -4.804793e-02 -1.389474e-01
      vertex -4.857895e-02 -4.402225e-02 -1.345048e-01
    endloop
  endfacet
  facet normal -6.793109e-01 -7.338506e-01 1.811184e-04
    outer loop
      vertex -4.857895e-02 -4.402225e-02 -1.345048e-01
      vertex -4.423124e-02 -4.804793e-02 -1.389474e-01
      vertex -4.403866e-02 -4.822522e-02 -1.349559e-01
    endloop
  endfacet
  facet normal 6.879477e-01 7.257415e-01 5.214579e-03
    outer loop
      vertex -5.990842e-02 -5.385643e-02 -1.384962e-01
      vertex -5.973402e-02 -5.405043e-02 -1.345048e-01
      vertex -5.439046e-02 -5.908379e-02 -1.389474e-01
    endloop
  endfacet
  facet normal 6.853448e-01 7.282184e-01 -7.223997e-04
    outer loop
      vertex -5.439046e-02 -5.908379e-02 -1.389474e-01
      vertex -5.973402e-02 -5.405043e-02 -1.345048e-01
      vertex -5.419788e-02 -5.926108e-02 -1.349559e-01
    endloop
  endfacet
  facet normal -3.974370e-02 4.420981e-02 -9.982314e-01
    outer loop
      vertex -5.973402e-02 -5.405043e-02 -1.345048e-01
      vertex -4.857895e-02 -4.402225e-02 -1.345048e-01
      vertex -5.419788e-02 -5.926108e-02 -1.349559e-01
    endloop
  endfacet
  facet normal -5.351055e-02 4.925993e-02 -9.973515e-01
    outer loop
      vertex -4.857895e-02 -4.402225e-02 -1.345048e-01
      vertex -4.403866e-02 -4.822522e-02 -1.349559e-01
      vertex -5.419788e-02 -5.926108e-02 -1.349559e-01
    endloop
  endfacet
  facet normal 4.386653e-02 -4.038199e-02 9.982209e-01
    outer loop
      vertex -5.439046e-02 -5.908379e-02 -1.389474e-01
      vertex -4.842210e-02 -6.375206e-02 -1.393985e-01
      vertex -4.423124e-02 -4.804793e-02 -1.389474e-01
    endloop
  endfacet
  facet normal 5.815206e-02 -4.416869e-02 9.973302e-01
    outer loop
      vertex -4.423124e-02 -4.804793e-02 -1.389474e-01
      vertex -4.842210e-02 -6.375206e-02 -1.393985e-01
      vertex -3.934935e-02 -5.180697e-02 -1.393985e-01
    endloop
  endfacet
  facet normal -6.104144e-01 -7.920615e-01 -5.728512e-03
    outer loop
      vertex -4.423124e-02 -4.804793e-02 -1.389474e-01
      vertex -3.934935e-02 -5.180697e-02 -1.393985e-01
      vertex -4.403866e-02 -4.822522e-02 -1.349559e-01
    endloop
  endfacet
  facet normal -6.069010e-01 -7.947774e-01 1.696602e-04
    outer loop
      vertex -4.403866e-02 -4.822522e-02 -1.349559e-01
      vertex -3.934935e-02 -5.180697e-02 -1.393985e-01
      vertex -3.914019e-02 -5.196584e-02 -1.354071e-01
    endloop
  endfacet
  facet normal 6.163311e-01 7.874697e-01 5.239097e-03
    outer loop
      vertex -5.439046e-02 -5.908379e-02 -1.389474e-01
      vertex -5.419788e-02 -5.926108e-02 -1.349559e-01
      vertex -4.842210e-02 -6.375206e-02 -1.393985e-01
    endloop
  endfacet
  facet normal 6.134874e-01 7.897042e-01 -7.167403e-04
    outer loop
      vertex -4.842210e-02 -6.375206e-02 -1.393985e-01
      vertex -5.419788e-02 -5.926108e-02 -1.349559e-01
      vertex -4.821294e-02 -6.391093e-02 -1.354071e-01
    endloop
  endfacet
  facet normal -4.387383e-02 4.038871e-02 -9.982203e-01
    outer loop
      vertex -5.419788e-02 -5.926108e-02 -1.349559e-01
      vertex -4.403866e-02 -4.822522e-02 -1.349559e-01
      vertex -4.821294e-02 -6.391093e-02 -1.354071e-01
    endloop
  endfacet
  facet normal -5.814023e-02 4.415971e-02 -9.973313e-01
    outer loop
      vertex -4.403866e-02 -4.822522e-02 -1.349559e-01
      vertex -3.914019e-02 -5.196584e-02 -1.354071e-01
      vertex -4.821294e-02 -6.391093e-02 -1.354071e-01
    endloop
  endfacet
  facet normal 4.762923e-02 -3.617620e-02 9.982098e-01
    outer loop
      vertex -4.842210e-02 -6.375206e-02 -1.393985e-01
      vertex -4.205945e-02 -6.782302e-02 -1.398496e-01
      vertex -3.934935e-02 -5.180697e-02 -1.393985e-01
    endloop
  endfacet
  facet normal 6.229751e-02 -3.863288e-02 9.973096e-01
    outer loop
      vertex -3.934935e-02 -5.180697e-02 -1.393985e-01
      vertex -4.205945e-02 -6.782302e-02 -1.398496e-01
      vertex -3.415411e-02 -5.507526e-02 -1.398496e-01
    endloop
  endfacet
  facet normal -5.328365e-01 -8.461986e-01 -5.758322e-03
    outer loop
      vertex -3.934935e-02 -5.180697e-02 -1.393985e-01
      vertex -3.415411e-02 -5.507526e-02 -1.398496e-01
      vertex -3.914019e-02 -5.196584e-02 -1.354071e-01
    endloop
  endfacet
  facet normal -5.290549e-01 -8.485876e-01 1.580238e-04
    outer loop
      vertex -3.914019e-02 -5.196584e-02 -1.354071e-01
      vertex -3.415411e-02 -5.507526e-02 -1.398496e-01
      vertex -3.393012e-02 -5.521416e-02 -1.358583e-01
    endloop
  endfacet
  facet normal 5.392042e-01 8.421586e-01 5.263824e-03
    outer loop
      vertex -4.842210e-02 -6.375206e-02 -1.393985e-01
      vertex -4.821294e-02 -6.391093e-02 -1.354071e-01
      vertex -4.205945e-02 -6.782302e-02 -1.398496e-01
    endloop
  endfacet
  facet normal 5.361423e-01 8.441273e-01 -7.109858e-04
    outer loop
      vertex -4.205945e-02 -6.782302e-02 -1.398496e-01
      vertex -4.821294e-02 -6.391093e-02 -1.354071e-01
      vertex -4.183546e-02 -6.796193e-02 -1.358583e-01
    endloop
  endfacet
  facet normal -4.763721e-02 3.618226e-02 -9.982092e-01
    outer loop
      vertex -4.821294e-02 -6.391093e-02 -1.354071e-01
      vertex -3.914019e-02 -5.196584e-02 -1.354071e-01
      vertex -4.183546e-02 -6.796193e-02 -1.358583e-01
    endloop
  endfacet
  facet normal -6.228474e-02 3.862497e-02 -9.973107e-01
    outer loop
      vertex -3.914019e-02 -5.196584e-02 -1.354071e-01
      vertex -3.393012e-02 -5.521416e-02 -1.358583e-01
      vertex -4.183546e-02 -6.796193e-02 -1.358583e-01
    endloop
  endfacet
  facet normal 5.098933e-02 -3.162028e-02 9.981985e-01
    outer loop
      vertex -4.205945e-02 -6.782302e-02 -1.398496e-01
      vertex -3.536179e-02 -7.126404e-02 -1.403008e-01
      vertex -3.415411e-02 -5.507526e-02 -1.398496e-01
    endloop
  endfacet
  facet normal 6.591698e-02 -3.270854e-02 9.972889e-01
    outer loop
      vertex -3.415411e-02 -5.507526e-02 -1.398496e-01
      vertex -3.536179e-02 -7.126404e-02 -1.403008e-01
      vertex -2.869438e-02 -5.782732e-02 -1.403008e-01
    endloop
  endfacet
  facet normal -4.504890e-01 -8.927632e-01 -5.788414e-03
    outer loop
      vertex -3.415411e-02 -5.507526e-02 -1.398496e-01
      vertex -2.869438e-02 -5.782732e-02 -1.403008e-01
      vertex -3.393012e-02 -5.521416e-02 -1.358583e-01
    endloop
  endfacet
  facet normal -4.464695e-01 -8.947988e-01 1.462062e-04
    outer loop
      vertex -3.393012e-02 -5.521416e-02 -1.358583e-01
      vertex -2.869438e-02 -5.782732e-02 -1.403008e-01
      vertex -2.845747e-02 -5.794487e-02 -1.363095e-01
    endloop
  endfacet
  facet normal 4.572565e-01 8.893191e-01 5.288763e-03
    outer loop
      vertex -4.205945e-02 -6.782302e-02 -1.398496e-01
      vertex -4.183546e-02 -6.796193e-02 -1.358583e-01
      vertex -3.536179e-02 -7.126404e-02 -1.403008e-01
    endloop
  endfacet
  facet normal 4.540011e-01 8.910008e-01 -7.051345e-04
    outer loop
      vertex -3.536179e-02 -7.126404e-02 -1.403008e-01
      vertex -4.183546e-02 -6.796193e-02 -1.358583e-01
      vertex -3.512488e-02 -7.138160e-02 -1.363095e-01
    endloop
  endfacet
  facet normal -5.099794e-02 3.162562e-02 -9.981979e-01
    outer loop
      vertex -4.183546e-02 -6.796193e-02 -1.358583e-01
      vertex -3.393012e-02 -5.521416e-02 -1.358583e-01
      vertex -3.512488e-02 -7.138160e-02 -1.363095e-01
    endloop
  endfacet
  facet normal -6.590337e-02 3.270178e-02 -9.972900e-01
    outer loop
      vertex -3.393012e-02 -5.521416e-02 -1.358583e-01
      vertex -2.845747e-02 -5.794487e-02 -1.363095e-01
      vertex -3.512488e-02 -7.138160e-02 -1.363095e-01
    endloop
  endfacet
  facet normal 5.391431e-02 -2.675271e-02 9.981871e-01
    outer loop
      vertex -3.536179e-02 -7.126404e-02 -1.403008e-01
      vertex -2.839105e-02 -7.404832e-02 -1.407519e-01
      vertex -2.869438e-02 -5.782732e-02 -1.403008e-01
    endloop
  endfacet
  facet normal 6.897411e-02 -2.644553e-02 9.972679e-01
    outer loop
      vertex -2.869438e-02 -5.782732e-02 -1.403008e-01
      vertex -2.839105e-02 -7.404832e-02 -1.407519e-01
      vertex -2.302104e-02 -6.004250e-02 -1.407519e-01
    endloop
  endfacet
  facet normal -3.641086e-01 -9.313383e-01 -5.818793e-03
    outer loop
      vertex -2.869438e-02 -5.782732e-02 -1.403008e-01
      vertex -2.302104e-02 -6.004250e-02 -1.407519e-01
      vertex -2.845747e-02 -5.794487e-02 -1.363095e-01
    endloop
  endfacet
  facet normal -3.598841e-01 -9.329970e-01 1.342042e-04
    outer loop
      vertex -2.845747e-02 -5.794487e-02 -1.363095e-01
      vertex -2.302104e-02 -6.004250e-02 -1.407519e-01
      vertex -2.277324e-02 -6.013751e-02 -1.367607e-01
    endloop
  endfacet
  facet normal 3.712205e-01 9.285295e-01 5.313917e-03
    outer loop
      vertex -3.536179e-02 -7.126404e-02 -1.403008e-01
      vertex -3.512488e-02 -7.138160e-02 -1.363095e-01
      vertex -2.839105e-02 -7.404832e-02 -1.407519e-01
    endloop
  endfacet
  facet normal 3.677984e-01 9.299053e-01 -6.991850e-04
    outer loop
      vertex -2.839105e-02 -7.404832e-02 -1.407519e-01
      vertex -3.512488e-02 -7.138160e-02 -1.363095e-01
      vertex -2.814324e-02 -7.414333e-02 -1.367607e-01
    endloop
  endfacet
  facet normal -5.392347e-02 2.675726e-02 -9.981865e-01
    outer loop
      vertex -3.512488e-02 -7.138160e-02 -1.363095e-01
      vertex -2.845747e-02 -5.794487e-02 -1.363095e-01
      vertex -2.814324e-02 -7.414333e-02 -1.367607e-01
    endloop
  endfacet
  facet normal -6.895975e-02 2.644002e-02 -9.972690e-01
    outer loop
      vertex -2.845747e-02 -5.794487e-02 -1.363095e-01
      vertex -2.277324e-02 -6.013751e-02 -1.367607e-01
      vertex -2.814324e-02 -7.414333e-02 -1.367607e-01
    endloop
  endfacet
  facet normal 5.637530e-02 -2.161499e-02 9.981756e-01
    outer loop
      vertex -2.839105e-02 -7.404832e-02 -1.407519e-01
      vertex -2.121119e-02 -7.615512e-02 -1.412030e-01
      vertex -2.302104e-02 -6.004250e-02 -1.407519e-01
    endloop
  endfacet
  facet normal 7.143726e-02 -1.989714e-02 9.972466e-01
    outer loop
      vertex -2.302104e-02 -6.004250e-02 -1.407519e-01
      vertex -2.121119e-02 -7.615512e-02 -1.412030e-01
      vertex -1.718649e-02 -6.170514e-02 -1.412030e-01
    endloop
  endfacet
  facet normal -2.744685e-01 -9.615783e-01 -5.849463e-03
    outer loop
      vertex -2.302104e-02 -6.004250e-02 -1.407519e-01
      vertex -1.718649e-02 -6.170514e-02 -1.412030e-01
      vertex -2.277324e-02 -6.013751e-02 -1.367607e-01
    endloop
  endfacet
  facet normal -2.700741e-01 -9.628395e-01 1.220147e-04
    outer loop
      vertex -2.277324e-02 -6.013751e-02 -1.367607e-01
      vertex -1.718649e-02 -6.170514e-02 -1.412030e-01
      vertex -1.692994e-02 -6.177660e-02 -1.372119e-01
    endloop
  endfacet
  facet normal 2.818652e-01 9.594392e-01 5.339289e-03
    outer loop
      vertex -2.839105e-02 -7.404832e-02 -1.407519e-01
      vertex -2.814324e-02 -7.414333e-02 -1.367607e-01
      vertex -2.121119e-02 -7.615512e-02 -1.412030e-01
    endloop
  endfacet
  facet normal 2.783051e-01 9.604925e-01 -6.931354e-04
    outer loop
      vertex -2.121119e-02 -7.615512e-02 -1.412030e-01
      vertex -2.814324e-02 -7.414333e-02 -1.367607e-01
      vertex -2.095464e-02 -7.622658e-02 -1.372119e-01
    endloop
  endfacet
  facet normal -5.638495e-02 2.161869e-02 -9.981750e-01
    outer loop
      vertex -2.814324e-02 -7.414333e-02 -1.367607e-01
      vertex -2.277324e-02 -6.013751e-02 -1.367607e-01
      vertex -2.095464e-02 -7.622658e-02 -1.372119e-01
    endloop
  endfacet
  facet normal -7.142227e-02 1.989297e-02 -9.972478e-01
    outer loop
      vertex -2.277324e-02 -6.013751e-02 -1.367607e-01
      vertex -1.692994e-02 -6.177660e-02 -1.372119e-01
      vertex -2.095464e-02 -7.622658e-02 -1.372119e-01
    endloop
  endfacet
  facet normal 5.834738e-02 -1.625127e-02 9.981641e-01
    outer loop
      vertex -2.121119e-02 -7.615512e-02 -1.412030e-01
      vertex -1.388768e-02 -7.756988e-02 -1.416541e-01
      vertex -1.718649e-02 -6.170514e-02 -1.412030e-01
    endloop
  endfacet
  facet normal 7.327982e-02 -1.311961e-02 9.972251e-01
    outer loop
      vertex -1.718649e-02 -6.170514e-02 -1.412030e-01
      vertex -1.388768e-02 -7.756988e-02 -1.416541e-01
      vertex -1.124419e-02 -6.280465e-02 -1.416541e-01
    endloop
  endfacet
  facet normal -1.823706e-01 -9.832123e-01 -5.880427e-03
    outer loop
      vertex -1.718649e-02 -6.170514e-02 -1.412030e-01
      vertex -1.124419e-02 -6.280465e-02 -1.416541e-01
      vertex -1.692994e-02 -6.177660e-02 -1.372119e-01
    endloop
  endfacet
  facet normal -1.778436e-01 -9.840588e-01 1.096345e-04
    outer loop
      vertex -1.692994e-02 -6.177660e-02 -1.372119e-01
      vertex -1.124419e-02 -6.280465e-02 -1.416541e-01
      vertex -1.098112e-02 -6.285175e-02 -1.376631e-01
    endloop
  endfacet
  facet normal 1.899895e-01 9.817715e-01 5.364881e-03
    outer loop
      vertex -2.121119e-02 -7.615512e-02 -1.412030e-01
      vertex -2.095464e-02 -7.622658e-02 -1.372119e-01
      vertex -1.388768e-02 -7.756988e-02 -1.416541e-01
    endloop
  endfacet
  facet normal 1.863216e-01 9.824886e-01 -6.869843e-04
    outer loop
      vertex -1.388768e-02 -7.756988e-02 -1.416541e-01
      vertex -2.095464e-02 -7.622658e-02 -1.372119e-01
      vertex -1.362461e-02 -7.761698e-02 -1.376631e-01
    endloop
  endfacet
  facet normal -5.835745e-02 1.625407e-02 -9.981634e-01
    outer loop
      vertex -2.095464e-02 -7.622658e-02 -1.372119e-01
      vertex -1.692994e-02 -6.177660e-02 -1.372119e-01
      vertex -1.362461e-02 -7.761698e-02 -1.376631e-01
    endloop
  endfacet
  facet normal -7.326433e-02 1.311684e-02 -9.972263e-01
    outer loop
      vertex -1.692994e-02 -6.177660e-02 -1.372119e-01
      vertex -1.098112e-02 -6.285175e-02 -1.376631e-01
      vertex -1.362461e-02 -7.761698e-02 -1.376631e-01
    endloop
  endfacet
  facet normal 5.980986e-02 -1.070802e-02 9.981524e-01
    outer loop
      vertex -1.388768e-02 -7.756988e-02 -1.416541e-01
      vertex -6.486825e-03 -7.828433e-02 -1.421053e-01
      vertex -1.124419e-02 -6.280465e-02 -1.416541e-01
    endloop
  endfacet
  facet normal 7.448053e-02 -6.171633e-03 9.972034e-01
    outer loop
      vertex -1.124419e-02 -6.280465e-02 -1.416541e-01
      vertex -6.486825e-03 -7.828433e-02 -1.421053e-01
      vertex -5.248135e-03 -6.333557e-02 -1.421053e-01
    endloop
  endfacet
  facet normal -8.863929e-02 -9.960462e-01 -5.911690e-03
    outer loop
      vertex -1.124419e-02 -6.280465e-02 -1.416541e-01
      vertex -5.248135e-03 -6.333557e-02 -1.421053e-01
      vertex -1.098112e-02 -6.285175e-02 -1.376631e-01
    endloop
  endfacet
  facet normal -8.401870e-02 -9.964642e-01 9.706012e-05
    outer loop
      vertex -1.098112e-02 -6.285175e-02 -1.376631e-01
      vertex -5.248135e-03 -6.333557e-02 -1.421053e-01
      vertex -4.980861e-03 -6.335771e-02 -1.381143e-01
    endloop
  endfacet
  facet normal 9.641454e-02 9.953267e-01 5.390696e-03
    outer loop
      vertex -1.388768e-02 -7.756988e-02 -1.416541e-01
      vertex -1.362461e-02 -7.761698e-02 -1.376631e-01
      vertex -6.486825e-03 -7.828433e-02 -1.421053e-01
    endloop
  endfacet
  facet normal 9.267059e-02 9.956966e-01 -6.807298e-04
    outer loop
      vertex -6.486825e-03 -7.828433e-02 -1.421053e-01
      vertex -1.362461e-02 -7.761698e-02 -1.376631e-01
      vertex -6.219551e-03 -7.830648e-02 -1.381143e-01
    endloop
  endfacet
  facet normal -5.982025e-02 1.070988e-02 -9.981517e-01
    outer loop
      vertex -1.362461e-02 -7.761698e-02 -1.376631e-01
      vertex -1.098112e-02 -6.285175e-02 -1.376631e-01
      vertex -6.219551e-03 -7.830648e-02 -1.381143e-01
    endloop
  endfacet
  facet normal -7.446466e-02 6.170317e-03 -9.972046e-01
    outer loop
      vertex -1.098112e-02 -6.285175e-02 -1.376631e-01
      vertex -4.980861e-03 -6.335771e-02 -1.381143e-01
      vertex -6.219551e-03 -7.830648e-02 -1.381143e-01
    endloop
  endfacet
  facet normal 6.074642e-02 -5.033592e-03 9.981405e-01
    outer loop
      vertex -6.486825e-03 -7.828433e-02 -1.421053e-01
      vertex 9.247642e-04 -7.829654e-02 -1.425564e-01
      vertex -5.248135e-03 -6.333557e-02 -1.421053e-01
    endloop
  endfacet
  facet normal 7.502363e-02 8.861077e-04 9.971814e-01
    outer loop
      vertex -5.248135e-03 -6.333557e-02 -1.421053e-01
      vertex 9.247642e-04 -7.829654e-02 -1.425564e-01
      vertex 7.476109e-04 -6.329759e-02 -1.425564e-01
    endloop
  endfacet
  facet normal 5.886589e-03 -9.999650e-01 -5.943255e-03
    outer loop
      vertex -5.248135e-03 -6.333557e-02 -1.421053e-01
      vertex 7.476109e-04 -6.329759e-02 -1.425564e-01
      vertex -4.980861e-03 -6.335771e-02 -1.381143e-01
    endloop
  endfacet
  facet normal 1.056041e-02 -9.999442e-01 8.428830e-05
    outer loop
      vertex -4.980861e-03 -6.335771e-02 -1.381143e-01
      vertex 7.476109e-04 -6.329759e-02 -1.425564e-01
      vertex 1.016727e-03 -6.329441e-02 -1.385655e-01
    endloop
  endfacet
  facet normal 1.977026e-03 9.999834e-01 5.416737e-03
    outer loop
      vertex -6.486825e-03 -7.828433e-02 -1.421053e-01
      vertex -6.219551e-03 -7.830648e-02 -1.381143e-01
      vertex 9.247642e-04 -7.829654e-02 -1.425564e-01
    endloop
  endfacet
  facet normal -1.810267e-03 9.999981e-01 -6.743704e-04
    outer loop
      vertex 9.247642e-04 -7.829654e-02 -1.425564e-01
      vertex -6.219551e-03 -7.830648e-02 -1.381143e-01
      vertex 1.193881e-03 -7.829337e-02 -1.385655e-01
    endloop
  endfacet
  facet normal -6.075705e-02 5.034472e-03 -9.981399e-01
    outer loop
      vertex -6.219551e-03 -7.830648e-02 -1.381143e-01
      vertex -4.980861e-03 -6.335771e-02 -1.381143e-01
      vertex 1.193881e-03 -7.829337e-02 -1.385655e-01
    endloop
  endfacet
  facet normal -7.500751e-02 -8.859173e-04 -9.971826e-01
    outer loop
      vertex -4.980861e-03 -6.335771e-02 -1.381143e-01
      vertex 1.016727e-03 -6.329441e-02 -1.385655e-01
      vertex 1.193881e-03 -7.829337e-02 -1.385655e-01
    endloop
  endfacet
  facet normal 6.114534e-02 7.221906e-04 9.981286e-01
    outer loop
      vertex 9.247642e-04 -7.829654e-02 -1.425564e-01
      vertex 8.280817e-03 -7.761086e-02 -1.430075e-01
      vertex 7.476109e-04 -6.329759e-02 -1.425564e-01
    endloop
  endfacet
  facet normal 7.489911e-02 7.991483e-03 9.971591e-01
    outer loop
      vertex 7.476109e-04 -6.329759e-02 -1.425564e-01
      vertex 8.280817e-03 -7.761086e-02 -1.430075e-01
      vertex 6.689401e-03 -6.269552e-02 -1.430075e-01
    endloop
  endfacet
  facet normal 1.003610e-01 -9.949331e-01 -5.975128e-03
    outer loop
      vertex 7.476109e-04 -6.329759e-02 -1.425564e-01
      vertex 6.689401e-03 -6.269552e-02 -1.430075e-01
      vertex 1.016727e-03 -6.329441e-02 -1.385655e-01
    endloop
  endfacet
  facet normal 1.050466e-01 -9.944673e-01 7.131558e-05
    outer loop
      vertex 1.016727e-03 -6.329441e-02 -1.385655e-01
      vertex 6.689401e-03 -6.269552e-02 -1.430075e-01
      vertex 6.957963e-03 -6.266687e-02 -1.390166e-01
    endloop
  endfacet
  facet normal -9.247879e-02 9.956998e-01 5.443006e-03
    outer loop
      vertex 9.247642e-04 -7.829654e-02 -1.425564e-01
      vertex 1.193881e-03 -7.829337e-02 -1.385655e-01
      vertex 8.280817e-03 -7.761086e-02 -1.430075e-01
    endloop
  endfacet
  facet normal -9.627583e-02 9.953545e-01 -6.679041e-04
    outer loop
      vertex 8.280817e-03 -7.761086e-02 -1.430075e-01
      vertex 1.193881e-03 -7.829337e-02 -1.385655e-01
      vertex 8.549380e-03 -7.758221e-02 -1.390166e-01
    endloop
  endfacet
  facet normal -6.115612e-02 -7.223178e-04 -9.981280e-01
    outer loop
      vertex 1.193881e-03 -7.829337e-02 -1.385655e-01
      vertex 1.016727e-03 -6.329441e-02 -1.385655e-01
      vertex 8.549380e-03 -7.758221e-02 -1.390166e-01
    endloop
  endfacet
  facet normal -7.488289e-02 -7.989752e-03 -9.971603e-01
    outer loop
      vertex 1.016727e-03 -6.329441e-02 -1.385655e-01
      vertex 6.957963e-03 -6.266687e-02 -1.390166e-01
      vertex 8.549380e-03 -7.758221e-02 -1.390166e-01
    endloop
  endfacet
  facet normal 6.099962e-02 6.508454e-03 9.981166e-01
    outer loop
      vertex 8.280817e-03 -7.761086e-02 -1.430075e-01
      vertex 1.551598e-02 -7.623786e-02 -1.434586e-01
      vertex 6.689401e-03 -6.269552e-02 -1.430075e-01
    endloop
  endfacet
  facet normal 7.410282e-02 1.508145e-02 9.971366e-01
    outer loop
      vertex 6.689401e-03 -6.269552e-02 -1.430075e-01
      vertex 1.551598e-02 -7.623786e-02 -1.434586e-01
      vertex 1.252449e-02 -6.153919e-02 -1.434586e-01
    endloop
  endfacet
  facet normal 1.939382e-01 -9.809953e-01 -6.007312e-03
    outer loop
      vertex 6.689401e-03 -6.269552e-02 -1.430075e-01
      vertex 1.252449e-02 -6.153919e-02 -1.434586e-01
      vertex 6.957963e-03 -6.266687e-02 -1.390166e-01
    endloop
  endfacet
  facet normal 1.985933e-01 -9.800820e-01 5.813842e-05
    outer loop
      vertex 6.957963e-03 -6.266687e-02 -1.390166e-01
      vertex 1.252449e-02 -6.153919e-02 -1.434586e-01
      vertex 1.279009e-02 -6.148513e-02 -1.394678e-01
    endloop
  endfacet
  facet normal -1.861084e-01 9.825140e-01 5.469507e-03
    outer loop
      vertex 8.280817e-03 -7.761086e-02 -1.430075e-01
      vertex 8.549380e-03 -7.758221e-02 -1.390166e-01
      vertex 1.551598e-02 -7.623786e-02 -1.434586e-01
    endloop
  endfacet
  facet normal -1.898811e-01 9.818069e-01 -6.613293e-04
    outer loop
      vertex 1.551598e-02 -7.623786e-02 -1.434586e-01
      vertex 8.549380e-03 -7.758221e-02 -1.390166e-01
      vertex 1.578158e-02 -7.618381e-02 -1.394678e-01
    endloop
  endfacet
  facet normal -6.101045e-02 -6.509609e-03 -9.981159e-01
    outer loop
      vertex 8.549380e-03 -7.758221e-02 -1.390166e-01
      vertex 6.957963e-03 -6.266687e-02 -1.390166e-01
      vertex 1.578158e-02 -7.618381e-02 -1.394678e-01
    endloop
  endfacet
  facet normal -7.408664e-02 -1.507816e-02 -9.971378e-01
    outer loop
      vertex 6.957963e-03 -6.266687e-02 -1.390166e-01
      vertex 1.279009e-02 -6.148513e-02 -1.394678e-01
      vertex 1.578158e-02 -7.618381e-02 -1.394678e-01
    endloop
  endfacet
  facet normal 6.030706e-02 1.227373e-02 9.981044e-01
    outer loop
      vertex 1.551598e-02 -7.623786e-02 -1.434586e-01
      vertex 2.256639e-02 -7.419421e-02 -1.439098e-01
      vertex 1.252449e-02 -6.153919e-02 -1.434586e-01
    endloop
  endfacet
  facet normal 7.263653e-02 2.209262e-02 9.971138e-01
    outer loop
      vertex 1.252449e-02 -6.153919e-02 -1.434586e-01
      vertex 2.256639e-02 -7.419421e-02 -1.439098e-01
      vertex 1.820152e-02 -5.984332e-02 -1.439098e-01
    endloop
  endfacet
  facet normal 2.857807e-01 -9.582760e-01 -6.039811e-03
    outer loop
      vertex 1.252449e-02 -6.153919e-02 -1.434586e-01
      vertex 1.820152e-02 -5.984332e-02 -1.439098e-01
      vertex 1.279009e-02 -6.148513e-02 -1.394678e-01
    endloop
  endfacet
  facet normal 2.903627e-01 -9.569167e-01 4.475322e-05
    outer loop
      vertex 1.279009e-02 -6.148513e-02 -1.394678e-01
      vertex 1.820152e-02 -5.984332e-02 -1.439098e-01
      vertex 1.846176e-02 -5.976417e-02 -1.399190e-01
    endloop
  endfacet
  facet normal -2.780748e-01 9.605437e-01 5.496242e-03
    outer loop
      vertex 1.551598e-02 -7.623786e-02 -1.434586e-01
      vertex 1.578158e-02 -7.618381e-02 -1.394678e-01
      vertex 2.256639e-02 -7.419421e-02 -1.439098e-01
    endloop
  endfacet
  facet normal -2.817887e-01 9.594763e-01 -6.546441e-04
    outer loop
      vertex 2.256639e-02 -7.419421e-02 -1.439098e-01
      vertex 1.578158e-02 -7.618381e-02 -1.394678e-01
      vertex 2.282663e-02 -7.411505e-02 -1.399190e-01
    endloop
  endfacet
  facet normal -6.031784e-02 -1.227592e-02 -9.981037e-01
    outer loop
      vertex 1.578158e-02 -7.618381e-02 -1.394678e-01
      vertex 1.279009e-02 -6.148513e-02 -1.394678e-01
      vertex 2.282663e-02 -7.411505e-02 -1.399190e-01
    endloop
  endfacet
  facet normal -7.262055e-02 -2.208775e-02 -9.971150e-01
    outer loop
      vertex 1.279009e-02 -6.148513e-02 -1.394678e-01
      vertex 1.846176e-02 -5.976417e-02 -1.399190e-01
      vertex 2.282663e-02 -7.411505e-02 -1.399190e-01
    endloop
  endfacet
  facet normal 5.907030e-02 1.796641e-02 9.980921e-01
    outer loop
      vertex 2.256639e-02 -7.419421e-02 -1.439098e-01
      vertex 2.937025e-02 -7.150246e-02 -1.443609e-01
      vertex 1.820152e-02 -5.984332e-02 -1.439098e-01
    endloop
  endfacet
  facet normal 7.050802e-02 2.896177e-02 9.970907e-01
    outer loop
      vertex 1.820152e-02 -5.984332e-02 -1.439098e-01
      vertex 2.937025e-02 -7.150246e-02 -1.443609e-01
      vertex 2.367094e-02 -5.762737e-02 -1.443609e-01
    endloop
  endfacet
  facet normal 3.750661e-01 -9.269782e-01 -6.072630e-03
    outer loop
      vertex 1.820152e-02 -5.984332e-02 -1.439098e-01
      vertex 2.367094e-02 -5.762737e-02 -1.443609e-01
      vertex 1.846176e-02 -5.976417e-02 -1.399190e-01
    endloop
  endfacet
  facet normal 3.795325e-01 -9.251784e-01 3.115633e-05
    outer loop
      vertex 1.846176e-02 -5.976417e-02 -1.399190e-01
      vertex 2.367094e-02 -5.762737e-02 -1.443609e-01
      vertex 2.392345e-02 -5.752365e-02 -1.403702e-01
    endloop
  endfacet
  facet normal -3.675555e-01 9.299852e-01 5.523214e-03
    outer loop
      vertex 2.256639e-02 -7.419421e-02 -1.439098e-01
      vertex 2.282663e-02 -7.411505e-02 -1.399190e-01
      vertex 2.937025e-02 -7.150246e-02 -1.443609e-01
    endloop
  endfacet
  facet normal -3.711763e-01 9.285622e-01 -6.478466e-04
    outer loop
      vertex 2.937025e-02 -7.150246e-02 -1.443609e-01
      vertex 2.282663e-02 -7.411505e-02 -1.399190e-01
      vertex 2.962276e-02 -7.139873e-02 -1.403702e-01
    endloop
  endfacet
  facet normal -5.908094e-02 -1.796964e-02 -9.980914e-01
    outer loop
      vertex 2.282663e-02 -7.411505e-02 -1.399190e-01
      vertex 1.846176e-02 -5.976417e-02 -1.399190e-01
      vertex 2.962276e-02 -7.139873e-02 -1.403702e-01
    endloop
  endfacet
  facet normal -7.049238e-02 -2.895535e-02 -9.970920e-01
    outer loop
      vertex 1.846176e-02 -5.976417e-02 -1.399190e-01
      vertex 2.392345e-02 -5.752365e-02 -1.403702e-01
      vertex 2.962276e-02 -7.139873e-02 -1.403702e-01
    endloop
  endfacet
  facet normal 5.729688e-02 2.353518e-02 9.980797e-01
    outer loop
      vertex 2.937025e-02 -7.150246e-02 -1.443609e-01
      vertex 3.586836e-02 -6.819083e-02 -1.448120e-01
      vertex 2.367094e-02 -5.762737e-02 -1.443609e-01
    endloop
  endfacet
  facet normal 6.773098e-02 3.562648e-02 9.970673e-01
    outer loop
      vertex 2.367094e-02 -5.762737e-02 -1.443609e-01
      vertex 3.586836e-02 -6.819083e-02 -1.448120e-01
      vertex 2.888545e-02 -5.491533e-02 -1.448120e-01
    endloop
  endfacet
  facet normal 4.609952e-01 -8.873816e-01 -6.105773e-03
    outer loop
      vertex 2.367094e-02 -5.762737e-02 -1.443609e-01
      vertex 2.888545e-02 -5.491533e-02 -1.448120e-01
      vertex 2.392345e-02 -5.752365e-02 -1.403702e-01
    endloop
  endfacet
  facet normal 4.653038e-01 -8.851510e-01 1.734400e-05
    outer loop
      vertex 2.392345e-02 -5.752365e-02 -1.403702e-01
      vertex 2.888545e-02 -5.491533e-02 -1.448120e-01
      vertex 2.912792e-02 -5.478779e-02 -1.408214e-01
    endloop
  endfacet
  facet normal -4.537505e-01 8.911115e-01 5.550426e-03
    outer loop
      vertex 2.937025e-02 -7.150246e-02 -1.443609e-01
      vertex 2.962276e-02 -7.139873e-02 -1.403702e-01
      vertex 3.586836e-02 -6.819083e-02 -1.448120e-01
    endloop
  endfacet
  facet normal -4.572443e-01 8.893409e-01 -6.409350e-04
    outer loop
      vertex 3.586836e-02 -6.819083e-02 -1.448120e-01
      vertex 2.962276e-02 -7.139873e-02 -1.403702e-01
      vertex 3.611083e-02 -6.806329e-02 -1.408214e-01
    endloop
  endfacet
  facet normal -5.730728e-02 -2.353946e-02 -9.980790e-01
    outer loop
      vertex 2.962276e-02 -7.139873e-02 -1.403702e-01
      vertex 2.392345e-02 -5.752365e-02 -1.403702e-01
      vertex 3.611083e-02 -6.806329e-02 -1.408214e-01
    endloop
  endfacet
  facet normal -6.771584e-02 -3.561852e-02 -9.970686e-01
    outer loop
      vertex 2.392345e-02 -5.752365e-02 -1.403702e-01
      vertex 2.912792e-02 -5.478779e-02 -1.408214e-01
      vertex 3.611083e-02 -6.806329e-02 -1.408214e-01
    endloop
  endfacet
  facet normal 5.499914e-02 2.892954e-02 9.980672e-01
    outer loop
      vertex 3.586836e-02 -6.819083e-02 -1.448120e-01
      vertex 4.200466e-02 -6.429292e-02 -1.452632e-01
      vertex 2.888545e-02 -5.491533e-02 -1.448120e-01
    endloop
  endfacet
  facet normal 6.432501e-02 4.202563e-02 9.970437e-01
    outer loop
      vertex 2.888545e-02 -5.491533e-02 -1.448120e-01
      vertex 4.200466e-02 -6.429292e-02 -1.452632e-01
      vertex 3.380044e-02 -5.173542e-02 -1.452632e-01
    endloop
  endfacet
  facet normal 5.427984e-01 -8.398406e-01 -6.139245e-03
    outer loop
      vertex 2.888545e-02 -5.491533e-02 -1.448120e-01
      vertex 3.380044e-02 -5.173542e-02 -1.452632e-01
      vertex 2.912792e-02 -5.478779e-02 -1.408214e-01
    endloop
  endfacet
  facet normal 5.469079e-01 -8.371928e-01 3.312398e-06
    outer loop
      vertex 2.912792e-02 -5.478779e-02 -1.408214e-01
      vertex 3.380044e-02 -5.173542e-02 -1.452632e-01
      vertex 3.403061e-02 -5.158504e-02 -1.412726e-01
    endloop
  endfacet
  facet normal -5.358891e-01 8.442699e-01 5.577881e-03
    outer loop
      vertex 3.586836e-02 -6.819083e-02 -1.448120e-01
      vertex 3.611083e-02 -6.806329e-02 -1.408214e-01
      vertex 4.200466e-02 -6.429292e-02 -1.452632e-01
    endloop
  endfacet
  facet normal -5.392226e-01 8.421630e-01 -6.339073e-04
    outer loop
      vertex 4.200466e-02 -6.429292e-02 -1.452632e-01
      vertex 3.611083e-02 -6.806329e-02 -1.408214e-01
      vertex 4.223484e-02 -6.414253e-02 -1.412726e-01
    endloop
  endfacet
  facet normal -5.500920e-02 -2.893483e-02 -9.980665e-01
    outer loop
      vertex 3.611083e-02 -6.806329e-02 -1.408214e-01
      vertex 2.912792e-02 -5.478779e-02 -1.408214e-01
      vertex 4.223484e-02 -6.414253e-02 -1.412726e-01
    endloop
  endfacet
  facet normal -6.431051e-02 -4.201615e-02 -9.970450e-01
    outer loop
      vertex 2.912792e-02 -5.478779e-02 -1.408214e-01
      vertex 3.403061e-02 -5.158504e-02 -1.412726e-01
      vertex 4.223484e-02 -6.414253e-02 -1.412726e-01
    endloop
  endfacet
  facet normal 5.219419e-02 3.410017e-02 9.980546e-01
    outer loop
      vertex 4.200466e-02 -6.429292e-02 -1.452632e-01
      vertex 4.772666e-02 -5.984734e-02 -1.457143e-01
      vertex 3.380044e-02 -5.173542e-02 -1.452632e-01
    endloop
  endfacet
  facet normal 6.031544e-02 4.809996e-02 9.970198e-01
    outer loop
      vertex 3.380044e-02 -5.173542e-02 -1.452632e-01
      vertex 4.772666e-02 -5.984734e-02 -1.457143e-01
      vertex 3.837431e-02 -4.811987e-02 -1.457143e-01
    endloop
  endfacet
  facet normal 6.197435e-01 -7.847802e-01 -6.173051e-03
    outer loop
      vertex 3.380044e-02 -5.173542e-02 -1.452632e-01
      vertex 3.837431e-02 -4.811987e-02 -1.457143e-01
      vertex 3.403061e-02 -5.158504e-02 -1.412726e-01
    endloop
  endfacet
  facet normal 6.236135e-01 -7.817328e-01 -1.094238e-05
    outer loop
      vertex 3.403061e-02 -5.158504e-02 -1.412726e-01
      vertex 3.837431e-02 -4.811987e-02 -1.457143e-01
      vertex 3.859005e-02 -4.794782e-02 -1.417238e-01
    endloop
  endfacet
  facet normal -6.132368e-01 7.898793e-01 5.605583e-03
    outer loop
      vertex 4.200466e-02 -6.429292e-02 -1.452632e-01
      vertex 4.223484e-02 -6.414253e-02 -1.412726e-01
      vertex 4.772666e-02 -5.984734e-02 -1.457143e-01
    endloop
  endfacet
  facet normal -6.163777e-01 7.874504e-01 -6.267616e-04
    outer loop
      vertex 4.772666e-02 -5.984734e-02 -1.457143e-01
      vertex 4.223484e-02 -6.414253e-02 -1.412726e-01
      vertex 4.794240e-02 -5.967529e-02 -1.417238e-01
    endloop
  endfacet
  facet normal -5.220380e-02 -3.410645e-02 -9.980539e-01
    outer loop
      vertex 4.223484e-02 -6.414253e-02 -1.412726e-01
      vertex 3.403061e-02 -5.158504e-02 -1.412726e-01
      vertex 4.794240e-02 -5.967529e-02 -1.417238e-01
    endloop
  endfacet
  facet normal -6.030174e-02 -4.808903e-02 -9.970211e-01
    outer loop
      vertex 3.403061e-02 -5.158504e-02 -1.412726e-01
      vertex 3.859005e-02 -4.794782e-02 -1.417238e-01
      vertex 4.794240e-02 -5.967529e-02 -1.417238e-01
    endloop
  endfacet
  facet normal 4.890376e-02 3.899944e-02 9.980418e-01
    outer loop
      vertex 4.772666e-02 -5.984734e-02 -1.457143e-01
      vertex 5.298594e-02 -5.489737e-02 -1.461654e-01
      vertex 3.837431e-02 -4.811987e-02 -1.457143e-01
    endloop
  endfacet
  facet normal 5.573318e-02 5.379265e-02 9.969956e-01
    outer loop
      vertex 3.837431e-02 -4.811987e-02 -1.457143e-01
      vertex 5.298594e-02 -5.489737e-02 -1.461654e-01
      vertex 4.256889e-02 -4.410454e-02 -1.461654e-01
    endloop
  endfacet
  facet normal 6.911412e-01 -7.226931e-01 -6.207195e-03
    outer loop
      vertex 3.837431e-02 -4.811987e-02 -1.457143e-01
      vertex 4.256889e-02 -4.410454e-02 -1.461654e-01
      vertex 3.859005e-02 -4.794782e-02 -1.417238e-01
    endloop
  endfacet
  facet normal 6.947331e-01 -7.192676e-01 -2.542431e-05
    outer loop
      vertex 3.859005e-02 -4.794782e-02 -1.417238e-01
      vertex 4.256889e-02 -4.410454e-02 -1.461654e-01
      vertex 4.276816e-02 -4.391221e-02 -1.421750e-01
    endloop
  endfacet
  facet normal -6.851018e-01 7.284256e-01 5.633534e-03
    outer loop
      vertex 4.772666e-02 -5.984734e-02 -1.457143e-01
      vertex 4.794240e-02 -5.967529e-02 -1.417238e-01
      vertex 5.298594e-02 -5.489737e-02 -1.461654e-01
    endloop
  endfacet
  facet normal -6.880192e-01 7.256923e-01 -6.194957e-04
    outer loop
      vertex 5.298594e-02 -5.489737e-02 -1.461654e-01
      vertex 4.794240e-02 -5.967529e-02 -1.417238e-01
      vertex 5.318520e-02 -5.470504e-02 -1.421750e-01
    endloop
  endfacet
  facet normal -4.891283e-02 -3.900668e-02 -9.980411e-01
    outer loop
      vertex 4.794240e-02 -5.967529e-02 -1.417238e-01
      vertex 3.859005e-02 -4.794782e-02 -1.417238e-01
      vertex 5.318520e-02 -5.470504e-02 -1.421750e-01
    endloop
  endfacet
  facet normal -5.572041e-02 -5.378032e-02 -9.969969e-01
    outer loop
      vertex 3.859005e-02 -4.794782e-02 -1.417238e-01
      vertex 4.276816e-02 -4.391221e-02 -1.421750e-01
      vertex 5.318520e-02 -5.470504e-02 -1.421750e-01
    endloop
  endfacet
  facet normal 4.515403e-02 4.358185e-02 9.980289e-01
    outer loop
      vertex 5.298594e-02 -5.489737e-02 -1.461654e-01
      vertex 5.773852e-02 -4.949053e-02 -1.466165e-01
      vertex 4.256889e-02 -4.410454e-02 -1.461654e-01
    endloop
  endfacet
  facet normal 5.061448e-02 5.904979e-02 9.969711e-01
    outer loop
      vertex 4.256889e-02 -4.410454e-02 -1.461654e-01
      vertex 5.773852e-02 -4.949053e-02 -1.466165e-01
      vertex 4.634971e-02 -3.972862e-02 -1.466165e-01
    endloop
  endfacet
  facet normal 7.563521e-01 -6.541350e-01 -6.241682e-03
    outer loop
      vertex 4.256889e-02 -4.410454e-02 -1.461654e-01
      vertex 4.634971e-02 -3.972862e-02 -1.466165e-01
      vertex 4.276816e-02 -4.391221e-02 -1.421750e-01
    endloop
  endfacet
  facet normal 7.596291e-01 -6.503565e-01 -4.013747e-05
    outer loop
      vertex 4.276816e-02 -4.391221e-02 -1.421750e-01
      vertex 4.634971e-02 -3.972862e-02 -1.466165e-01
      vertex 4.653060e-02 -3.951758e-02 -1.426262e-01
    endloop
  endfacet
  facet normal -7.508415e-01 6.604582e-01 5.661738e-03
    outer loop
      vertex 5.298594e-02 -5.489737e-02 -1.461654e-01
      vertex 5.318520e-02 -5.470504e-02 -1.421750e-01
      vertex 5.773852e-02 -4.949053e-02 -1.466165e-01
    endloop
  endfacet
  facet normal -7.535058e-01 6.574409e-01 -6.121078e-04
    outer loop
      vertex 5.773852e-02 -4.949053e-02 -1.466165e-01
      vertex 5.318520e-02 -5.470504e-02 -1.421750e-01
      vertex 5.791941e-02 -4.927950e-02 -1.426262e-01
    endloop
  endfacet
  facet normal -4.516247e-02 -4.358999e-02 -9.980282e-01
    outer loop
      vertex 5.318520e-02 -5.470504e-02 -1.421750e-01
      vertex 4.276816e-02 -4.391221e-02 -1.421750e-01
      vertex 5.791941e-02 -4.927950e-02 -1.426262e-01
    endloop
  endfacet
  facet normal -5.060279e-02 -5.903615e-02 -9.969725e-01
    outer loop
      vertex 4.276816e-02 -4.391221e-02 -1.421750e-01
      vertex 4.653060e-02 -3.951758e-02 -1.426262e-01
      vertex 5.791941e-02 -4.927950e-02 -1.426262e-01
    endloop
  endfacet
  facet normal 4.097548e-02 4.780437e-02 9.980159e-01
    outer loop
      vertex 5.773852e-02 -4.949053e-02 -1.466165e-01
      vertex 6.194527e-02 -4.367811e-02 -1.470677e-01
      vertex 4.634971e-02 -3.972862e-02 -1.466165e-01
    endloop
  endfacet
  facet normal 4.500064e-02 6.382092e-02 9.969463e-01
    outer loop
      vertex 4.634971e-02 -3.972862e-02 -1.466165e-01
      vertex 6.194527e-02 -4.367811e-02 -1.470677e-01
      vertex 4.968629e-02 -3.503420e-02 -1.470677e-01
    endloop
  endfacet
  facet normal 8.147921e-01 -5.797192e-01 -6.276517e-03
    outer loop
      vertex 4.634971e-02 -3.972862e-02 -1.466165e-01
      vertex 4.968629e-02 -3.503420e-02 -1.470677e-01
      vertex 4.653060e-02 -3.951758e-02 -1.426262e-01
    endloop
  endfacet
  facet normal 8.177197e-01 -5.756166e-01 -5.508601e-05
    outer loop
      vertex 4.653060e-02 -3.951758e-02 -1.426262e-01
      vertex 4.968629e-02 -3.503420e-02 -1.470677e-01
      vertex 4.984704e-02 -3.480621e-02 -1.430774e-01
    endloop
  endfacet
  facet normal -8.098678e-01 5.865848e-01 5.690198e-03
    outer loop
      vertex 5.773852e-02 -4.949053e-02 -1.466165e-01
      vertex 5.791941e-02 -4.927950e-02 -1.426262e-01
      vertex 6.194527e-02 -4.367811e-02 -1.470677e-01
    endloop
  endfacet
  facet normal -8.122517e-01 5.833068e-01 -6.045957e-04
    outer loop
      vertex 6.194527e-02 -4.367811e-02 -1.470677e-01
      vertex 5.791941e-02 -4.927950e-02 -1.426262e-01
      vertex 6.210603e-02 -4.345012e-02 -1.430774e-01
    endloop
  endfacet
  facet normal -4.098320e-02 -4.781338e-02 -9.980152e-01
    outer loop
      vertex 5.791941e-02 -4.927950e-02 -1.426262e-01
      vertex 4.653060e-02 -3.951758e-02 -1.426262e-01
      vertex 6.210603e-02 -4.345012e-02 -1.430774e-01
    endloop
  endfacet
  facet normal -4.499016e-02 -6.380605e-02 -9.969477e-01
    outer loop
      vertex 4.653060e-02 -3.951758e-02 -1.426262e-01
      vertex 4.984704e-02 -3.480621e-02 -1.430774e-01
      vertex 6.210603e-02 -4.345012e-02 -1.430774e-01
    endloop
  endfacet
  facet normal 3.640258e-02 5.162695e-02 9.980028e-01
    outer loop
      vertex 6.194527e-02 -4.367811e-02 -1.470677e-01
      vertex 6.557218e-02 -3.751470e-02 -1.475188e-01
      vertex 4.968629e-02 -3.503420e-02 -1.470677e-01
    endloop
  endfacet
  facet normal 3.893772e-02 6.805949e-02 9.969211e-01
    outer loop
      vertex 4.968629e-02 -3.503420e-02 -1.470677e-01
      vertex 6.557218e-02 -3.751470e-02 -1.475188e-01
      vertex 5.255238e-02 -3.006590e-02 -1.475188e-01
    endloop
  endfacet
  facet normal 8.659378e-01 -5.001119e-01 -6.311705e-03
    outer loop
      vertex 4.968629e-02 -3.503420e-02 -1.470677e-01
      vertex 5.255238e-02 -3.006590e-02 -1.475188e-01
      vertex 4.984704e-02 -3.480621e-02 -1.430774e-01
    endloop
  endfacet
  facet normal 8.684840e-01 -4.957172e-01 -7.027419e-05
    outer loop
      vertex 4.984704e-02 -3.480621e-02 -1.430774e-01
      vertex 5.255238e-02 -3.006590e-02 -1.475188e-01
      vertex 5.269141e-02 -2.982287e-02 -1.435286e-01
    endloop
  endfacet
  facet normal -8.616530e-01 5.074657e-01 5.718917e-03
    outer loop
      vertex 6.194527e-02 -4.367811e-02 -1.470677e-01
      vertex 6.210603e-02 -4.345012e-02 -1.430774e-01
      vertex 6.557218e-02 -3.751470e-02 -1.475188e-01
    endloop
  endfacet
  facet normal -8.637309e-01 5.039530e-01 -5.969572e-04
    outer loop
      vertex 6.557218e-02 -3.751470e-02 -1.475188e-01
      vertex 6.210603e-02 -4.345012e-02 -1.430774e-01
      vertex 6.571122e-02 -3.727168e-02 -1.435286e-01
    endloop
  endfacet
  facet normal -3.640949e-02 -5.163675e-02 -9.980020e-01
    outer loop
      vertex 6.210603e-02 -4.345012e-02 -1.430774e-01
      vertex 4.984704e-02 -3.480621e-02 -1.430774e-01
      vertex 6.571122e-02 -3.727168e-02 -1.435286e-01
    endloop
  endfacet
  facet normal -3.892857e-02 -6.804350e-02 -9.969226e-01
    outer loop
      vertex 4.984704e-02 -3.480621e-02 -1.430774e-01
      vertex 5.269141e-02 -2.982287e-02 -1.435286e-01
      vertex 6.571122e-02 -3.727168e-02 -1.435286e-01
    endloop
  endfacet
  facet normal 3.147354e-02 5.501281e-02 9.979895e-01
    outer loop
      vertex 6.557218e-02 -3.751470e-02 -1.475188e-01
      vertex 6.859067e-02 -3.105769e-02 -1.479699e-01
      vertex 5.255238e-02 -3.006590e-02 -1.475188e-01
    endloop
  endfacet
  facet normal 3.247613e-02 7.172330e-02 9.968957e-01
    outer loop
      vertex 5.255238e-02 -3.006590e-02 -1.475188e-01
      vertex 6.859067e-02 -3.105769e-02 -1.479699e-01
      vertex 5.492619e-02 -2.487044e-02 -1.479699e-01
    endloop
  endfacet
  facet normal 9.093308e-01 -4.160255e-01 -6.347251e-03
    outer loop
      vertex 5.255238e-02 -3.006590e-02 -1.475188e-01
      vertex 5.492619e-02 -2.487044e-02 -1.479699e-01
      vertex 5.269141e-02 -2.982287e-02 -1.435286e-01
    endloop
  endfacet
  facet normal 9.114666e-01 -4.113740e-01 -8.570634e-05
    outer loop
      vertex 5.269141e-02 -2.982287e-02 -1.435286e-01
      vertex 5.492619e-02 -2.487044e-02 -1.479699e-01
      vertex 5.504210e-02 -2.461445e-02 -1.439798e-01
    endloop
  endfacet
  facet normal -9.057337e-01 4.238083e-01 5.747898e-03
    outer loop
      vertex 6.557218e-02 -3.751470e-02 -1.475188e-01
      vertex 6.571122e-02 -3.727168e-02 -1.435286e-01
      vertex 6.859067e-02 -3.105769e-02 -1.479699e-01
    endloop
  endfacet
  facet normal -9.074826e-01 4.200894e-01 -5.891902e-04
    outer loop
      vertex 6.859067e-02 -3.105769e-02 -1.479699e-01
      vertex 6.571122e-02 -3.727168e-02 -1.435286e-01
      vertex 6.870658e-02 -3.080169e-02 -1.439798e-01
    endloop
  endfacet
  facet normal -3.147956e-02 -5.502333e-02 -9.979887e-01
    outer loop
      vertex 6.571122e-02 -3.727168e-02 -1.435286e-01
      vertex 5.269141e-02 -2.982287e-02 -1.435286e-01
      vertex 6.870658e-02 -3.080169e-02 -1.439798e-01
    endloop
  endfacet
  facet normal -3.246844e-02 -7.170631e-02 -9.968972e-01
    outer loop
      vertex 5.269141e-02 -2.982287e-02 -1.435286e-01
      vertex 5.504210e-02 -2.461445e-02 -1.439798e-01
      vertex 6.870658e-02 -3.080169e-02 -1.439798e-01
    endloop
  endfacet
  facet normal 2.623002e-02 5.792881e-02 9.979761e-01
    outer loop
      vertex 6.859067e-02 -3.105769e-02 -1.479699e-01
      vertex 7.097778e-02 -2.436670e-02 -1.484211e-01
      vertex 5.492619e-02 -2.487044e-02 -1.479699e-01
    endloop
  endfacet
  facet normal 2.567026e-02 7.477491e-02 9.968700e-01
    outer loop
      vertex 5.492619e-02 -2.487044e-02 -1.479699e-01
      vertex 7.097778e-02 -2.436670e-02 -1.484211e-01
      vertex 5.679052e-02 -1.949621e-02 -1.484211e-01
    endloop
  endfacet
  facet normal 9.445822e-01 -3.282128e-01 -6.383161e-03
    outer loop
      vertex 5.492619e-02 -2.487044e-02 -1.479699e-01
      vertex 5.679052e-02 -1.949621e-02 -1.484211e-01
      vertex 5.504210e-02 -2.461445e-02 -1.439798e-01
    endloop
  endfacet
  facet normal 9.462820e-01 -3.233426e-01 -1.013869e-04
    outer loop
      vertex 5.504210e-02 -2.461445e-02 -1.439798e-01
      vertex 5.679052e-02 -1.949621e-02 -1.484211e-01
      vertex 5.688210e-02 -1.922944e-02 -1.444310e-01
    endloop
  endfacet
  facet normal -9.417156e-01 3.363605e-01 5.777145e-03
    outer loop
      vertex 6.859067e-02 -3.105769e-02 -1.479699e-01
      vertex 6.870658e-02 -3.080169e-02 -1.439798e-01
      vertex 7.097778e-02 -2.436670e-02 -1.484211e-01
    endloop
  endfacet
  facet normal -9.431150e-01 3.324661e-01 -5.812925e-04
    outer loop
      vertex 7.097778e-02 -2.436670e-02 -1.484211e-01
      vertex 6.870658e-02 -3.080169e-02 -1.439798e-01
      vertex 7.106936e-02 -2.409993e-02 -1.444310e-01
    endloop
  endfacet
  facet normal -2.623508e-02 -5.793997e-02 -9.979753e-01
    outer loop
      vertex 6.870658e-02 -3.080169e-02 -1.439798e-01
      vertex 5.504210e-02 -2.461445e-02 -1.439798e-01
      vertex 7.106936e-02 -2.409993e-02 -1.444310e-01
    endloop
  endfacet
  facet normal -2.566413e-02 -7.475705e-02 -9.968715e-01
    outer loop
      vertex 5.504210e-02 -2.461445e-02 -1.439798e-01
      vertex 5.688210e-02 -1.922944e-02 -1.444310e-01
      vertex 7.106936e-02 -2.409993e-02 -1.444310e-01
    endloop
  endfacet
  facet normal 2.071673e-02 6.034578e-02 9.979625e-01
    outer loop
      vertex 7.097778e-02 -2.436670e-02 -1.484211e-01
      vertex 7.271637e-02 -1.750308e-02 -1.488722e-01
      vertex 5.679052e-02 -1.949621e-02 -1.484211e-01
    endloop
  endfacet
  facet normal 1.857798e-02 7.718203e-02 9.968439e-01
    outer loop
      vertex 5.679052e-02 -1.949621e-02 -1.484211e-01
      vertex 7.271637e-02 -1.750308e-02 -1.488722e-01
      vertex 5.813289e-02 -1.399278e-02 -1.488722e-01
    endloop
  endfacet
  facet normal 9.713761e-01 -2.374599e-01 -6.419438e-03
    outer loop
      vertex 5.679052e-02 -1.949621e-02 -1.484211e-01
      vertex 5.813289e-02 -1.399278e-02 -1.488722e-01
      vertex 5.688210e-02 -1.922944e-02 -1.444310e-01
    endloop
  endfacet
  facet normal 9.726175e-01 -2.324116e-01 -1.173203e-04
    outer loop
      vertex 5.688210e-02 -1.922944e-02 -1.444310e-01
      vertex 5.813289e-02 -1.399278e-02 -1.488722e-01
      vertex 5.819914e-02 -1.371755e-02 -1.448822e-01
    endloop
  endfacet
  facet normal -9.692767e-01 2.459043e-01 5.806662e-03
    outer loop
      vertex 7.097778e-02 -2.436670e-02 -1.484211e-01
      vertex 7.106936e-02 -2.409993e-02 -1.444310e-01
      vertex 7.271637e-02 -1.750308e-02 -1.488722e-01
    endloop
  endfacet
  facet normal -9.703092e-01 2.418670e-01 -5.732618e-04
    outer loop
      vertex 7.271637e-02 -1.750308e-02 -1.488722e-01
      vertex 7.106936e-02 -2.409993e-02 -1.444310e-01
      vertex 7.278262e-02 -1.722784e-02 -1.448822e-01
    endloop
  endfacet
  facet normal -2.072075e-02 -6.035749e-02 -9.979617e-01
    outer loop
      vertex 7.106936e-02 -2.409993e-02 -1.444310e-01
      vertex 5.688210e-02 -1.922944e-02 -1.444310e-01
      vertex 7.278262e-02 -1.722784e-02 -1.448822e-01
    endloop
  endfacet
  facet normal -1.857350e-02 -7.716343e-02 -9.968454e-01
    outer loop
      vertex 5.688210e-02 -1.922944e-02 -1.444310e-01
      vertex 5.819914e-02 -1.371755e-02 -1.448822e-01
      vertex 7.278262e-02 -1.722784e-02 -1.448822e-01
    endloop
  endfacet
  facet normal 1.498110e-02 6.223882e-02 9.979488e-01
    outer loop
      vertex 7.271637e-02 -1.750308e-02 -1.488722e-01
      vertex 7.379522e-02 -1.052929e-02 -1.493233e-01
      vertex 5.813289e-02 -1.399278e-02 -1.488722e-01
    endloop
  endfacet
  facet normal 1.126020e-02 7.891781e-02 9.968175e-01
    outer loop
      vertex 5.813289e-02 -1.399278e-02 -1.488722e-01
      vertex 7.379522e-02 -1.052929e-02 -1.493233e-01
      vertex 5.894561e-02 -8.410512e-03 -1.493233e-01
    endloop
  endfacet
  facet normal 9.894722e-01 -1.445793e-01 -6.456090e-03
    outer loop
      vertex 5.813289e-02 -1.399278e-02 -1.488722e-01
      vertex 5.894561e-02 -8.410512e-03 -1.493233e-01
      vertex 5.819914e-02 -1.371755e-02 -1.448822e-01
    endloop
  endfacet
  facet normal 9.902367e-01 -1.393959e-01 -1.335114e-04
    outer loop
      vertex 5.819914e-02 -1.371755e-02 -1.448822e-01
      vertex 5.894561e-02 -8.410512e-03 -1.493233e-01
      vertex 5.898575e-02 -8.129209e-03 -1.453334e-01
    endloop
  endfacet
  facet normal -9.881705e-01 1.532485e-01 5.836452e-03
    outer loop
      vertex 7.271637e-02 -1.750308e-02 -1.488722e-01
      vertex 7.278262e-02 -1.722784e-02 -1.448822e-01
      vertex 7.379522e-02 -1.052929e-02 -1.493233e-01
    endloop
  endfacet
  facet normal -9.888216e-01 1.491027e-01 -5.650957e-04
    outer loop
      vertex 7.379522e-02 -1.052929e-02 -1.493233e-01
      vertex 7.278262e-02 -1.722784e-02 -1.448822e-01
      vertex 7.383536e-02 -1.024799e-02 -1.453334e-01
    endloop
  endfacet
  facet normal -1.498403e-02 -6.225099e-02 -9.979480e-01
    outer loop
      vertex 7.278262e-02 -1.722784e-02 -1.448822e-01
      vertex 5.819914e-02 -1.371755e-02 -1.448822e-01
      vertex 7.383536e-02 -1.024799e-02 -1.453334e-01
    endloop
  endfacet
  facet normal -1.125746e-02 -7.889864e-02 -9.968191e-01
    outer loop
      vertex 5.819914e-02 -1.371755e-02 -1.448822e-01
      vertex 5.898575e-02 -8.129209e-03 -1.453334e-01
      vertex 7.383536e-02 -1.024799e-02 -1.453334e-01
    endloop
  endfacet
  facet normal 9.072828e-03 6.358750e-02 9.979350e-01
    outer loop
      vertex 7.379522e-02 -1.052929e-02 -1.493233e-01
      vertex 7.420909e-02 -3.508396e-03 -1.497744e-01
      vertex 5.894561e-02 -8.410512e-03 -1.493233e-01
    endloop
  endfacet
  facet normal 3.780338e-03 7.996117e-02 9.967908e-01
    outer loop
      vertex 5.894561e-02 -8.410512e-03 -1.493233e-01
      vertex 7.420909e-02 -3.508396e-03 -1.497744e-01
      vertex 5.922583e-02 -2.800030e-03 -1.497744e-01
    endloop
  endfacet
  facet normal 9.987079e-01 -5.040252e-02 -6.493121e-03
    outer loop
      vertex 5.894561e-02 -8.410512e-03 -1.493233e-01
      vertex 5.922583e-02 -2.800030e-03 -1.497744e-01
      vertex 5.898575e-02 -8.129209e-03 -1.453334e-01
    endloop
  endfacet
  facet normal 9.989812e-01 -4.512882e-02 -1.499646e-04
    outer loop
      vertex 5.898575e-02 -8.129209e-03 -1.453334e-01
      vertex 5.922583e-02 -2.800030e-03 -1.497744e-01
      vertex 5.923930e-02 -2.515134e-03 -1.457846e-01
    endloop
  endfacet
  facet normal -9.982276e-01 5.922147e-02 5.866518e-03
    outer loop
      vertex 7.379522e-02 -1.052929e-02 -1.493233e-01
      vertex 7.383536e-02 -1.024799e-02 -1.453334e-01
      vertex 7.420909e-02 -3.508396e-03 -1.497744e-01
    endloop
  endfacet
  facet normal -9.984860e-01 5.500319e-02 -5.567921e-04
    outer loop
      vertex 7.420909e-02 -3.508396e-03 -1.497744e-01
      vertex 7.383536e-02 -1.024799e-02 -1.453334e-01
      vertex 7.422256e-02 -3.223501e-03 -1.457846e-01
    endloop
  endfacet
  facet normal -9.074617e-03 -6.360003e-02 -9.979342e-01
    outer loop
      vertex 7.383536e-02 -1.024799e-02 -1.453334e-01
      vertex 5.898575e-02 -8.129209e-03 -1.453334e-01
      vertex 7.422256e-02 -3.223501e-03 -1.457846e-01
    endloop
  endfacet
  facet normal -3.779412e-03 -7.994158e-02 -9.967924e-01
    outer loop
      vertex 5.898575e-02 -8.129209e-03 -1.453334e-01
      vertex 5.923930e-02 -2.515134e-03 -1.457846e-01
      vertex 7.422256e-02 -3.223501e-03 -1.457846e-01
    endloop
  endfacet
  facet normal 3.043521e-03 6.437612e-02 9.979211e-01
    outer loop
      vertex 7.420909e-02 -3.508396e-03 -1.497744e-01
      vertex 7.395875e-02 3.496560e-03 -1.502256e-01
      vertex 5.922583e-02 -2.800030e-03 -1.497744e-01
    endloop
  endfacet
  facet normal -3.796214e-03 8.029698e-02 9.967638e-01
    outer loop
      vertex 5.922583e-02 -2.800030e-03 -1.497744e-01
      vertex 7.395875e-02 3.496560e-03 -1.502256e-01
      vertex 5.897548e-02 2.788194e-03 -1.502256e-01
    endloop
  endfacet
  facet normal 9.990002e-01 4.422703e-02 -6.530537e-03
    outer loop
      vertex 5.922583e-02 -2.800030e-03 -1.497744e-01
      vertex 5.897548e-02 2.788194e-03 -1.502256e-01
      vertex 5.923930e-02 -2.515134e-03 -1.457846e-01
    endloop
  endfacet
  facet normal 9.987719e-01 4.954469e-02 -1.666850e-04
    outer loop
      vertex 5.923930e-02 -2.515134e-03 -1.457846e-01
      vertex 5.897548e-02 2.788194e-03 -1.502256e-01
      vertex 5.896196e-02 3.074157e-03 -1.462358e-01
    endloop
  endfacet
  facet normal -9.993581e-01 -3.533584e-02 5.896864e-03
    outer loop
      vertex 7.420909e-02 -3.508396e-03 -1.497744e-01
      vertex 7.422256e-02 -3.223501e-03 -1.457846e-01
      vertex 7.395875e-02 3.496560e-03 -1.502256e-01
    endloop
  endfacet
  facet normal -9.992159e-01 -3.958957e-02 -5.483483e-04
    outer loop
      vertex 7.395875e-02 3.496560e-03 -1.502256e-01
      vertex 7.422256e-02 -3.223501e-03 -1.457846e-01
      vertex 7.394523e-02 3.782523e-03 -1.462358e-01
    endloop
  endfacet
  facet normal -3.044125e-03 -6.438891e-02 -9.979202e-01
    outer loop
      vertex 7.422256e-02 -3.223501e-03 -1.457846e-01
      vertex 5.923930e-02 -2.515134e-03 -1.457846e-01
      vertex 7.394523e-02 3.782523e-03 -1.462358e-01
    endloop
  endfacet
  facet normal 3.795276e-03 -8.027714e-02 -9.967654e-01
    outer loop
      vertex 5.923930e-02 -2.515134e-03 -1.457846e-01
      vertex 5.896196e-02 3.074157e-03 -1.462358e-01
      vertex 7.394523e-02 3.782523e-03 -1.462358e-01
    endloop
  endfacet
  facet normal -3.053815e-03 6.459386e-02 9.979070e-01
    outer loop
      vertex 7.395875e-02 3.496560e-03 -1.502256e-01
      vertex 7.305088e-02 1.042309e-02 -1.506767e-01
      vertex 5.897548e-02 2.788194e-03 -1.502256e-01
    endloop
  endfacet
  facet normal -1.140266e-02 7.991630e-02 9.967364e-01
    outer loop
      vertex 5.897548e-02 2.788194e-03 -1.502256e-01
      vertex 7.305088e-02 1.042309e-02 -1.506767e-01
      vertex 5.820127e-02 8.304308e-03 -1.506767e-01
    endloop
  endfacet
  facet normal 9.903460e-01 1.384620e-01 -6.568343e-03
    outer loop
      vertex 5.897548e-02 2.788194e-03 -1.502256e-01
      vertex 5.820127e-02 8.304308e-03 -1.506767e-01
      vertex 5.896196e-02 3.074157e-03 -1.462358e-01
    endloop
  endfacet
  facet normal 9.896102e-01 1.437761e-01 -1.836774e-04
    outer loop
      vertex 5.896196e-02 3.074157e-03 -1.462358e-01
      vertex 5.820127e-02 8.304308e-03 -1.506767e-01
      vertex 5.816068e-02 8.588786e-03 -1.466870e-01
    endloop
  endfacet
  facet normal -9.915515e-01 -1.295779e-01 5.927495e-03
    outer loop
      vertex 7.395875e-02 3.496560e-03 -1.502256e-01
      vertex 7.394523e-02 3.782523e-03 -1.462358e-01
      vertex 7.305088e-02 1.042309e-02 -1.506767e-01
    endloop
  endfacet
  facet normal -9.910043e-01 -1.338292e-01 -5.397621e-04
    outer loop
      vertex 7.305088e-02 1.042309e-02 -1.506767e-01
      vertex 7.394523e-02 3.782523e-03 -1.462358e-01
      vertex 7.301029e-02 1.070757e-02 -1.466870e-01
    endloop
  endfacet
  facet normal 3.054426e-03 -6.460679e-02 -9.979061e-01
    outer loop
      vertex 7.394523e-02 3.782523e-03 -1.462358e-01
      vertex 5.896196e-02 3.074157e-03 -1.462358e-01
      vertex 7.301029e-02 1.070757e-02 -1.466870e-01
    endloop
  endfacet
  facet normal 1.139982e-02 -7.989639e-02 -9.967380e-01
    outer loop
      vertex 5.896196e-02 3.074157e-03 -1.462358e-01
      vertex 5.816068e-02 8.588786e-03 -1.466870e-01
      vertex 7.301029e-02 1.070757e-02 -1.466870e-01
    endloop
  endfacet
  facet normal -9.165201e-03 6.423490e-02 9.978927e-01
    outer loop
      vertex 7.305088e-02 1.042309e-02 -1.506767e-01
      vertex 7.149803e-02 1.720982e-02 -1.511278e-01
      vertex 5.820127e-02 8.304308e-03 -1.506767e-01
    endloop
  endfacet
  facet normal -1.897139e-02 7.881647e-02 9.967086e-01
    outer loop
      vertex 5.820127e-02 8.304308e-03 -1.506767e-01
      vertex 7.149803e-02 1.720982e-02 -1.511278e-01
      vertex 5.691455e-02 1.369953e-02 -1.511278e-01
    endloop
  endfacet
  facet normal 9.728224e-01 2.314584e-01 -6.606546e-03
    outer loop
      vertex 5.820127e-02 8.304308e-03 -1.506767e-01
      vertex 5.691455e-02 1.369953e-02 -1.511278e-01
      vertex 5.816068e-02 8.588786e-03 -1.466870e-01
    endloop
  endfacet
  facet normal 9.715777e-01 2.367208e-01 -2.009469e-04
    outer loop
      vertex 5.816068e-02 8.588786e-03 -1.466870e-01
      vertex 5.691455e-02 1.369953e-02 -1.511278e-01
      vertex 5.684705e-02 1.397996e-02 -1.471382e-01
    endloop
  endfacet
  facet normal -9.748775e-01 -2.226619e-01 5.958412e-03
    outer loop
      vertex 7.305088e-02 1.042309e-02 -1.506767e-01
      vertex 7.301029e-02 1.070757e-02 -1.466870e-01
      vertex 7.149803e-02 1.720982e-02 -1.511278e-01
    endloop
  endfacet
  facet normal -9.739244e-01 -2.268722e-01 -5.310309e-04
    outer loop
      vertex 7.149803e-02 1.720982e-02 -1.511278e-01
      vertex 7.301029e-02 1.070757e-02 -1.466870e-01
      vertex 7.143053e-02 1.749025e-02 -1.471382e-01
    endloop
  endfacet
  facet normal 9.167050e-03 -6.424786e-02 -9.978919e-01
    outer loop
      vertex 7.301029e-02 1.070757e-02 -1.466870e-01
      vertex 5.816068e-02 8.588786e-03 -1.466870e-01
      vertex 7.143053e-02 1.749025e-02 -1.471382e-01
    endloop
  endfacet
  facet normal 1.896662e-02 -7.879666e-02 -9.967103e-01
    outer loop
      vertex 5.816068e-02 8.588786e-03 -1.466870e-01
      vertex 5.684705e-02 1.397996e-02 -1.471382e-01
      vertex 7.143053e-02 1.749025e-02 -1.471382e-01
    endloop
  endfacet
  facet normal -1.523617e-02 6.329853e-02 9.978783e-01
    outer loop
      vertex 7.149803e-02 1.720982e-02 -1.511278e-01
      vertex 6.931845e-02 2.379705e-02 -1.515789e-01
      vertex 5.691455e-02 1.369953e-02 -1.511278e-01
    endloop
  endfacet
  facet normal -2.643454e-02 7.700120e-02 9.966805e-01
    outer loop
      vertex 5.691455e-02 1.369953e-02 -1.511278e-01
      vertex 6.931845e-02 2.379705e-02 -1.515789e-01
      vertex 5.513119e-02 1.892656e-02 -1.515789e-01
    endloop
  endfacet
  facet normal 9.465859e-01 3.223833e-01 -6.645151e-03
    outer loop
      vertex 5.691455e-02 1.369953e-02 -1.511278e-01
      vertex 5.513119e-02 1.892656e-02 -1.515789e-01
      vertex 5.684705e-02 1.397996e-02 -1.471382e-01
    endloop
  endfacet
  facet normal 9.448354e-01 3.275455e-01 -2.184986e-04
    outer loop
      vertex 5.684705e-02 1.397996e-02 -1.471382e-01
      vertex 5.513119e-02 1.892656e-02 -1.515789e-01
      vertex 5.503718e-02 1.920041e-02 -1.475894e-01
    endloop
  endfacet
  facet normal -9.494850e-01 -3.137553e-01 5.989622e-03
    outer loop
      vertex 7.149803e-02 1.720982e-02 -1.511278e-01
      vertex 7.143053e-02 1.749025e-02 -1.471382e-01
      vertex 6.931845e-02 2.379705e-02 -1.515789e-01
    endloop
  endfacet
  facet normal -9.481287e-01 -3.178862e-01 -5.221521e-04
    outer loop
      vertex 6.931845e-02 2.379705e-02 -1.515789e-01
      vertex 7.143053e-02 1.749025e-02 -1.471382e-01
      vertex 6.922444e-02 2.407090e-02 -1.475894e-01
    endloop
  endfacet
  facet normal 1.523927e-02 -6.331140e-02 -9.978775e-01
    outer loop
      vertex 7.143053e-02 1.749025e-02 -1.471382e-01
      vertex 5.684705e-02 1.397996e-02 -1.471382e-01
      vertex 6.922444e-02 2.407090e-02 -1.475894e-01
    endloop
  endfacet
  facet normal 2.642784e-02 -7.698167e-02 -9.966822e-01
    outer loop
      vertex 5.684705e-02 1.397996e-02 -1.471382e-01
      vertex 5.503718e-02 1.920041e-02 -1.475894e-01
      vertex 6.922444e-02 2.407090e-02 -1.475894e-01
    endloop
  endfacet
  facet normal -2.121225e-02 6.178917e-02 9.978638e-01
    outer loop
      vertex 6.931845e-02 2.379705e-02 -1.515789e-01
      vertex 6.653586e-02 3.012728e-02 -1.520301e-01
      vertex 5.513119e-02 1.892656e-02 -1.515789e-01
    endloop
  endfacet
  facet normal -3.372462e-02 7.448058e-02 9.966520e-01
    outer loop
      vertex 5.513119e-02 1.892656e-02 -1.515789e-01
      vertex 6.653586e-02 3.012728e-02 -1.520301e-01
      vertex 5.287138e-02 2.394003e-02 -1.520301e-01
    endloop
  endfacet
  facet normal 9.118710e-01 4.104224e-01 -6.684165e-03
    outer loop
      vertex 5.513119e-02 1.892656e-02 -1.515789e-01
      vertex 5.287138e-02 2.394003e-02 -1.520301e-01
      vertex 5.503718e-02 1.920041e-02 -1.475894e-01
    endloop
  endfacet
  facet normal 9.096224e-01 4.154360e-01 -2.363378e-04
    outer loop
      vertex 5.503718e-02 1.920041e-02 -1.475894e-01
      vertex 5.287138e-02 2.394003e-02 -1.520301e-01
      vertex 5.275149e-02 2.420479e-02 -1.480406e-01
    endloop
  endfacet
  facet normal -9.156008e-01 -4.020435e-01 6.021126e-03
    outer loop
      vertex 6.931845e-02 2.379705e-02 -1.515789e-01
      vertex 6.922444e-02 2.407090e-02 -1.475894e-01
      vertex 6.653586e-02 3.012728e-02 -1.520301e-01
    endloop
  endfacet
  facet normal -9.138479e-01 -4.060564e-01 -5.131231e-04
    outer loop
      vertex 6.653586e-02 3.012728e-02 -1.520301e-01
      vertex 6.922444e-02 2.407090e-02 -1.475894e-01
      vertex 6.641598e-02 3.039204e-02 -1.480406e-01
    endloop
  endfacet
  facet normal 2.121659e-02 -6.180183e-02 -9.978629e-01
    outer loop
      vertex 6.922444e-02 2.407090e-02 -1.475894e-01
      vertex 5.503718e-02 1.920041e-02 -1.475894e-01
      vertex 6.641598e-02 3.039204e-02 -1.480406e-01
    endloop
  endfacet
  facet normal 3.371600e-02 -7.446153e-02 -9.966538e-01
    outer loop
      vertex 5.503718e-02 1.920041e-02 -1.475894e-01
      vertex 5.275149e-02 2.420479e-02 -1.480406e-01
      vertex 6.641598e-02 3.039204e-02 -1.480406e-01
    endloop
  endfacet
  facet normal -2.703943e-02 5.971637e-02 9.978491e-01
    outer loop
      vertex 6.653586e-02 3.012728e-02 -1.520301e-01
      vertex 6.317924e-02 3.614566e-02 -1.524812e-01
      vertex 5.287138e-02 2.394003e-02 -1.520301e-01
    endloop
  endfacet
  facet normal -4.077511e-02 7.127106e-02 9.966232e-01
    outer loop
      vertex 5.287138e-02 2.394003e-02 -1.520301e-01
      vertex 6.317924e-02 3.614566e-02 -1.524812e-01
      vertex 5.015943e-02 2.869686e-02 -1.524812e-01
    endloop
  endfacet
  facet normal 8.689883e-01 4.947869e-01 -6.723592e-03
    outer loop
      vertex 5.287138e-02 2.394003e-02 -1.520301e-01
      vertex 5.015943e-02 2.869686e-02 -1.524812e-01
      vertex 5.275149e-02 2.420479e-02 -1.480406e-01
    endloop
  endfacet
  facet normal 8.662539e-01 4.996040e-01 -2.544698e-04
    outer loop
      vertex 5.275149e-02 2.420479e-02 -1.480406e-01
      vertex 5.015943e-02 2.869686e-02 -1.524812e-01
      vertex 5.001455e-02 2.895010e-02 -1.484919e-01
    endloop
  endfacet
  facet normal -8.735277e-01 -4.867368e-01 6.052930e-03
    outer loop
      vertex 6.653586e-02 3.012728e-02 -1.520301e-01
      vertex 6.641598e-02 3.039204e-02 -1.480406e-01
      vertex 6.317924e-02 3.614566e-02 -1.524812e-01
    endloop
  endfacet
  facet normal -8.713883e-01 -4.905937e-01 -5.039413e-04
    outer loop
      vertex 6.317924e-02 3.614566e-02 -1.524812e-01
      vertex 6.641598e-02 3.039204e-02 -1.480406e-01
      vertex 6.303436e-02 3.639890e-02 -1.484919e-01
    endloop
  endfacet
  facet normal 2.704501e-02 -5.972870e-02 -9.978482e-01
    outer loop
      vertex 6.641598e-02 3.039204e-02 -1.480406e-01
      vertex 5.275149e-02 2.420479e-02 -1.480406e-01
      vertex 6.303436e-02 3.639890e-02 -1.484919e-01
    endloop
  endfacet
  facet normal 4.076459e-02 -7.125268e-02 -9.966250e-01
    outer loop
      vertex 5.275149e-02 2.420479e-02 -1.480406e-01
      vertex 5.001455e-02 2.895010e-02 -1.484919e-01
      vertex 6.303436e-02 3.639890e-02 -1.484919e-01
    endloop
  endfacet
  facet normal -3.266466e-02 5.709477e-02 9.978343e-01
    outer loop
      vertex 6.317924e-02 3.614566e-02 -1.524812e-01
      vertex 5.928250e-02 4.180057e-02 -1.529323e-01
      vertex 5.015943e-02 2.869686e-02 -1.524812e-01
    endloop
  endfacet
  facet normal -4.752102e-02 6.739537e-02 9.965940e-01
    outer loop
      vertex 5.015943e-02 2.869686e-02 -1.524812e-01
      vertex 5.928250e-02 4.180057e-02 -1.529323e-01
      vertex 4.702351e-02 3.315666e-02 -1.529323e-01
    endloop
  endfacet
  facet normal 8.183215e-01 5.747210e-01 -6.763441e-03
    outer loop
      vertex 5.015943e-02 2.869686e-02 -1.524812e-01
      vertex 4.702351e-02 3.315666e-02 -1.529323e-01
      vertex 5.001455e-02 2.895010e-02 -1.484919e-01
    endloop
  endfacet
  facet normal 8.151181e-01 5.792947e-01 -2.729002e-04
    outer loop
      vertex 5.001455e-02 2.895010e-02 -1.484919e-01
      vertex 4.702351e-02 3.315666e-02 -1.529323e-01
      vertex 4.685475e-02 3.339601e-02 -1.489431e-01
    endloop
  endfacet
  facet normal -8.236419e-01 -5.670776e-01 6.085037e-03
    outer loop
      vertex 6.317924e-02 3.614566e-02 -1.524812e-01
      vertex 6.303436e-02 3.639890e-02 -1.484919e-01
      vertex 5.928250e-02 4.180057e-02 -1.529323e-01
    endloop
  endfacet
  facet normal -8.211297e-01 -5.707415e-01 -4.946039e-04
    outer loop
      vertex 5.928250e-02 4.180057e-02 -1.529323e-01
      vertex 6.303436e-02 3.639890e-02 -1.484919e-01
      vertex 5.911374e-02 4.203992e-02 -1.489431e-01
    endloop
  endfacet
  facet normal 3.267146e-02 -5.710665e-02 -9.978334e-01
    outer loop
      vertex 6.303436e-02 3.639890e-02 -1.484919e-01
      vertex 5.001455e-02 2.895010e-02 -1.484919e-01
      vertex 5.911374e-02 4.203992e-02 -1.489431e-01
    endloop
  endfacet
  facet normal 4.750865e-02 -6.737783e-02 -9.965958e-01
    outer loop
      vertex 5.001455e-02 2.895010e-02 -1.484919e-01
      vertex 4.685475e-02 3.339601e-02 -1.489431e-01
      vertex 5.911374e-02 4.203992e-02 -1.489431e-01
    endloop
  endfacet
  facet normal -3.803633e-02 5.394398e-02 9.978193e-01
    outer loop
      vertex 5.928250e-02 4.180057e-02 -1.529323e-01
      vertex 5.488419e-02 4.704394e-02 -1.533835e-01
      vertex 4.702351e-02 3.315666e-02 -1.529323e-01
    endloop
  endfacet
  facet normal -5.389954e-02 6.288233e-02 9.965644e-01
    outer loop
      vertex 4.702351e-02 3.315666e-02 -1.529323e-01
      vertex 5.488419e-02 4.704394e-02 -1.533835e-01
      vertex 4.349537e-02 3.728202e-02 -1.533835e-01
    endloop
  endfacet
  facet normal 7.603238e-01 6.495086e-01 -6.803716e-03
    outer loop
      vertex 4.702351e-02 3.315666e-02 -1.529323e-01
      vertex 4.349537e-02 3.728202e-02 -1.533835e-01
      vertex 4.685475e-02 3.339601e-02 -1.489431e-01
    endloop
  endfacet
  facet normal 7.566729e-01 6.537935e-01 -2.916346e-04
    outer loop
      vertex 4.685475e-02 3.339601e-02 -1.489431e-01
      vertex 4.349537e-02 3.728202e-02 -1.533835e-01
      vertex 4.330404e-02 3.750524e-02 -1.493943e-01
    endloop
  endfacet
  facet normal -7.663893e-01 -6.423473e-01 6.117452e-03
    outer loop
      vertex 5.928250e-02 4.180057e-02 -1.529323e-01
      vertex 5.911374e-02 4.203992e-02 -1.489431e-01
      vertex 5.488419e-02 4.704394e-02 -1.533835e-01
    endloop
  endfacet
  facet normal -7.635215e-01 -6.457822e-01 -4.851083e-04
    outer loop
      vertex 5.488419e-02 4.704394e-02 -1.533835e-01
      vertex 5.911374e-02 4.203992e-02 -1.489431e-01
      vertex 5.469286e-02 4.726715e-02 -1.493943e-01
    endloop
  endfacet
  facet normal 3.804432e-02 -5.395530e-02 -9.978183e-01
    outer loop
      vertex 5.911374e-02 4.203992e-02 -1.489431e-01
      vertex 4.685475e-02 3.339601e-02 -1.489431e-01
      vertex 5.469286e-02 4.726715e-02 -1.493943e-01
    endloop
  endfacet
  facet normal 5.388539e-02 -6.286582e-02 -9.965662e-01
    outer loop
      vertex 4.685475e-02 3.339601e-02 -1.489431e-01
      vertex 4.330404e-02 3.750524e-02 -1.493943e-01
      vertex 5.469286e-02 4.726715e-02 -1.493943e-01
    endloop
  endfacet
  facet normal -4.310474e-02 5.028849e-02 9.978041e-01
    outer loop
      vertex 5.488419e-02 4.704394e-02 -1.533835e-01
      vertex 5.002705e-02 5.183174e-02 -1.538346e-01
      vertex 4.349537e-02 3.728202e-02 -1.533835e-01
    endloop
  endfacet
  facet normal -5.985058e-02 5.776669e-02 9.965345e-01
    outer loop
      vertex 4.349537e-02 3.728202e-02 -1.533835e-01
      vertex 5.002705e-02 5.183174e-02 -1.538346e-01
      vertex 3.961000e-02 4.103891e-02 -1.538346e-01
    endloop
  endfacet
  facet normal 6.955146e-01 7.184794e-01 -6.844425e-03
    outer loop
      vertex 4.349537e-02 3.728202e-02 -1.533835e-01
      vertex 3.961000e-02 4.103891e-02 -1.538346e-01
      vertex 4.330404e-02 3.750524e-02 -1.493943e-01
    endloop
  endfacet
  facet normal 6.914419e-01 7.224320e-01 -3.106788e-04
    outer loop
      vertex 4.330404e-02 3.750524e-02 -1.493943e-01
      vertex 3.961000e-02 4.103891e-02 -1.538346e-01
      vertex 3.939765e-02 4.124387e-02 -1.498455e-01
    endloop
  endfacet
  facet normal -7.022817e-01 -7.118726e-01 6.150178e-03
    outer loop
      vertex 5.488419e-02 4.704394e-02 -1.533835e-01
      vertex 5.469286e-02 4.726715e-02 -1.493943e-01
      vertex 5.002705e-02 5.183174e-02 -1.538346e-01
    endloop
  endfacet
  facet normal -6.990791e-01 -7.150442e-01 -4.754515e-04
    outer loop
      vertex 5.002705e-02 5.183174e-02 -1.538346e-01
      vertex 5.469286e-02 4.726715e-02 -1.493943e-01
      vertex 4.981469e-02 5.203670e-02 -1.498455e-01
    endloop
  endfacet
  facet normal 4.311386e-02 -5.029913e-02 -9.978032e-01
    outer loop
      vertex 5.469286e-02 4.726715e-02 -1.493943e-01
      vertex 4.330404e-02 3.750524e-02 -1.493943e-01
      vertex 4.981469e-02 5.203670e-02 -1.498455e-01
    endloop
  endfacet
  facet normal 5.983473e-02 -5.775138e-02 -9.965363e-01
    outer loop
      vertex 4.330404e-02 3.750524e-02 -1.493943e-01
      vertex 3.939765e-02 4.124387e-02 -1.498455e-01
      vertex 4.981469e-02 5.203670e-02 -1.498455e-01
    endloop
  endfacet
  facet normal -4.782252e-02 4.615742e-02 9.977888e-01
    outer loop
      vertex 5.002705e-02 5.183174e-02 -1.538346e-01
      vertex 4.475766e-02 5.612433e-02 -1.542857e-01
      vertex 3.961000e-02 4.103891e-02 -1.538346e-01
    endloop
  endfacet
  facet normal -6.531732e-02 5.208882e-02 9.965041e-01
    outer loop
      vertex 3.961000e-02 4.103891e-02 -1.538346e-01
      vertex 4.475766e-02 5.612433e-02 -1.542857e-01
      vertex 3.540531e-02 4.439686e-02 -1.542857e-01
    endloop
  endfacet
  facet normal 6.244739e-01 7.810153e-01 -6.885575e-03
    outer loop
      vertex 3.961000e-02 4.103891e-02 -1.538346e-01
      vertex 3.540531e-02 4.439686e-02 -1.542857e-01
      vertex 3.939765e-02 4.124387e-02 -1.498455e-01
    endloop
  endfacet
  facet normal 6.200094e-01 7.845943e-01 -3.300386e-04
    outer loop
      vertex 3.939765e-02 4.124387e-02 -1.498455e-01
      vertex 3.540531e-02 4.439686e-02 -1.542857e-01
      vertex 3.517368e-02 4.458158e-02 -1.502967e-01
    endloop
  endfacet
  facet normal -6.318924e-01 -7.750315e-01 6.183220e-03
    outer loop
      vertex 5.002705e-02 5.183174e-02 -1.538346e-01
      vertex 4.981469e-02 5.203670e-02 -1.498455e-01
      vertex 4.475766e-02 5.612433e-02 -1.542857e-01
    endloop
  endfacet
  facet normal -6.283790e-01 -7.779072e-01 -4.656307e-04
    outer loop
      vertex 4.475766e-02 5.612433e-02 -1.542857e-01
      vertex 4.981469e-02 5.203670e-02 -1.498455e-01
      vertex 4.452603e-02 5.630905e-02 -1.502967e-01
    endloop
  endfacet
  facet normal 4.783272e-02 -4.616727e-02 -9.977879e-01
    outer loop
      vertex 4.981469e-02 5.203670e-02 -1.498455e-01
      vertex 3.939765e-02 4.124387e-02 -1.498455e-01
      vertex 4.452603e-02 5.630905e-02 -1.502967e-01
    endloop
  endfacet
  facet normal 6.529986e-02 -5.207490e-02 -9.965060e-01
    outer loop
      vertex 3.939765e-02 4.124387e-02 -1.498455e-01
      vertex 3.517368e-02 4.458158e-02 -1.502967e-01
      vertex 4.452603e-02 5.630905e-02 -1.502967e-01
    endloop
  endfacet
  facet normal -5.214512e-02 4.158435e-02 9.977733e-01
    outer loop
      vertex 4.475766e-02 5.612433e-02 -1.542857e-01
      vertex 3.912598e-02 5.988678e-02 -1.547368e-01
      vertex 3.540531e-02 4.439686e-02 -1.542857e-01
    endloop
  endfacet
  facet normal -7.024674e-02 4.589449e-02 9.964733e-01
    outer loop
      vertex 3.540531e-02 4.439686e-02 -1.542857e-01
      vertex 3.912598e-02 5.988678e-02 -1.547368e-01
      vertex 3.092176e-02 4.732928e-02 -1.547368e-01
    endloop
  endfacet
  facet normal 5.478378e-01 8.365559e-01 -6.927171e-03
    outer loop
      vertex 3.540531e-02 4.439686e-02 -1.542857e-01
      vertex 3.092176e-02 4.732928e-02 -1.547368e-01
      vertex 3.517368e-02 4.458158e-02 -1.502967e-01
    endloop
  endfacet
  facet normal 5.430156e-01 8.397225e-01 -3.497200e-04
    outer loop
      vertex 3.517368e-02 4.458158e-02 -1.502967e-01
      vertex 3.092176e-02 4.732928e-02 -1.547368e-01
      vertex 3.067277e-02 4.749196e-02 -1.507479e-01
    endloop
  endfacet
  facet normal -5.558507e-01 -8.312589e-01 6.216582e-03
    outer loop
      vertex 4.475766e-02 5.612433e-02 -1.542857e-01
      vertex 4.452603e-02 5.630905e-02 -1.502967e-01
      vertex 3.912598e-02 5.988678e-02 -1.547368e-01
    endloop
  endfacet
  facet normal -5.520537e-01 -8.338084e-01 -4.556429e-04
    outer loop
      vertex 3.912598e-02 5.988678e-02 -1.547368e-01
      vertex 4.452603e-02 5.630905e-02 -1.502967e-01
      vertex 3.887699e-02 6.004945e-02 -1.507479e-01
    endloop
  endfacet
  facet normal 5.215633e-02 -4.159329e-02 -9.977724e-01
    outer loop
      vertex 4.452603e-02 5.630905e-02 -1.502967e-01
      vertex 3.517368e-02 4.458158e-02 -1.502967e-01
      vertex 3.887699e-02 6.004945e-02 -1.507479e-01
    endloop
  endfacet
  facet normal 7.022780e-02 -4.588211e-02 -9.964752e-01
    outer loop
      vertex 3.517368e-02 4.458158e-02 -1.502967e-01
      vertex 3.067277e-02 4.749196e-02 -1.507479e-01
      vertex 3.887699e-02 6.004945e-02 -1.507479e-01
    endloop
  endfacet
  facet normal -5.603118e-02 3.660700e-02 9.977577e-01
    outer loop
      vertex 3.912598e-02 5.988678e-02 -1.547368e-01
      vertex 3.318487e-02 6.308913e-02 -1.551880e-01
      vertex 3.092176e-02 4.732928e-02 -1.547368e-01
    endloop
  endfacet
  facet normal -7.459015e-02 3.923440e-02 9.964422e-01
    outer loop
      vertex 3.092176e-02 4.732928e-02 -1.547368e-01
      vertex 3.318487e-02 6.308913e-02 -1.551880e-01
      vertex 2.620196e-02 4.981363e-02 -1.551880e-01
    endloop
  endfacet
  facet normal 4.662926e-01 8.846031e-01 -6.969220e-03
    outer loop
      vertex 3.092176e-02 4.732928e-02 -1.547368e-01
      vertex 2.620196e-02 4.981363e-02 -1.551880e-01
      vertex 3.067277e-02 4.749196e-02 -1.507479e-01
    endloop
  endfacet
  facet normal 4.611503e-01 8.873219e-01 -3.697292e-04
    outer loop
      vertex 3.067277e-02 4.749196e-02 -1.507479e-01
      vertex 2.620196e-02 4.981363e-02 -1.551880e-01
      vertex 2.593770e-02 4.995263e-02 -1.511991e-01
    endloop
  endfacet
  facet normal -4.748367e-01 -8.800517e-01 6.250269e-03
    outer loop
      vertex 3.912598e-02 5.988678e-02 -1.547368e-01
      vertex 3.887699e-02 6.004945e-02 -1.507479e-01
      vertex 3.318487e-02 6.308913e-02 -1.551880e-01
    endloop
  endfacet
  facet normal -4.707862e-01 -8.822472e-01 -4.454852e-04
    outer loop
      vertex 3.318487e-02 6.308913e-02 -1.551880e-01
      vertex 3.887699e-02 6.004945e-02 -1.507479e-01
      vertex 3.292061e-02 6.322813e-02 -1.511991e-01
    endloop
  endfacet
  facet normal 5.604333e-02 -3.661493e-02 -9.977567e-01
    outer loop
      vertex 3.887699e-02 6.004945e-02 -1.507479e-01
      vertex 3.067277e-02 4.749196e-02 -1.507479e-01
      vertex 3.292061e-02 6.322813e-02 -1.511991e-01
    endloop
  endfacet
  facet normal 7.456985e-02 -3.922373e-02 -9.964441e-01
    outer loop
      vertex 3.067277e-02 4.749196e-02 -1.507479e-01
      vertex 2.593770e-02 4.995263e-02 -1.511991e-01
      vertex 3.292061e-02 6.322813e-02 -1.511991e-01
    endloop
  endfacet
  facet normal -5.944296e-02 3.126698e-02 9.977419e-01
    outer loop
      vertex 3.318487e-02 6.308913e-02 -1.551880e-01
      vertex 2.698958e-02 6.570668e-02 -1.556391e-01
      vertex 2.620196e-02 4.981363e-02 -1.551880e-01
    endloop
  endfacet
  facet normal -7.830362e-02 3.216388e-02 9.964106e-01
    outer loop
      vertex 2.620196e-02 4.981363e-02 -1.551880e-01
      vertex 2.698958e-02 6.570668e-02 -1.556391e-01
      vertex 2.129027e-02 5.183160e-02 -1.556391e-01
    endloop
  endfacet
  facet normal 3.805684e-01 9.247262e-01 -7.011731e-03
    outer loop
      vertex 2.620196e-02 4.981363e-02 -1.551880e-01
      vertex 2.129027e-02 5.183160e-02 -1.556391e-01
      vertex 2.593770e-02 4.995263e-02 -1.511991e-01
    endloop
  endfacet
  facet normal 3.751475e-01 9.269650e-01 -3.900724e-04
    outer loop
      vertex 2.593770e-02 4.995263e-02 -1.511991e-01
      vertex 2.129027e-02 5.183160e-02 -1.556391e-01
      vertex 2.101299e-02 5.194550e-02 -1.516503e-01
    endloop
  endfacet
  facet normal -3.895748e-01 -9.209734e-01 6.284285e-03
    outer loop
      vertex 3.318487e-02 6.308913e-02 -1.551880e-01
      vertex 3.292061e-02 6.322813e-02 -1.511991e-01
      vertex 2.698958e-02 6.570668e-02 -1.556391e-01
    endloop
  endfacet
  facet normal -3.853036e-01 -9.227898e-01 -4.351544e-04
    outer loop
      vertex 2.698958e-02 6.570668e-02 -1.556391e-01
      vertex 3.292061e-02 6.322813e-02 -1.511991e-01
      vertex 2.671230e-02 6.582058e-02 -1.516503e-01
    endloop
  endfacet
  facet normal 5.945594e-02 -3.127381e-02 -9.977409e-01
    outer loop
      vertex 3.292061e-02 6.322813e-02 -1.511991e-01
      vertex 2.593770e-02 4.995263e-02 -1.511991e-01
      vertex 2.671230e-02 6.582058e-02 -1.516503e-01
    endloop
  endfacet
  facet normal 7.828212e-02 -3.215505e-02 -9.964125e-01
    outer loop
      vertex 2.593770e-02 4.995263e-02 -1.511991e-01
      vertex 2.101299e-02 5.194550e-02 -1.516503e-01
      vertex 2.671230e-02 6.582058e-02 -1.516503e-01
    endloop
  endfacet
  facet normal -6.234664e-02 2.560942e-02 9.977259e-01
    outer loop
      vertex 2.698958e-02 6.570668e-02 -1.556391e-01
      vertex 2.059727e-02 6.772012e-02 -1.560902e-01
      vertex 2.129027e-02 5.183160e-02 -1.556391e-01
    endloop
  endfacet
  facet normal -8.134845e-02 2.474237e-02 9.963786e-01
    outer loop
      vertex 2.129027e-02 5.183160e-02 -1.556391e-01
      vertex 2.059727e-02 6.772012e-02 -1.560902e-01
      vertex 1.623241e-02 5.336923e-02 -1.560902e-01
    endloop
  endfacet
  facet normal 2.914331e-01 9.565652e-01 -7.054709e-03
    outer loop
      vertex 2.129027e-02 5.183160e-02 -1.556391e-01
      vertex 1.623241e-02 5.336923e-02 -1.560902e-01
      vertex 2.101299e-02 5.194550e-02 -1.516503e-01
    endloop
  endfacet
  facet normal 2.857781e-01 9.582957e-01 -4.107562e-04
    outer loop
      vertex 2.101299e-02 5.194550e-02 -1.516503e-01
      vertex 1.623241e-02 5.336923e-02 -1.560902e-01
      vertex 1.594449e-02 5.345681e-02 -1.521016e-01
    endloop
  endfacet
  facet normal -3.008275e-01 -9.536576e-01 6.318634e-03
    outer loop
      vertex 2.698958e-02 6.570668e-02 -1.556391e-01
      vertex 2.671230e-02 6.582058e-02 -1.516503e-01
      vertex 2.059727e-02 6.772012e-02 -1.560902e-01
    endloop
  endfacet
  facet normal -2.963711e-01 -9.550728e-01 -4.246474e-04
    outer loop
      vertex 2.059727e-02 6.772012e-02 -1.560902e-01
      vertex 2.671230e-02 6.582058e-02 -1.516503e-01
      vertex 2.030936e-02 6.780769e-02 -1.521016e-01
    endloop
  endfacet
  facet normal 6.236037e-02 -2.561506e-02 -9.977249e-01
    outer loop
      vertex 2.671230e-02 6.582058e-02 -1.516503e-01
      vertex 2.101299e-02 5.194550e-02 -1.516503e-01
      vertex 2.030936e-02 6.780769e-02 -1.521016e-01
    endloop
  endfacet
  facet normal 8.132591e-02 -2.473552e-02 -9.963806e-01
    outer loop
      vertex 2.101299e-02 5.194550e-02 -1.516503e-01
      vertex 1.594449e-02 5.345681e-02 -1.521016e-01
      vertex 2.030936e-02 6.780769e-02 -1.521016e-01
    endloop
  endfacet
  facet normal -6.471273e-02 1.968257e-02 9.977098e-01
    outer loop
      vertex 2.059727e-02 6.772012e-02 -1.560902e-01
      vertex 1.406647e-02 6.911570e-02 -1.565414e-01
      vertex 1.623241e-02 5.336923e-02 -1.560902e-01
    endloop
  endfacet
  facet normal -8.369151e-02 1.703295e-02 9.963461e-01
    outer loop
      vertex 1.623241e-02 5.336923e-02 -1.560902e-01
      vertex 1.406647e-02 6.911570e-02 -1.565414e-01
      vertex 1.107499e-02 5.441702e-02 -1.565414e-01
    endloop
  endfacet
  facet normal 1.996851e-01 9.798344e-01 -7.098163e-03
    outer loop
      vertex 1.623241e-02 5.336923e-02 -1.560902e-01
      vertex 1.107499e-02 5.441702e-02 -1.565414e-01
      vertex 1.594449e-02 5.345681e-02 -1.521016e-01
    endloop
  endfacet
  facet normal 1.938432e-01 9.810324e-01 -4.317871e-04
    outer loop
      vertex 1.594449e-02 5.345681e-02 -1.521016e-01
      vertex 1.107499e-02 5.441702e-02 -1.565414e-01
      vertex 1.077893e-02 5.447728e-02 -1.525528e-01
    endloop
  endfacet
  facet normal -2.093886e-01 -9.778119e-01 6.353322e-03
    outer loop
      vertex 2.059727e-02 6.772012e-02 -1.560902e-01
      vertex 2.030936e-02 6.780769e-02 -1.521016e-01
      vertex 1.406647e-02 6.911570e-02 -1.565414e-01
    endloop
  endfacet
  facet normal -2.047844e-01 -9.788070e-01 -4.139611e-04
    outer loop
      vertex 1.406647e-02 6.911570e-02 -1.565414e-01
      vertex 2.030936e-02 6.780769e-02 -1.521016e-01
      vertex 1.377041e-02 6.917595e-02 -1.525528e-01
    endloop
  endfacet
  facet normal 6.472710e-02 -1.968694e-02 -9.977088e-01
    outer loop
      vertex 2.030936e-02 6.780769e-02 -1.521016e-01
      vertex 1.594449e-02 5.345681e-02 -1.521016e-01
      vertex 1.377041e-02 6.917595e-02 -1.525528e-01
    endloop
  endfacet
  facet normal 8.366812e-02 -1.702819e-02 -9.963482e-01
    outer loop
      vertex 1.594449e-02 5.345681e-02 -1.521016e-01
      vertex 1.077893e-02 5.447728e-02 -1.525528e-01
      vertex 1.377041e-02 6.917595e-02 -1.525528e-01
    endloop
  endfacet
  facet normal -6.651628e-02 1.353744e-02 9.976935e-01
    outer loop
      vertex 1.406647e-02 6.911570e-02 -1.565414e-01
      vertex 7.456525e-03 6.988529e-02 -1.569925e-01
      vertex 1.107499e-02 5.441702e-02 -1.565414e-01
    endloop
  endfacet
  facet normal -8.530564e-02 9.101824e-03 9.963133e-01
    outer loop
      vertex 1.107499e-02 5.441702e-02 -1.565414e-01
      vertex 7.456525e-03 6.988529e-02 -1.569925e-01
      vertex 5.865108e-03 5.496995e-02 -1.569925e-01
    endloop
  endfacet
  facet normal 1.061462e-01 9.943249e-01 -7.142099e-03
    outer loop
      vertex 1.107499e-02 5.441702e-02 -1.565414e-01
      vertex 5.865108e-03 5.496995e-02 -1.569925e-01
      vertex 1.077893e-02 5.447728e-02 -1.525528e-01
    endloop
  endfacet
  facet normal 1.001674e-01 9.949705e-01 -4.531718e-04
    outer loop
      vertex 1.077893e-02 5.447728e-02 -1.525528e-01
      vertex 5.865108e-03 5.496995e-02 -1.569925e-01
      vertex 5.563491e-03 5.500213e-02 -1.530040e-01
    endloop
  endfacet
  facet normal -1.160759e-01 -9.932198e-01 6.388353e-03
    outer loop
      vertex 1.406647e-02 6.911570e-02 -1.565414e-01
      vertex 1.377041e-02 6.917595e-02 -1.525528e-01
      vertex 7.456525e-03 6.988529e-02 -1.569925e-01
    endloop
  endfacet
  facet normal -1.113633e-01 -9.937797e-01 -4.030920e-04
    outer loop
      vertex 7.456525e-03 6.988529e-02 -1.569925e-01
      vertex 1.377041e-02 6.917595e-02 -1.525528e-01
      vertex 7.154907e-03 6.991747e-02 -1.530040e-01
    endloop
  endfacet
  facet normal 6.653118e-02 -1.354047e-02 -9.976925e-01
    outer loop
      vertex 1.377041e-02 6.917595e-02 -1.525528e-01
      vertex 1.077893e-02 5.447728e-02 -1.525528e-01
      vertex 7.154907e-03 6.991747e-02 -1.530040e-01
    endloop
  endfacet
  facet normal 8.528157e-02 -9.099256e-03 -9.963153e-01
    outer loop
      vertex 1.077893e-02 5.447728e-02 -1.525528e-01
      vertex 5.563491e-03 5.500213e-02 -1.530040e-01
      vertex 7.154907e-03 6.991747e-02 -1.530040e-01
    endloop
  endfacet
  facet normal -6.773721e-02 7.227332e-03 9.976770e-01
    outer loop
      vertex 7.456525e-03 6.988529e-02 -1.569925e-01
      vertex 8.270857e-04 7.002644e-02 -1.574436e-01
      vertex 5.865108e-03 5.496995e-02 -1.569925e-01
    endloop
  endfacet
  facet normal -8.616987e-02 1.017757e-03 9.962799e-01
    outer loop
      vertex 5.865108e-03 5.496995e-02 -1.569925e-01
      vertex 8.270857e-04 7.002644e-02 -1.574436e-01
      vertex 6.499323e-04 5.502749e-02 -1.574436e-01
    endloop
  endfacet
  facet normal 1.165448e-02 9.999063e-01 -7.186526e-03
    outer loop
      vertex 5.865108e-03 5.496995e-02 -1.569925e-01
      vertex 6.499323e-04 5.502749e-02 -1.574436e-01
      vertex 5.563491e-03 5.500213e-02 -1.530040e-01
    endloop
  endfacet
  facet normal 5.590660e-03 9.999843e-01 -4.749172e-04
    outer loop
      vertex 5.563491e-03 5.500213e-02 -1.530040e-01
      vertex 6.499323e-04 5.502749e-02 -1.574436e-01
      vertex 3.454156e-04 5.503109e-02 -1.534552e-01
    endloop
  endfacet
  facet normal -2.172404e-02 -9.997434e-01 6.423731e-03
    outer loop
      vertex 7.456525e-03 6.988529e-02 -1.569925e-01
      vertex 7.154907e-03 6.991747e-02 -1.530040e-01
      vertex 8.270857e-04 7.002644e-02 -1.574436e-01
    endloop
  endfacet
  facet normal -1.694403e-02 -9.998564e-01 -3.920370e-04
    outer loop
      vertex 8.270857e-04 7.002644e-02 -1.574436e-01
      vertex 7.154907e-03 6.991747e-02 -1.530040e-01
      vertex 5.225690e-04 7.003004e-02 -1.534552e-01
    endloop
  endfacet
  facet normal 6.775250e-02 -7.228963e-03 -9.976760e-01
    outer loop
      vertex 7.154907e-03 6.991747e-02 -1.530040e-01
      vertex 5.563491e-03 5.500213e-02 -1.530040e-01
      vertex 5.225690e-04 7.003004e-02 -1.534552e-01
    endloop
  endfacet
  facet normal 8.614534e-02 -1.017467e-03 -9.962821e-01
    outer loop
      vertex 5.563491e-03 5.500213e-02 -1.530040e-01
      vertex 3.454156e-04 5.503109e-02 -1.534552e-01
      vertex 5.225690e-04 7.003004e-02 -1.534552e-01
    endloop
  endfacet
  facet normal -6.836044e-02 8.074084e-04 9.976604e-01
    outer loop
      vertex 8.270857e-04 7.002644e-02 -1.574436e-01
      vertex -5.762445e-03 6.954237e-02 -1.578947e-01
      vertex 6.499323e-04 5.502749e-02 -1.574436e-01
    endloop
  endfacet
  facet normal -8.626975e-02 -7.148515e-03 9.962462e-01
    outer loop
      vertex 6.499323e-04 5.502749e-02 -1.574436e-01
      vertex -5.762445e-03 6.954237e-02 -1.578947e-01
      vertex -4.523754e-03 5.459360e-02 -1.578947e-01
    endloop
  endfacet
  facet normal -8.294348e-02 9.965280e-01 -7.231451e-03
    outer loop
      vertex 6.499323e-04 5.502749e-02 -1.574436e-01
      vertex -4.523754e-03 5.459360e-02 -1.578947e-01
      vertex 3.454156e-04 5.503109e-02 -1.534552e-01
    endloop
  endfacet
  facet normal -8.903874e-02 9.960280e-01 -4.970304e-04
    outer loop
      vertex 3.454156e-04 5.503109e-02 -1.534552e-01
      vertex -4.523754e-03 5.459360e-02 -1.578947e-01
      vertex -4.828466e-03 5.456835e-02 -1.539064e-01
    endloop
  endfacet
  facet normal 7.282300e-02 -9.973240e-01 6.459462e-03
    outer loop
      vertex 8.270857e-04 7.002644e-02 -1.574436e-01
      vertex 5.225690e-04 7.003004e-02 -1.534552e-01
      vertex -5.762445e-03 6.954237e-02 -1.578947e-01
    endloop
  endfacet
  facet normal 7.762821e-02 -9.969823e-01 -3.807926e-04
    outer loop
      vertex -5.762445e-03 6.954237e-02 -1.578947e-01
      vertex 5.225690e-04 7.003004e-02 -1.534552e-01
      vertex -6.067157e-03 6.951712e-02 -1.539064e-01
    endloop
  endfacet
  facet normal 6.837600e-02 -8.075922e-04 -9.976593e-01
    outer loop
      vertex 5.225690e-04 7.003004e-02 -1.534552e-01
      vertex 3.454156e-04 5.503109e-02 -1.534552e-01
      vertex -6.067157e-03 6.951712e-02 -1.539064e-01
    endloop
  endfacet
  facet normal 8.624496e-02 7.146461e-03 -9.962483e-01
    outer loop
      vertex 3.454156e-04 5.503109e-02 -1.534552e-01
      vertex -4.828466e-03 5.456835e-02 -1.539064e-01
      vertex -6.067157e-03 6.951712e-02 -1.539064e-01
    endloop
  endfacet
  facet normal -6.837614e-02 -5.665808e-03 9.976435e-01
    outer loop
      vertex -5.762445e-03 6.954237e-02 -1.578947e-01
      vertex -1.225344e-02 6.844183e-02 -1.583459e-01
      vertex -4.523754e-03 5.459360e-02 -1.578947e-01
    endloop
  endfacet
  facet normal -8.559745e-02 -1.532489e-02 9.962119e-01
    outer loop
      vertex -4.523754e-03 5.459360e-02 -1.578947e-01
      vertex -1.225344e-02 6.844183e-02 -1.583459e-01
      vertex -9.609958e-03 5.367660e-02 -1.583459e-01
    endloop
  endfacet
  facet normal -1.768000e-01 9.842199e-01 -7.276881e-03
    outer loop
      vertex -4.523754e-03 5.459360e-02 -1.578947e-01
      vertex -9.609958e-03 5.367660e-02 -1.583459e-01
      vertex -4.828466e-03 5.456835e-02 -1.539064e-01
    endloop
  endfacet
  facet normal -1.828719e-01 9.831366e-01 -5.195186e-04
    outer loop
      vertex -4.828466e-03 5.456835e-02 -1.539064e-01
      vertex -9.609958e-03 5.367660e-02 -1.583459e-01
      vertex -9.912138e-03 5.362250e-02 -1.543577e-01
    endloop
  endfacet
  facet normal 1.667195e-01 -9.859830e-01 6.495551e-03
    outer loop
      vertex -5.762445e-03 6.954237e-02 -1.578947e-01
      vertex -6.067157e-03 6.951712e-02 -1.539064e-01
      vertex -1.225344e-02 6.844183e-02 -1.583459e-01
    endloop
  endfacet
  facet normal 1.715068e-01 -9.851829e-01 -3.693552e-04
    outer loop
      vertex -1.225344e-02 6.844183e-02 -1.583459e-01
      vertex -6.067157e-03 6.951712e-02 -1.539064e-01
      vertex -1.255562e-02 6.838773e-02 -1.543577e-01
    endloop
  endfacet
  facet normal 6.839183e-02 5.667109e-03 -9.976424e-01
    outer loop
      vertex -6.067157e-03 6.951712e-02 -1.539064e-01
      vertex -4.828466e-03 5.456835e-02 -1.539064e-01
      vertex -1.255562e-02 6.838773e-02 -1.543577e-01
    endloop
  endfacet
  facet normal 8.557263e-02 1.532044e-02 -9.962141e-01
    outer loop
      vertex -4.828466e-03 5.456835e-02 -1.539064e-01
      vertex -9.912138e-03 5.362250e-02 -1.543577e-01
      vertex -1.255562e-02 6.838773e-02 -1.543577e-01
    endloop
  endfacet
  facet normal -6.777979e-02 -1.213491e-02 9.976265e-01
    outer loop
      vertex -1.225344e-02 6.844183e-02 -1.583459e-01
      vertex -1.858858e-02 6.673909e-02 -1.587970e-01
      vertex -9.609958e-03 5.367660e-02 -1.583459e-01
    endloop
  endfacet
  facet normal -8.415194e-02 -2.343852e-02 9.961772e-01
    outer loop
      vertex -9.609958e-03 5.367660e-02 -1.583459e-01
      vertex -1.858858e-02 6.673909e-02 -1.587970e-01
      vertex -1.456389e-02 5.228912e-02 -1.587970e-01
    endloop
  endfacet
  facet normal -2.690740e-01 9.630917e-01 -7.322826e-03
    outer loop
      vertex -9.609958e-03 5.367660e-02 -1.583459e-01
      vertex -1.456389e-02 5.228912e-02 -1.587970e-01
      vertex -9.912138e-03 5.362250e-02 -1.543577e-01
    endloop
  endfacet
  facet normal -2.750671e-01 9.614249e-01 -5.423891e-04
    outer loop
      vertex -9.912138e-03 5.362250e-02 -1.543577e-01
      vertex -1.456389e-02 5.228912e-02 -1.587970e-01
      vertex -1.486081e-02 5.220642e-02 -1.548089e-01
    endloop
  endfacet
  facet normal 2.591254e-01 -9.658216e-01 6.532002e-03
    outer loop
      vertex -1.225344e-02 6.844183e-02 -1.583459e-01
      vertex -1.255562e-02 6.838773e-02 -1.543577e-01
      vertex -1.858858e-02 6.673909e-02 -1.587970e-01
    endloop
  endfacet
  facet normal 2.638513e-01 -9.645633e-01 -3.577214e-04
    outer loop
      vertex -1.858858e-02 6.673909e-02 -1.587970e-01
      vertex -1.255562e-02 6.838773e-02 -1.543577e-01
      vertex -1.888550e-02 6.665639e-02 -1.548089e-01
    endloop
  endfacet
  facet normal 6.779548e-02 1.213772e-02 -9.976254e-01
    outer loop
      vertex -1.255562e-02 6.838773e-02 -1.543577e-01
      vertex -9.912138e-03 5.362250e-02 -1.543577e-01
      vertex -1.888550e-02 6.665639e-02 -1.548089e-01
    endloop
  endfacet
  facet normal 8.412731e-02 2.343165e-02 -9.961795e-01
    outer loop
      vertex -9.912138e-03 5.362250e-02 -1.543577e-01
      vertex -1.486081e-02 5.220642e-02 -1.548089e-01
      vertex -1.888550e-02 6.665639e-02 -1.548089e-01
    endloop
  endfacet
  facet normal -6.657232e-02 -1.854213e-02 9.976093e-01
    outer loop
      vertex -1.858858e-02 6.673909e-02 -1.587970e-01
      vertex -2.471234e-02 6.445369e-02 -1.592481e-01
      vertex -1.456389e-02 5.228912e-02 -1.587970e-01
    endloop
  endfacet
  facet normal -8.193905e-02 -3.141645e-02 9.961421e-01
    outer loop
      vertex -1.456389e-02 5.228912e-02 -1.587970e-01
      vertex -2.471234e-02 6.445369e-02 -1.592481e-01
      vertex -1.934234e-02 5.044787e-02 -1.592481e-01
    endloop
  endfacet
  facet normal -3.589386e-01 9.333321e-01 -7.369293e-03
    outer loop
      vertex -1.456389e-02 5.228912e-02 -1.587970e-01
      vertex -1.934234e-02 5.044787e-02 -1.592481e-01
      vertex -1.486081e-02 5.220642e-02 -1.548089e-01
    endloop
  endfacet
  facet normal -3.647970e-01 9.310869e-01 -5.656496e-04
    outer loop
      vertex -1.486081e-02 5.220642e-02 -1.548089e-01
      vertex -1.934234e-02 5.044787e-02 -1.592481e-01
      vertex -1.963130e-02 5.033708e-02 -1.552601e-01
    endloop
  endfacet
  facet normal 3.492141e-01 -9.370199e-01 6.568821e-03
    outer loop
      vertex -1.858858e-02 6.673909e-02 -1.587970e-01
      vertex -1.888550e-02 6.665639e-02 -1.548089e-01
      vertex -2.471234e-02 6.445369e-02 -1.592481e-01
    endloop
  endfacet
  facet normal 3.538349e-01 -9.353078e-01 -3.458875e-04
    outer loop
      vertex -2.471234e-02 6.445369e-02 -1.592481e-01
      vertex -1.888550e-02 6.665639e-02 -1.548089e-01
      vertex -2.500130e-02 6.434290e-02 -1.552601e-01
    endloop
  endfacet
  facet normal 6.658786e-02 1.854646e-02 -9.976082e-01
    outer loop
      vertex -1.888550e-02 6.665639e-02 -1.548089e-01
      vertex -1.486081e-02 5.220642e-02 -1.548089e-01
      vertex -2.500130e-02 6.434290e-02 -1.552601e-01
    endloop
  endfacet
  facet normal 8.191484e-02 3.140717e-02 -9.961443e-01
    outer loop
      vertex -1.486081e-02 5.220642e-02 -1.548089e-01
      vertex -1.963130e-02 5.033708e-02 -1.552601e-01
      vertex -2.500130e-02 6.434290e-02 -1.552601e-01
    endloop
  endfacet
  facet normal -6.476006e-02 -2.482981e-02 9.975919e-01
    outer loop
      vertex -2.471234e-02 6.445369e-02 -1.592481e-01
      vertex -3.057150e-02 6.161025e-02 -1.596992e-01
      vertex -1.934234e-02 5.044787e-02 -1.592481e-01
    endloop
  endfacet
  facet normal -7.897147e-02 -3.918628e-02 9.961064e-01
    outer loop
      vertex -1.934234e-02 5.044787e-02 -1.592481e-01
      vertex -3.057150e-02 6.161025e-02 -1.596992e-01
      vertex -2.390409e-02 4.817353e-02 -1.596992e-01
    endloop
  endfacet
  facet normal -4.455880e-01 8.952074e-01 -7.416290e-03
    outer loop
      vertex -1.934234e-02 5.044787e-02 -1.592481e-01
      vertex -2.390409e-02 4.817353e-02 -1.596992e-01
      vertex -1.963130e-02 5.033708e-02 -1.552601e-01
    endloop
  endfacet
  facet normal -4.512563e-01 8.923942e-01 -5.893077e-04
    outer loop
      vertex -1.963130e-02 5.033708e-02 -1.552601e-01
      vertex -2.390409e-02 4.817353e-02 -1.596992e-01
      vertex -2.418244e-02 4.803541e-02 -1.557113e-01
    endloop
  endfacet
  facet normal 4.361796e-01 -8.998354e-01 6.606013e-03
    outer loop
      vertex -2.471234e-02 6.445369e-02 -1.592481e-01
      vertex -2.500130e-02 6.434290e-02 -1.552601e-01
      vertex -3.057150e-02 6.161025e-02 -1.596992e-01
    endloop
  endfacet
  facet normal 4.406519e-01 -8.976780e-01 -3.338498e-04
    outer loop
      vertex -3.057150e-02 6.161025e-02 -1.596992e-01
      vertex -2.500130e-02 6.434290e-02 -1.552601e-01
      vertex -3.084985e-02 6.147214e-02 -1.557113e-01
    endloop
  endfacet
  facet normal 6.477530e-02 2.483566e-02 -9.975908e-01
    outer loop
      vertex -2.500130e-02 6.434290e-02 -1.552601e-01
      vertex -1.963130e-02 5.033708e-02 -1.552601e-01
      vertex -3.084985e-02 6.147214e-02 -1.557113e-01
    endloop
  endfacet
  facet normal 7.894791e-02 3.917459e-02 -9.961087e-01
    outer loop
      vertex -1.963130e-02 5.033708e-02 -1.552601e-01
      vertex -2.418244e-02 4.803541e-02 -1.557113e-01
      vertex -3.084985e-02 6.147214e-02 -1.557113e-01
    endloop
  endfacet
  facet normal -6.235480e-02 -3.094096e-02 9.975743e-01
    outer loop
      vertex -3.057150e-02 6.161025e-02 -1.596992e-01
      vertex -3.611559e-02 5.823824e-02 -1.601504e-01
      vertex -2.390409e-02 4.817353e-02 -1.596992e-01
    endloop
  endfacet
  facet normal -7.526869e-02 -4.667677e-02 9.960702e-01
    outer loop
      vertex -2.390409e-02 4.817353e-02 -1.596992e-01
      vertex -3.611559e-02 5.823824e-02 -1.601504e-01
      vertex -2.821024e-02 4.549047e-02 -1.601504e-01
    endloop
  endfacet
  facet normal -5.282458e-01 8.490587e-01 -7.463827e-03
    outer loop
      vertex -2.390409e-02 4.817353e-02 -1.596992e-01
      vertex -2.821024e-02 4.549047e-02 -1.601504e-01
      vertex -2.418244e-02 4.803541e-02 -1.557113e-01
    endloop
  endfacet
  facet normal -5.336691e-01 8.456931e-01 -6.133713e-04
    outer loop
      vertex -2.418244e-02 4.803541e-02 -1.557113e-01
      vertex -2.821024e-02 4.549047e-02 -1.601504e-01
      vertex -2.847540e-02 4.532604e-02 -1.561626e-01
    endloop
  endfacet
  facet normal 5.192438e-01 -8.546004e-01 6.643584e-03
    outer loop
      vertex -3.057150e-02 6.161025e-02 -1.596992e-01
      vertex -3.084985e-02 6.147214e-02 -1.557113e-01
      vertex -3.611559e-02 5.823824e-02 -1.601504e-01
    endloop
  endfacet
  facet normal 5.235248e-01 -8.520104e-01 -3.216044e-04
    outer loop
      vertex -3.611559e-02 5.823824e-02 -1.601504e-01
      vertex -3.084985e-02 6.147214e-02 -1.557113e-01
      vertex -3.638074e-02 5.807381e-02 -1.561626e-01
    endloop
  endfacet
  facet normal 6.236961e-02 3.094830e-02 -9.975732e-01
    outer loop
      vertex -3.084985e-02 6.147214e-02 -1.557113e-01
      vertex -2.418244e-02 4.803541e-02 -1.557113e-01
      vertex -3.638074e-02 5.807381e-02 -1.561626e-01
    endloop
  endfacet
  facet normal 7.524603e-02 4.666272e-02 -9.960726e-01
    outer loop
      vertex -2.418244e-02 4.803541e-02 -1.557113e-01
      vertex -2.847540e-02 4.532604e-02 -1.561626e-01
      vertex -3.638074e-02 5.807381e-02 -1.561626e-01
    endloop
  endfacet
  facet normal -5.937370e-02 -3.681973e-02 9.975566e-01
    outer loop
      vertex -3.611559e-02 5.823824e-02 -1.601504e-01
      vertex -4.129731e-02 5.437162e-02 -1.606015e-01
      vertex -2.821024e-02 4.549047e-02 -1.601504e-01
    endloop
  endfacet
  facet normal -7.085695e-02 -5.381853e-02 9.960336e-01
    outer loop
      vertex -2.821024e-02 4.549047e-02 -1.601504e-01
      vertex -4.129731e-02 5.437162e-02 -1.606015e-01
      vertex -3.222456e-02 4.242653e-02 -1.606015e-01
    endloop
  endfacet
  facet normal -6.061706e-01 7.952991e-01 -7.511912e-03
    outer loop
      vertex -2.821024e-02 4.549047e-02 -1.601504e-01
      vertex -3.222456e-02 4.242653e-02 -1.606015e-01
      vertex -2.847540e-02 4.532604e-02 -1.561626e-01
    endloop
  endfacet
  facet normal -6.112956e-01 7.914021e-01 -6.378487e-04
    outer loop
      vertex -2.847540e-02 4.532604e-02 -1.561626e-01
      vertex -3.222456e-02 4.242653e-02 -1.606015e-01
      vertex -3.247403e-02 4.223705e-02 -1.566138e-01
    endloop
  endfacet
  facet normal 5.976634e-01 -8.017193e-01 6.681538e-03
    outer loop
      vertex -3.611559e-02 5.823824e-02 -1.601504e-01
      vertex -3.638074e-02 5.807381e-02 -1.561626e-01
      vertex -4.129731e-02 5.437162e-02 -1.606015e-01
    endloop
  endfacet
  facet normal 6.017115e-01 -7.987134e-01 -3.091475e-04
    outer loop
      vertex -4.129731e-02 5.437162e-02 -1.606015e-01
      vertex -3.638074e-02 5.807381e-02 -1.561626e-01
      vertex -4.154678e-02 5.418214e-02 -1.566138e-01
    endloop
  endfacet
  facet normal 5.938792e-02 3.682854e-02 -9.975554e-01
    outer loop
      vertex -3.638074e-02 5.807381e-02 -1.561626e-01
      vertex -2.847540e-02 4.532604e-02 -1.561626e-01
      vertex -4.154678e-02 5.418214e-02 -1.566138e-01
    endloop
  endfacet
  facet normal 7.083541e-02 5.380217e-02 -9.960360e-01
    outer loop
      vertex -2.847540e-02 4.532604e-02 -1.561626e-01
      vertex -3.247403e-02 4.223705e-02 -1.566138e-01
      vertex -4.154678e-02 5.418214e-02 -1.566138e-01
    endloop
  endfacet
  facet normal -5.583914e-02 -4.241194e-02 9.975386e-01
    outer loop
      vertex -4.129731e-02 5.437162e-02 -1.606015e-01
      vertex -4.607297e-02 5.004859e-02 -1.610526e-01
      vertex -3.222456e-02 4.242653e-02 -1.606015e-01
    endloop
  endfacet
  facet normal -6.576898e-02 -6.054461e-02 9.959964e-01
    outer loop
      vertex -3.222456e-02 4.242653e-02 -1.606015e-01
      vertex -4.607297e-02 5.004859e-02 -1.610526e-01
      vertex -3.591375e-02 3.901273e-02 -1.610526e-01
    endloop
  endfacet
  facet normal -6.786639e-01 7.344100e-01 -7.560553e-03
    outer loop
      vertex -3.222456e-02 4.242653e-02 -1.606015e-01
      vertex -3.591375e-02 3.901273e-02 -1.610526e-01
      vertex -3.247403e-02 4.223705e-02 -1.566138e-01
    endloop
  endfacet
  facet normal -6.834386e-01 7.300077e-01 -6.627481e-04
    outer loop
      vertex -3.247403e-02 4.223705e-02 -1.566138e-01
      vertex -3.591375e-02 3.901273e-02 -1.610526e-01
      vertex -3.614518e-02 3.879968e-02 -1.570650e-01
    endloop
  endfacet
  facet normal 6.707367e-01 -7.416651e-01 6.719882e-03
    outer loop
      vertex -4.129731e-02 5.437162e-02 -1.606015e-01
      vertex -4.154678e-02 5.418214e-02 -1.566138e-01
      vertex -4.607297e-02 5.004859e-02 -1.610526e-01
    endloop
  endfacet
  facet normal 6.745117e-01 -7.382641e-01 -2.964752e-04
    outer loop
      vertex -4.607297e-02 5.004859e-02 -1.610526e-01
      vertex -4.154678e-02 5.418214e-02 -1.566138e-01
      vertex -4.630440e-02 4.983554e-02 -1.570650e-01
    endloop
  endfacet
  facet normal 5.585263e-02 4.242218e-02 -9.975374e-01
    outer loop
      vertex -4.154678e-02 5.418214e-02 -1.566138e-01
      vertex -3.247403e-02 4.223705e-02 -1.566138e-01
      vertex -4.630440e-02 4.983554e-02 -1.570650e-01
    endloop
  endfacet
  facet normal 6.574879e-02 6.052603e-02 -9.959988e-01
    outer loop
      vertex -3.247403e-02 4.223705e-02 -1.566138e-01
      vertex -3.614518e-02 3.879968e-02 -1.570650e-01
      vertex -4.630440e-02 4.983554e-02 -1.570650e-01
    endloop
  endfacet
  facet normal -5.177862e-02 -4.766558e-02 9.975204e-01
    outer loop
      vertex -4.607297e-02 5.004859e-02 -1.610526e-01
      vertex -5.040284e-02 4.531112e-02 -1.615038e-01
      vertex -3.591375e-02 3.901273e-02 -1.610526e-01
    endloop
  endfacet
  facet normal -6.004384e-02 -6.679112e-02 9.959587e-01
    outer loop
      vertex -3.591375e-02 3.901273e-02 -1.610526e-01
      vertex -5.040284e-02 4.531112e-02 -1.615038e-01
      vertex -3.924777e-02 3.528294e-02 -1.615038e-01
    endloop
  endfacet
  facet normal -7.450755e-01 6.669367e-01 -7.609761e-03
    outer loop
      vertex -3.591375e-02 3.901273e-02 -1.610526e-01
      vertex -3.924777e-02 3.528294e-02 -1.615038e-01
      vertex -3.614518e-02 3.879968e-02 -1.570650e-01
    endloop
  endfacet
  facet normal -7.494504e-01 6.620601e-01 -6.880779e-04
    outer loop
      vertex -3.614518e-02 3.879968e-02 -1.570650e-01
      vertex -3.924777e-02 3.528294e-02 -1.615038e-01
      vertex -3.945894e-02 3.504804e-02 -1.575163e-01
    endloop
  endfacet
  facet normal 7.378098e-01 -6.749748e-01 6.758621e-03
    outer loop
      vertex -4.607297e-02 5.004859e-02 -1.610526e-01
      vertex -4.630440e-02 4.983554e-02 -1.570650e-01
      vertex -5.040284e-02 4.531112e-02 -1.615038e-01
    endloop
  endfacet
  facet normal 7.412733e-01 -6.712033e-01 -2.835833e-04
    outer loop
      vertex -5.040284e-02 4.531112e-02 -1.615038e-01
      vertex -4.630440e-02 4.983554e-02 -1.570650e-01
      vertex -5.061401e-02 4.507622e-02 -1.575163e-01
    endloop
  endfacet
  facet normal 5.179123e-02 4.767719e-02 -9.975192e-01
    outer loop
      vertex -4.630440e-02 4.983554e-02 -1.570650e-01
      vertex -3.614518e-02 3.879968e-02 -1.570650e-01
      vertex -5.061401e-02 4.507622e-02 -1.575163e-01
    endloop
  endfacet
  facet normal 6.002523e-02 6.677043e-02 -9.959612e-01
    outer loop
      vertex -3.614518e-02 3.879968e-02 -1.570650e-01
      vertex -3.945894e-02 3.504804e-02 -1.575163e-01
      vertex -5.061401e-02 4.507622e-02 -1.575163e-01
    endloop
  endfacet
  facet normal -4.722450e-02 -5.253124e-02 9.975020e-01
    outer loop
      vertex -5.040284e-02 4.531112e-02 -1.615038e-01
      vertex -5.425148e-02 4.020461e-02 -1.619549e-01
      vertex -3.924777e-02 3.528294e-02 -1.615038e-01
    endloop
  endfacet
  facet normal -5.372660e-02 -7.249784e-02 9.959204e-01
    outer loop
      vertex -3.924777e-02 3.528294e-02 -1.615038e-01
      vertex -5.425148e-02 4.020461e-02 -1.619549e-01
      vertex -4.220007e-02 3.127357e-02 -1.619549e-01
    endloop
  endfacet
  facet normal -8.048097e-01 5.934835e-01 -7.659544e-03
    outer loop
      vertex -3.924777e-02 3.528294e-02 -1.615038e-01
      vertex -4.220007e-02 3.127357e-02 -1.619549e-01
      vertex -3.945894e-02 3.504804e-02 -1.575163e-01
    endloop
  endfacet
  facet normal -8.087380e-01 5.881686e-01 -7.138469e-04
    outer loop
      vertex -3.945894e-02 3.504804e-02 -1.575163e-01
      vertex -4.220007e-02 3.127357e-02 -1.619549e-01
      vertex -4.238892e-02 3.101874e-02 -1.579675e-01
    endloop
  endfacet
  facet normal 7.982825e-01 -6.022448e-01 6.797761e-03
    outer loop
      vertex -5.040284e-02 4.531112e-02 -1.615038e-01
      vertex -5.061401e-02 4.507622e-02 -1.575163e-01
      vertex -5.425148e-02 4.020461e-02 -1.619549e-01
    endloop
  endfacet
  facet normal 8.013982e-01 -5.981312e-01 -2.704678e-04
    outer loop
      vertex -5.425148e-02 4.020461e-02 -1.619549e-01
      vertex -5.061401e-02 4.507622e-02 -1.575163e-01
      vertex -5.444033e-02 3.994979e-02 -1.579675e-01
    endloop
  endfacet
  facet normal 4.723610e-02 5.254415e-02 -9.975008e-01
    outer loop
      vertex -5.061401e-02 4.507622e-02 -1.575163e-01
      vertex -3.945894e-02 3.504804e-02 -1.575163e-01
      vertex -5.444033e-02 3.994979e-02 -1.579675e-01
    endloop
  endfacet
  facet normal 5.370979e-02 7.247516e-02 -9.959230e-01
    outer loop
      vertex -3.945894e-02 3.504804e-02 -1.575163e-01
      vertex -4.238892e-02 3.101874e-02 -1.579675e-01
      vertex -5.444033e-02 3.994979e-02 -1.579675e-01
    endloop
  endfacet
  facet normal -4.221378e-02 -5.696263e-02 9.974835e-01
    outer loop
      vertex -5.425148e-02 4.020461e-02 -1.619549e-01
      vertex -5.758801e-02 3.477745e-02 -1.624060e-01
      vertex -4.220007e-02 3.127357e-02 -1.619549e-01
    endloop
  endfacet
  facet normal -4.686802e-02 -7.760878e-02 9.958817e-01
    outer loop
      vertex -4.220007e-02 3.127357e-02 -1.619549e-01
      vertex -5.758801e-02 3.477745e-02 -1.624060e-01
      vertex -4.474776e-02 2.702322e-02 -1.624060e-01
    endloop
  endfacet
  facet normal -8.573305e-01 5.147086e-01 -7.709912e-03
    outer loop
      vertex -4.220007e-02 3.127357e-02 -1.619549e-01
      vertex -4.474776e-02 2.702322e-02 -1.624060e-01
      vertex -4.238892e-02 3.101874e-02 -1.579675e-01
    endloop
  endfacet
  facet normal -8.607687e-01 5.089957e-01 -7.400640e-04
    outer loop
      vertex -4.238892e-02 3.101874e-02 -1.579675e-01
      vertex -4.474776e-02 2.702322e-02 -1.624060e-01
      vertex -4.491241e-02 2.675058e-02 -1.584187e-01
    endloop
  endfacet
  facet normal 8.516134e-01 -5.241258e-01 6.837308e-03
    outer loop
      vertex -5.425148e-02 4.020461e-02 -1.619549e-01
      vertex -5.444033e-02 3.994979e-02 -1.579675e-01
      vertex -5.758801e-02 3.477745e-02 -1.624060e-01
    endloop
  endfacet
  facet normal 8.543477e-01 -5.197018e-01 -2.571243e-04
    outer loop
      vertex -5.758801e-02 3.477745e-02 -1.624060e-01
      vertex -5.444033e-02 3.994979e-02 -1.579675e-01
      vertex -5.775265e-02 3.450482e-02 -1.584187e-01
    endloop
  endfacet
  facet normal 4.222425e-02 5.697674e-02 -9.974822e-01
    outer loop
      vertex -5.444033e-02 3.994979e-02 -1.579675e-01
      vertex -4.238892e-02 3.101874e-02 -1.579675e-01
      vertex -5.775265e-02 3.450482e-02 -1.584187e-01
    endloop
  endfacet
  facet normal 4.685322e-02 7.758427e-02 -9.958843e-01
    outer loop
      vertex -4.238892e-02 3.101874e-02 -1.579675e-01
      vertex -4.491241e-02 2.675058e-02 -1.584187e-01
      vertex -5.775265e-02 3.450482e-02 -1.584187e-01
    endloop
  endfacet
  facet normal -3.678781e-02 -6.091695e-02 9.974647e-01
    outer loop
      vertex -5.758801e-02 3.477745e-02 -1.624060e-01
      vertex -6.038637e-02 2.908054e-02 -1.628571e-01
      vertex -4.474776e-02 2.702322e-02 -1.624060e-01
    endloop
  endfacet
  facet normal -3.952413e-02 -8.207271e-02 9.958423e-01
    outer loop
      vertex -4.474776e-02 2.702322e-02 -1.624060e-01
      vertex -6.038637e-02 2.908054e-02 -1.628571e-01
      vertex -4.687183e-02 2.257228e-02 -1.628571e-01
    endloop
  endfacet
  facet normal -9.021668e-01 4.313176e-01 -7.760874e-03
    outer loop
      vertex -4.474776e-02 2.702322e-02 -1.624060e-01
      vertex -4.687183e-02 2.257228e-02 -1.628571e-01
      vertex -4.491241e-02 2.675058e-02 -1.584187e-01
    endloop
  endfacet
  facet normal -9.050748e-01 4.252517e-01 -7.667384e-04
    outer loop
      vertex -4.491241e-02 2.675058e-02 -1.584187e-01
      vertex -4.687183e-02 2.257228e-02 -1.628571e-01
      vertex -4.701060e-02 2.228413e-02 -1.588699e-01
    endloop
  endfacet
  facet normal 8.973252e-01 -4.413164e-01 6.877267e-03
    outer loop
      vertex -5.758801e-02 3.477745e-02 -1.624060e-01
      vertex -5.775265e-02 3.450482e-02 -1.584187e-01
      vertex -6.038637e-02 2.908054e-02 -1.628571e-01
    endloop
  endfacet
  facet normal 8.996473e-01 -4.366173e-01 -2.435486e-04
    outer loop
      vertex -6.038637e-02 2.908054e-02 -1.628571e-01
      vertex -5.775265e-02 3.450482e-02 -1.584187e-01
      vertex -6.052513e-02 2.879239e-02 -1.588699e-01
    endloop
  endfacet
  facet normal 3.679700e-02 6.093218e-02 -9.974634e-01
    outer loop
      vertex -5.775265e-02 3.450482e-02 -1.584187e-01
      vertex -4.491241e-02 2.675058e-02 -1.584187e-01
      vertex -6.052513e-02 2.879239e-02 -1.588699e-01
    endloop
  endfacet
  facet normal 3.951153e-02 8.204653e-02 -9.958450e-01
    outer loop
      vertex -4.491241e-02 2.675058e-02 -1.584187e-01
      vertex -4.701060e-02 2.228413e-02 -1.588699e-01
      vertex -6.052513e-02 2.879239e-02 -1.588699e-01
    endloop
  endfacet
  facet normal -3.099191e-02 -6.435536e-02 9.974457e-01
    outer loop
      vertex -6.038637e-02 2.908054e-02 -1.628571e-01
      vertex -6.262553e-02 2.316682e-02 -1.633083e-01
      vertex -4.687183e-02 2.257228e-02 -1.628571e-01
    endloop
  endfacet
  facet normal -3.175580e-02 -8.584363e-02 9.958024e-01
    outer loop
      vertex -4.687183e-02 2.257228e-02 -1.628571e-01
      vertex -6.262553e-02 2.316682e-02 -1.633083e-01
      vertex -4.855726e-02 1.796260e-02 -1.633083e-01
    endloop
  endfacet
  facet normal -9.389159e-01 3.440579e-01 -7.812441e-03
    outer loop
      vertex -4.687183e-02 2.257228e-02 -1.628571e-01
      vertex -4.855726e-02 1.796260e-02 -1.633083e-01
      vertex -4.701060e-02 2.228413e-02 -1.588699e-01
    endloop
  endfacet
  facet normal -9.412578e-01 3.376878e-01 -7.938793e-04
    outer loop
      vertex -4.701060e-02 2.228413e-02 -1.588699e-01
      vertex -4.855726e-02 1.796260e-02 -1.633083e-01
      vertex -4.866869e-02 1.766138e-02 -1.593212e-01
    endloop
  endfacet
  facet normal 9.350086e-01 -3.545575e-01 6.917645e-03
    outer loop
      vertex -6.038637e-02 2.908054e-02 -1.628571e-01
      vertex -6.052513e-02 2.879239e-02 -1.588699e-01
      vertex -6.262553e-02 2.316682e-02 -1.633083e-01
    endloop
  endfacet
  facet normal 9.368911e-01 -3.496214e-01 -2.297362e-04
    outer loop
      vertex -6.262553e-02 2.316682e-02 -1.633083e-01
      vertex -6.052513e-02 2.879239e-02 -1.588699e-01
      vertex -6.273696e-02 2.286560e-02 -1.593212e-01
    endloop
  endfacet
  facet normal 3.099972e-02 6.437159e-02 -9.974444e-01
    outer loop
      vertex -6.052513e-02 2.879239e-02 -1.588699e-01
      vertex -4.701060e-02 2.228413e-02 -1.588699e-01
      vertex -6.273696e-02 2.286560e-02 -1.593212e-01
    endloop
  endfacet
  facet normal 3.174558e-02 8.581598e-02 -9.958051e-01
    outer loop
      vertex -4.701060e-02 2.228413e-02 -1.588699e-01
      vertex -4.866869e-02 1.766138e-02 -1.593212e-01
      vertex -6.273696e-02 2.286560e-02 -1.593212e-01
    endloop
  endfacet
  facet normal -2.487506e-02 -6.724330e-02 9.974265e-01
    outer loop
      vertex -6.262553e-02 2.316682e-02 -1.633083e-01
      vertex -6.428962e-02 1.709079e-02 -1.637594e-01
      vertex -4.855726e-02 1.796260e-02 -1.633083e-01
    endloop
  endfacet
  facet normal -2.362825e-02 -8.888129e-02 9.957619e-01
    outer loop
      vertex -4.855726e-02 1.796260e-02 -1.633083e-01
      vertex -6.428962e-02 1.709079e-02 -1.637594e-01
      vertex -4.979312e-02 1.323703e-02 -1.637594e-01
    endloop
  endfacet
  facet normal -9.672479e-01 2.537116e-01 -7.864623e-03
    outer loop
      vertex -4.855726e-02 1.796260e-02 -1.633083e-01
      vertex -4.979312e-02 1.323703e-02 -1.637594e-01
      vertex -4.866869e-02 1.766138e-02 -1.593212e-01
    endloop
  endfacet
  facet normal -9.689923e-01 2.470897e-01 -8.214965e-04
    outer loop
      vertex -4.866869e-02 1.766138e-02 -1.593212e-01
      vertex -4.979312e-02 1.323703e-02 -1.637594e-01
      vertex -4.987598e-02 1.292533e-02 -1.597724e-01
    endloop
  endfacet
  facet normal 9.643262e-01 -2.646252e-01 6.958448e-03
    outer loop
      vertex -6.262553e-02 2.316682e-02 -1.633083e-01
      vertex -6.273696e-02 2.286560e-02 -1.593212e-01
      vertex -6.428962e-02 1.709079e-02 -1.637594e-01
    endloop
  endfacet
  facet normal 9.657450e-01 -2.594930e-01 -2.156826e-04
    outer loop
      vertex -6.428962e-02 1.709079e-02 -1.637594e-01
      vertex -6.273696e-02 2.286560e-02 -1.593212e-01
      vertex -6.437248e-02 1.677909e-02 -1.597724e-01
    endloop
  endfacet
  facet normal 2.488138e-02 6.726041e-02 -9.974252e-01
    outer loop
      vertex -6.273696e-02 2.286560e-02 -1.593212e-01
      vertex -4.866869e-02 1.766138e-02 -1.593212e-01
      vertex -6.437248e-02 1.677909e-02 -1.597724e-01
    endloop
  endfacet
  facet normal 2.362057e-02 8.885238e-02 -9.957647e-01
    outer loop
      vertex -4.866869e-02 1.766138e-02 -1.593212e-01
      vertex -4.987598e-02 1.292533e-02 -1.597724e-01
      vertex -6.437248e-02 1.677909e-02 -1.597724e-01
    endloop
  endfacet
  facet normal -1.848944e-02 -6.955086e-02 9.974070e-01
    outer loop
      vertex -6.428962e-02 1.709079e-02 -1.637594e-01
      vertex -6.536807e-02 1.090800e-02 -1.642105e-01
      vertex -4.979312e-02 1.323703e-02 -1.637594e-01
    endloop
  endfacet
  facet normal -1.521050e-02 -9.115153e-02 9.957209e-01
    outer loop
      vertex -4.979312e-02 1.323703e-02 -1.637594e-01
      vertex -6.536807e-02 1.090800e-02 -1.642105e-01
      vertex -5.057265e-02 8.439082e-03 -1.642105e-01
    endloop
  endfacet
  facet normal -9.869082e-01 1.610883e-01 -7.917430e-03
    outer loop
      vertex -4.979312e-02 1.323703e-02 -1.637594e-01
      vertex -5.057265e-02 8.439082e-03 -1.642105e-01
      vertex -4.987598e-02 1.292533e-02 -1.597724e-01
    endloop
  endfacet
  facet normal -9.880283e-01 1.542703e-01 -8.495996e-04
    outer loop
      vertex -4.987598e-02 1.292533e-02 -1.597724e-01
      vertex -5.057265e-02 8.439082e-03 -1.642105e-01
      vertex -5.062596e-02 8.119606e-03 -1.602237e-01
    endloop
  endfacet
  facet normal 9.850154e-01 -1.723241e-01 6.999682e-03
    outer loop
      vertex -6.428962e-02 1.709079e-02 -1.637594e-01
      vertex -6.437248e-02 1.677909e-02 -1.597724e-01
      vertex -6.536807e-02 1.090800e-02 -1.642105e-01
    endloop
  endfacet
  facet normal 9.859502e-01 -1.670391e-01 -2.013832e-04
    outer loop
      vertex -6.536807e-02 1.090800e-02 -1.642105e-01
      vertex -6.437248e-02 1.677909e-02 -1.597724e-01
      vertex -6.542138e-02 1.058852e-02 -1.602237e-01
    endloop
  endfacet
  facet normal 1.849419e-02 6.956872e-02 -9.974057e-01
    outer loop
      vertex -6.437248e-02 1.677909e-02 -1.597724e-01
      vertex -4.987598e-02 1.292533e-02 -1.597724e-01
      vertex -6.542138e-02 1.058852e-02 -1.602237e-01
    endloop
  endfacet
  facet normal 1.520550e-02 9.112159e-02 -9.957237e-01
    outer loop
      vertex -4.987598e-02 1.292533e-02 -1.597724e-01
      vertex -5.062596e-02 8.119606e-03 -1.602237e-01
      vertex -6.542138e-02 1.058852e-02 -1.602237e-01
    endloop
  endfacet
  facet normal -1.189003e-02 -7.125307e-02 9.973874e-01
    outer loop
      vertex -6.536807e-02 1.090800e-02 -1.642105e-01
      vertex -6.585561e-02 4.674553e-03 -1.646617e-01
      vertex -5.057265e-02 8.439082e-03 -1.642105e-01
    endloop
  endfacet
  facet normal -6.574814e-03 -9.262670e-02 9.956792e-01
    outer loop
      vertex -5.057265e-02 8.439082e-03 -1.642105e-01
      vertex -6.585561e-02 4.674553e-03 -1.646617e-01
      vertex -5.089325e-02 3.612497e-03 -1.646617e-01
    endloop
  endfacet
  facet normal -9.977199e-01 6.701857e-02 -7.970872e-03
    outer loop
      vertex -5.057265e-02 8.439082e-03 -1.642105e-01
      vertex -5.089325e-02 3.612497e-03 -1.646617e-01
      vertex -5.062596e-02 8.119606e-03 -1.602237e-01
    endloop
  endfacet
  facet normal -9.981942e-01 6.006279e-02 -8.781988e-04
    outer loop
      vertex -5.062596e-02 8.119606e-03 -1.602237e-01
      vertex -5.089325e-02 3.612497e-03 -1.646617e-01
      vertex -5.091628e-02 3.288041e-03 -1.606749e-01
    endloop
  endfacet
  facet normal 9.968908e-01 -7.848002e-02 7.041354e-03
    outer loop
      vertex -6.536807e-02 1.090800e-02 -1.642105e-01
      vertex -6.542138e-02 1.058852e-02 -1.602237e-01
      vertex -6.585561e-02 4.674553e-03 -1.646617e-01
    endloop
  endfacet
  facet normal 9.973255e-01 -7.308772e-02 -1.868332e-04
    outer loop
      vertex -6.585561e-02 4.674553e-03 -1.646617e-01
      vertex -6.542138e-02 1.058852e-02 -1.602237e-01
      vertex -6.587864e-02 4.350097e-03 -1.606749e-01
    endloop
  endfacet
  facet normal 1.189311e-02 7.127152e-02 -9.973860e-01
    outer loop
      vertex -6.542138e-02 1.058852e-02 -1.602237e-01
      vertex -5.062596e-02 8.119606e-03 -1.602237e-01
      vertex -6.587864e-02 4.350097e-03 -1.606749e-01
    endloop
  endfacet
  facet normal 6.572633e-03 9.259597e-02 -9.956821e-01
    outer loop
      vertex -5.062596e-02 8.119606e-03 -1.602237e-01
      vertex -5.091628e-02 3.288041e-03 -1.606749e-01
      vertex -6.587864e-02 4.350097e-03 -1.606749e-01
    endloop
  endfacet
  facet normal -5.134127e-03 -7.233014e-02 9.973675e-01
    outer loop
      vertex -6.585561e-02 4.674553e-03 -1.646617e-01
      vertex -6.575233e-02 -1.553425e-03 -1.651128e-01
      vertex -5.089325e-02 3.612497e-03 -1.646617e-01
    endloop
  endfacet
  facet normal 2.203916e-03 -9.328591e-02 9.956369e-01
    outer loop
      vertex -5.089325e-02 3.612497e-03 -1.646617e-01
      vertex -6.575233e-02 -1.553425e-03 -1.651128e-01
      vertex -5.075651e-02 -1.199143e-03 -1.651128e-01
    endloop
  endfacet
  facet normal -9.995853e-01 -2.765439e-02 -8.024961e-03
    outer loop
      vertex -5.089325e-02 3.612497e-03 -1.646617e-01
      vertex -5.075651e-02 -1.199143e-03 -1.651128e-01
      vertex -5.091628e-02 3.288041e-03 -1.606749e-01
    endloop
  endfacet
  facet normal -9.993978e-01 -3.468716e-02 -9.073044e-04
    outer loop
      vertex -5.091628e-02 3.288041e-03 -1.606749e-01
      vertex -5.075651e-02 -1.199143e-03 -1.651128e-01
      vertex -5.074880e-02 -1.525713e-03 -1.611261e-01
    endloop
  endfacet
  facet normal 9.998458e-01 1.606732e-02 7.083471e-03
    outer loop
      vertex -6.585561e-02 4.674553e-03 -1.646617e-01
      vertex -6.587864e-02 4.350097e-03 -1.606749e-01
      vertex -6.575233e-02 -1.553425e-03 -1.651128e-01
    endloop
  endfacet
  facet normal 9.997684e-01 2.151988e-02 -1.720277e-04
    outer loop
      vertex -6.575233e-02 -1.553425e-03 -1.651128e-01
      vertex -6.587864e-02 4.350097e-03 -1.606749e-01
      vertex -6.574461e-02 -1.879995e-03 -1.611261e-01
    endloop
  endfacet
  facet normal 5.135469e-03 7.234905e-02 -9.973662e-01
    outer loop
      vertex -6.587864e-02 4.350097e-03 -1.606749e-01
      vertex -5.091628e-02 3.288041e-03 -1.606749e-01
      vertex -6.574461e-02 -1.879995e-03 -1.611261e-01
    endloop
  endfacet
  facet normal -2.203178e-03 9.325465e-02 -9.956399e-01
    outer loop
      vertex -5.091628e-02 3.288041e-03 -1.606749e-01
      vertex -5.074880e-02 -1.525713e-03 -1.611261e-01
      vertex -6.574461e-02 -1.879995e-03 -1.611261e-01
    endloop
  endfacet
  facet normal 1.719166e-03 -7.276773e-02 9.973474e-01
    outer loop
      vertex -6.575233e-02 -1.553425e-03 -1.651128e-01
      vertex -6.506362e-02 -7.720267e-03 -1.655639e-01
      vertex -5.075651e-02 -1.199143e-03 -1.651128e-01
    endloop
  endfacet
  facet normal 1.104880e-02 -9.311531e-02 9.955940e-01
    outer loop
      vertex -5.075651e-02 -1.199143e-03 -1.651128e-01
      vertex -6.506362e-02 -7.720267e-03 -1.655639e-01
      vertex -5.016811e-02 -5.952808e-03 -1.655639e-01
    endloop
  endfacet
  facet normal -9.924872e-01 -1.220816e-01 -8.079707e-03
    outer loop
      vertex -5.075651e-02 -1.199143e-03 -1.651128e-01
      vertex -5.016811e-02 -5.952808e-03 -1.655639e-01
      vertex -5.074880e-02 -1.525713e-03 -1.611261e-01
    endloop
  endfacet
  facet normal -9.916274e-01 -1.291289e-01 -9.369269e-04
    outer loop
      vertex -5.074880e-02 -1.525713e-03 -1.611261e-01
      vertex -5.016811e-02 -5.952808e-03 -1.655639e-01
      vertex -5.012946e-02 -6.278586e-03 -1.615774e-01
    endloop
  endfacet
  facet normal 9.938537e-01 1.104719e-01 7.126038e-03
    outer loop
      vertex -6.575233e-02 -1.553425e-03 -1.651128e-01
      vertex -6.574461e-02 -1.879995e-03 -1.611261e-01
      vertex -6.506362e-02 -7.720267e-03 -1.655639e-01
    endloop
  endfacet
  facet normal 9.932566e-01 1.159363e-01 -1.569619e-04
    outer loop
      vertex -6.506362e-02 -7.720267e-03 -1.655639e-01
      vertex -6.574461e-02 -1.879995e-03 -1.611261e-01
      vertex -6.502496e-02 -8.046045e-03 -1.615774e-01
    endloop
  endfacet
  facet normal -1.719619e-03 7.278692e-02 -9.973460e-01
    outer loop
      vertex -6.574461e-02 -1.879995e-03 -1.611261e-01
      vertex -5.074880e-02 -1.525713e-03 -1.611261e-01
      vertex -6.502496e-02 -8.046045e-03 -1.615774e-01
    endloop
  endfacet
  facet normal -1.104506e-02 9.308379e-02 -9.955970e-01
    outer loop
      vertex -5.074880e-02 -1.525713e-03 -1.611261e-01
      vertex -5.012946e-02 -6.278586e-03 -1.615774e-01
      vertex -6.502496e-02 -8.046045e-03 -1.615774e-01
    endloop
  endfacet
  facet normal 8.609416e-03 -7.255705e-02 9.973271e-01
    outer loop
      vertex -6.506362e-02 -7.720267e-03 -1.655639e-01
      vertex -6.380007e-02 -1.377128e-02 -1.660150e-01
      vertex -5.016811e-02 -5.952808e-03 -1.655639e-01
    endloop
  endfacet
  facet normal 1.988162e-02 -9.210828e-02 9.955505e-01
    outer loop
      vertex -5.016811e-02 -5.952808e-03 -1.655639e-01
      vertex -6.380007e-02 -1.377128e-02 -1.660150e-01
      vertex -4.913776e-02 -1.060641e-02 -1.660150e-01
    endloop
  endfacet
  facet normal -9.764884e-01 -2.154164e-01 -8.135122e-03
    outer loop
      vertex -5.016811e-02 -5.952808e-03 -1.655639e-01
      vertex -4.913776e-02 -1.060641e-02 -1.660150e-01
      vertex -5.012946e-02 -6.278586e-03 -1.615774e-01
    endloop
  endfacet
  facet normal -9.749518e-01 -2.224142e-01 -9.670772e-04
    outer loop
      vertex -5.012946e-02 -6.278586e-03 -1.615774e-01
      vertex -4.913776e-02 -1.060641e-02 -1.660150e-01
      vertex -4.906824e-02 -1.092847e-02 -1.620286e-01
    endloop
  endfacet
  facet normal 9.789678e-01 2.038890e-01 7.169063e-03
    outer loop
      vertex -6.506362e-02 -7.720267e-03 -1.655639e-01
      vertex -6.502496e-02 -8.046045e-03 -1.615774e-01
      vertex -6.380007e-02 -1.377128e-02 -1.660150e-01
    endloop
  endfacet
  facet normal 9.778481e-01 2.093159e-01 -1.416306e-04
    outer loop
      vertex -6.380007e-02 -1.377128e-02 -1.660150e-01
      vertex -6.502496e-02 -8.046045e-03 -1.615774e-01
      vertex -6.373056e-02 -1.409334e-02 -1.620286e-01
    endloop
  endfacet
  facet normal -8.611707e-03 7.257635e-02 -9.973257e-01
    outer loop
      vertex -6.502496e-02 -8.046045e-03 -1.615774e-01
      vertex -5.012946e-02 -6.278586e-03 -1.615774e-01
      vertex -6.373056e-02 -1.409334e-02 -1.620286e-01
    endloop
  endfacet
  facet normal -1.987482e-02 9.207679e-02 -9.955535e-01
    outer loop
      vertex -5.012946e-02 -6.278586e-03 -1.615774e-01
      vertex -4.906824e-02 -1.092847e-02 -1.620286e-01
      vertex -6.373056e-02 -1.409334e-02 -1.620286e-01
    endloop
  endfacet
  facet normal 1.547541e-02 -7.169500e-02 9.973065e-01
    outer loop
      vertex -6.380007e-02 -1.377128e-02 -1.660150e-01
      vertex -6.197737e-02 -1.965322e-02 -1.664662e-01
      vertex -4.913776e-02 -1.060641e-02 -1.660150e-01
    endloop
  endfacet
  facet normal 2.862349e-02 -9.026557e-02 9.955063e-01
    outer loop
      vertex -4.913776e-02 -1.060641e-02 -1.660150e-01
      vertex -6.197737e-02 -1.965322e-02 -1.664662e-01
      vertex -4.767904e-02 -1.511917e-02 -1.664662e-01
    endloop
  endfacet
  facet normal -9.517318e-01 -3.068215e-01 -8.191217e-03
    outer loop
      vertex -4.913776e-02 -1.060641e-02 -1.660150e-01
      vertex -4.767904e-02 -1.511917e-02 -1.664662e-01
      vertex -4.906824e-02 -1.092847e-02 -1.620286e-01
    endloop
  endfacet
  facet normal -9.495198e-01 -3.137054e-01 -9.977664e-04
    outer loop
      vertex -4.906824e-02 -1.092847e-02 -1.620286e-01
      vertex -4.767904e-02 -1.511917e-02 -1.664662e-01
      vertex -4.757902e-02 -1.543460e-02 -1.624799e-01
    endloop
  endfacet
  facet normal 9.553209e-01 2.954824e-01 7.212553e-03
    outer loop
      vertex -6.380007e-02 -1.377128e-02 -1.660150e-01
      vertex -6.373056e-02 -1.409334e-02 -1.620286e-01
      vertex -6.197737e-02 -1.965322e-02 -1.664662e-01
    endloop
  endfacet
  facet normal 9.536802e-01 3.008223e-01 -1.260287e-04
    outer loop
      vertex -6.197737e-02 -1.965322e-02 -1.664662e-01
      vertex -6.373056e-02 -1.409334e-02 -1.620286e-01
      vertex -6.187735e-02 -1.996864e-02 -1.624799e-01
    endloop
  endfacet
  facet normal -1.547956e-02 7.171426e-02 -9.973051e-01
    outer loop
      vertex -6.373056e-02 -1.409334e-02 -1.620286e-01
      vertex -4.906824e-02 -1.092847e-02 -1.620286e-01
      vertex -6.187735e-02 -1.996864e-02 -1.624799e-01
    endloop
  endfacet
  facet normal -2.861361e-02 9.023439e-02 -9.955094e-01
    outer loop
      vertex -4.906824e-02 -1.092847e-02 -1.620286e-01
      vertex -4.757902e-02 -1.543460e-02 -1.624799e-01
      vertex -6.187735e-02 -1.996864e-02 -1.624799e-01
    endloop
  endfacet
  facet normal 2.225566e-02 -7.018430e-02 9.972857e-01
    outer loop
      vertex -6.197737e-02 -1.965322e-02 -1.664662e-01
      vertex -5.961609e-02 -2.531476e-02 -1.669173e-01
      vertex -4.767904e-02 -1.511917e-02 -1.664662e-01
    endloop
  endfacet
  facet normal 3.719557e-02 -8.759531e-02 9.954615e-01
    outer loop
      vertex -4.767904e-02 -1.511917e-02 -1.664662e-01
      vertex -5.961609e-02 -2.531476e-02 -1.669173e-01
      vertex -4.580929e-02 -1.945199e-02 -1.669173e-01
    endloop
  endfacet
  facet normal -9.184388e-01 -3.954771e-01 -8.248005e-03
    outer loop
      vertex -4.767904e-02 -1.511917e-02 -1.664662e-01
      vertex -4.580929e-02 -1.945199e-02 -1.669173e-01
      vertex -4.757902e-02 -1.543460e-02 -1.624799e-01
    endloop
  endfacet
  facet normal -9.155590e-01 -4.021823e-01 -1.029006e-03
    outer loop
      vertex -4.757902e-02 -1.543460e-02 -1.624799e-01
      vertex -4.580929e-02 -1.945199e-02 -1.669173e-01
      vertex -4.567939e-02 -1.975789e-02 -1.629311e-01
    endloop
  endfacet
  facet normal 9.231245e-01 3.844326e-01 7.256515e-03
    outer loop
      vertex -6.197737e-02 -1.965322e-02 -1.664662e-01
      vertex -6.187735e-02 -1.996864e-02 -1.624799e-01
      vertex -5.961609e-02 -2.531476e-02 -1.669173e-01
    endloop
  endfacet
  facet normal 9.209691e-01 3.896355e-01 -1.101508e-04
    outer loop
      vertex -5.961609e-02 -2.531476e-02 -1.669173e-01
      vertex -6.187735e-02 -1.996864e-02 -1.624799e-01
      vertex -5.948620e-02 -2.562067e-02 -1.629311e-01
    endloop
  endfacet
  facet normal -2.226169e-02 7.020332e-02 -9.972843e-01
    outer loop
      vertex -6.187735e-02 -1.996864e-02 -1.624799e-01
      vertex -4.757902e-02 -1.543460e-02 -1.624799e-01
      vertex -5.948620e-02 -2.562067e-02 -1.629311e-01
    endloop
  endfacet
  facet normal -3.718259e-02 8.756475e-02 -9.954647e-01
    outer loop
      vertex -4.757902e-02 -1.543460e-02 -1.624799e-01
      vertex -4.567939e-02 -1.975789e-02 -1.629311e-01
      vertex -5.948620e-02 -2.562067e-02 -1.629311e-01
    endloop
  endfacet
  facet normal 2.888901e-02 -6.803341e-02 9.972647e-01
    outer loop
      vertex -5.961609e-02 -2.531476e-02 -1.669173e-01
      vertex -5.674149e-02 -3.070696e-02 -1.673684e-01
      vertex -4.580929e-02 -1.945199e-02 -1.669173e-01
    endloop
  endfacet
  facet normal 4.551973e-02 -8.411308e-02 9.954160e-01
    outer loop
      vertex -4.580929e-02 -1.945199e-02 -1.669173e-01
      vertex -5.674149e-02 -3.070696e-02 -1.673684e-01
      vertex -4.354938e-02 -2.356775e-02 -1.673684e-01
    endloop
  endfacet
  facet normal -8.769072e-01 -4.805879e-01 -8.305496e-03
    outer loop
      vertex -4.580929e-02 -1.945199e-02 -1.669173e-01
      vertex -4.354938e-02 -2.356775e-02 -1.673684e-01
      vertex -4.567939e-02 -1.975789e-02 -1.629311e-01
    endloop
  endfacet
  facet normal -8.733734e-01 -4.870500e-01 -1.060807e-03
    outer loop
      vertex -4.567939e-02 -1.975789e-02 -1.629311e-01
      vertex -4.354938e-02 -2.356775e-02 -1.673684e-01
      vertex -4.339051e-02 -2.386131e-02 -1.633824e-01
    endloop
  endfacet
  facet normal 8.826663e-01 4.699434e-01 7.300956e-03
    outer loop
      vertex -5.961609e-02 -2.531476e-02 -1.669173e-01
      vertex -5.948620e-02 -2.562067e-02 -1.629311e-01
      vertex -5.674149e-02 -3.070696e-02 -1.673684e-01
    endloop
  endfacet
  facet normal 8.800074e-01 4.749600e-01 -9.399160e-05
    outer loop
      vertex -5.674149e-02 -3.070696e-02 -1.673684e-01
      vertex -5.948620e-02 -2.562067e-02 -1.629311e-01
      vertex -5.658262e-02 -3.100052e-02 -1.633824e-01
    endloop
  endfacet
  facet normal -2.889691e-02 6.805202e-02 -9.972632e-01
    outer loop
      vertex -5.948620e-02 -2.562067e-02 -1.629311e-01
      vertex -4.567939e-02 -1.975789e-02 -1.629311e-01
      vertex -5.658262e-02 -3.100052e-02 -1.633824e-01
    endloop
  endfacet
  facet normal -4.550368e-02 8.408343e-02 -9.954192e-01
    outer loop
      vertex -4.567939e-02 -1.975789e-02 -1.629311e-01
      vertex -4.339051e-02 -2.386131e-02 -1.633824e-01
      vertex -5.658262e-02 -3.100052e-02 -1.633824e-01
    endloop
  endfacet
  facet normal 3.531510e-02 -6.525658e-02 9.972434e-01
    outer loop
      vertex -5.674149e-02 -3.070696e-02 -1.673684e-01
      vertex -5.338322e-02 -3.578364e-02 -1.678195e-01
      vertex -4.354938e-02 -2.356775e-02 -1.673684e-01
    endloop
  endfacet
  facet normal 5.351926e-02 -7.984181e-02 9.953698e-01
    outer loop
      vertex -4.354938e-02 -2.356775e-02 -1.673684e-01
      vertex -5.338322e-02 -3.578364e-02 -1.678195e-01
      vertex -4.092349e-02 -2.743168e-02 -1.678195e-01
    endloop
  endfacet
  facet normal -8.275090e-01 -5.613901e-01 -8.363705e-03
    outer loop
      vertex -4.354938e-02 -2.356775e-02 -1.673684e-01
      vertex -4.092349e-02 -2.743168e-02 -1.678195e-01
      vertex -4.339051e-02 -2.386131e-02 -1.633824e-01
    endloop
  endfacet
  facet normal -8.233411e-01 -5.675458e-01 -1.093183e-03
    outer loop
      vertex -4.339051e-02 -2.386131e-02 -1.633824e-01
      vertex -4.092349e-02 -2.743168e-02 -1.678195e-01
      vertex -4.073682e-02 -2.771016e-02 -1.638336e-01
    endloop
  endfacet
  facet normal 8.343082e-01 5.512494e-01 7.345883e-03
    outer loop
      vertex -5.674149e-02 -3.070696e-02 -1.673684e-01
      vertex -5.658262e-02 -3.100052e-02 -1.633824e-01
      vertex -5.338322e-02 -3.578364e-02 -1.678195e-01
    endloop
  endfacet
  facet normal 8.311615e-01 5.560311e-01 -7.754544e-05
    outer loop
      vertex -5.338322e-02 -3.578364e-02 -1.678195e-01
      vertex -5.658262e-02 -3.100052e-02 -1.633824e-01
      vertex -5.319655e-02 -3.606211e-02 -1.638336e-01
    endloop
  endfacet
  facet normal -3.532484e-02 6.527459e-02 -9.972419e-01
    outer loop
      vertex -5.658262e-02 -3.100052e-02 -1.633824e-01
      vertex -4.339051e-02 -2.386131e-02 -1.633824e-01
      vertex -5.319655e-02 -3.606211e-02 -1.638336e-01
    endloop
  endfacet
  facet normal -5.350020e-02 7.981338e-02 -9.953731e-01
    outer loop
      vertex -4.339051e-02 -2.386131e-02 -1.633824e-01
      vertex -4.073682e-02 -2.771016e-02 -1.638336e-01
      vertex -5.319655e-02 -3.606211e-02 -1.638336e-01
    endloop
  endfacet
  facet normal 4.147497e-02 -6.187374e-02 9.972219e-01
    outer loop
      vertex -5.338322e-02 -3.578364e-02 -1.678195e-01
      vertex -4.957507e-02 -4.050182e-02 -1.682707e-01
      vertex -4.092349e-02 -2.743168e-02 -1.678195e-01
    endloop
  endfacet
  facet normal 6.111959e-02 -7.481165e-02 9.953229e-01
    outer loop
      vertex -4.092349e-02 -2.743168e-02 -1.678195e-01
      vertex -4.957507e-02 -4.050182e-02 -1.682707e-01
      vertex -3.795887e-02 -3.101162e-02 -1.682707e-01
    endloop
  endfacet
  facet normal -7.706866e-01 -6.371587e-01 -8.422642e-03
    outer loop
      vertex -4.092349e-02 -2.743168e-02 -1.678195e-01
      vertex -3.795887e-02 -3.101162e-02 -1.682707e-01
      vertex -4.073682e-02 -2.771016e-02 -1.638336e-01
    endloop
  endfacet
  facet normal -7.659106e-01 -6.429461e-01 -1.126144e-03
    outer loop
      vertex -4.073682e-02 -2.771016e-02 -1.638336e-01
      vertex -3.795887e-02 -3.101162e-02 -1.682707e-01
      vertex -3.774583e-02 -3.127239e-02 -1.642849e-01
    endloop
  endfacet
  facet normal 7.784826e-01 6.276227e-01 7.391305e-03
    outer loop
      vertex -5.338322e-02 -3.578364e-02 -1.678195e-01
      vertex -5.319655e-02 -3.606211e-02 -1.638336e-01
      vertex -4.957507e-02 -4.050182e-02 -1.682707e-01
    endloop
  endfacet
  facet normal 7.748686e-01 6.321224e-01 -6.080668e-05
    outer loop
      vertex -4.957507e-02 -4.050182e-02 -1.682707e-01
      vertex -5.319655e-02 -3.606211e-02 -1.638336e-01
      vertex -4.936203e-02 -4.076259e-02 -1.642849e-01
    endloop
  endfacet
  facet normal -4.148652e-02 6.189097e-02 -9.972203e-01
    outer loop
      vertex -5.319655e-02 -3.606211e-02 -1.638336e-01
      vertex -4.073682e-02 -2.771016e-02 -1.638336e-01
      vertex -4.936203e-02 -4.076259e-02 -1.642849e-01
    endloop
  endfacet
  facet normal -6.109759e-02 7.478472e-02 -9.953262e-01
    outer loop
      vertex -4.073682e-02 -2.771016e-02 -1.638336e-01
      vertex -3.774583e-02 -3.127239e-02 -1.642849e-01
      vertex -4.936203e-02 -4.076259e-02 -1.642849e-01
    endloop
  endfacet
  facet normal 4.731156e-02 -5.791033e-02 9.972001e-01
    outer loop
      vertex -4.957507e-02 -4.050182e-02 -1.682707e-01
      vertex -4.535461e-02 -4.482209e-02 -1.687218e-01
      vertex -3.795887e-02 -3.101162e-02 -1.682707e-01
    endloop
  endfacet
  facet normal 6.824891e-02 -6.905976e-02 9.952753e-01
    outer loop
      vertex -3.795887e-02 -3.101162e-02 -1.682707e-01
      vertex -4.535461e-02 -4.482209e-02 -1.687218e-01
      vertex -3.468556e-02 -3.427830e-02 -1.687218e-01
    endloop
  endfacet
  facet normal -7.069492e-01 -7.072135e-01 -8.482321e-03
    outer loop
      vertex -3.795887e-02 -3.101162e-02 -1.682707e-01
      vertex -3.468556e-02 -3.427830e-02 -1.687218e-01
      vertex -3.774583e-02 -3.127239e-02 -1.642849e-01
    endloop
  endfacet
  facet normal -7.015969e-01 -7.125731e-01 -1.159705e-03
    outer loop
      vertex -3.774583e-02 -3.127239e-02 -1.642849e-01
      vertex -3.468556e-02 -3.427830e-02 -1.687218e-01
      vertex -3.444782e-02 -3.451887e-02 -1.647361e-01
    endloop
  endfacet
  facet normal 7.156889e-01 6.983796e-01 7.437228e-03
    outer loop
      vertex -4.957507e-02 -4.050182e-02 -1.682707e-01
      vertex -4.936203e-02 -4.076259e-02 -1.642849e-01
      vertex -4.535461e-02 -4.482209e-02 -1.687218e-01
    endloop
  endfacet
  facet normal 7.116325e-01 7.025519e-01 -4.376949e-05
    outer loop
      vertex -4.535461e-02 -4.482209e-02 -1.687218e-01
      vertex -4.936203e-02 -4.076259e-02 -1.642849e-01
      vertex -4.511687e-02 -4.506265e-02 -1.647361e-01
    endloop
  endfacet
  facet normal -4.732486e-02 5.792661e-02 -9.971985e-01
    outer loop
      vertex -4.936203e-02 -4.076259e-02 -1.642849e-01
      vertex -3.774583e-02 -3.127239e-02 -1.642849e-01
      vertex -4.511687e-02 -4.506265e-02 -1.647361e-01
    endloop
  endfacet
  facet normal -6.822409e-02 6.903465e-02 -9.952787e-01
    outer loop
      vertex -3.774583e-02 -3.127239e-02 -1.642849e-01
      vertex -3.444782e-02 -3.451887e-02 -1.647361e-01
      vertex -4.511687e-02 -4.506265e-02 -1.647361e-01
    endloop
  endfacet
  facet normal 5.277024e-02 -5.339719e-02 9.971780e-01
    outer loop
      vertex -4.535461e-02 -4.482209e-02 -1.687218e-01
      vertex -4.076279e-02 -4.870888e-02 -1.691729e-01
      vertex -3.468556e-02 -3.427830e-02 -1.687218e-01
    endloop
  endfacet
  facet normal 7.483888e-02 -6.263010e-02 9.952269e-01
    outer loop
      vertex -3.468556e-02 -3.427830e-02 -1.687218e-01
      vertex -4.076279e-02 -4.870888e-02 -1.691729e-01
      vertex -3.113607e-02 -3.720557e-02 -1.691729e-01
    endloop
  endfacet
  facet normal -6.368678e-01 -7.709257e-01 -8.542755e-03
    outer loop
      vertex -3.468556e-02 -3.427830e-02 -1.687218e-01
      vertex -3.113607e-02 -3.720557e-02 -1.691729e-01
      vertex -3.444782e-02 -3.451887e-02 -1.647361e-01
    endloop
  endfacet
  facet normal -6.309771e-01 -7.758005e-01 -1.193877e-03
    outer loop
      vertex -3.444782e-02 -3.451887e-02 -1.647361e-01
      vertex -3.113607e-02 -3.720557e-02 -1.691729e-01
      vertex -3.087554e-02 -3.742359e-02 -1.651874e-01
    endloop
  endfacet
  facet normal 6.464888e-01 7.628868e-01 7.483661e-03
    outer loop
      vertex -4.535461e-02 -4.482209e-02 -1.687218e-01
      vertex -4.511687e-02 -4.506265e-02 -1.647361e-01
      vertex -4.076279e-02 -4.870888e-02 -1.691729e-01
    endloop
  endfacet
  facet normal 6.420195e-01 7.666883e-01 -2.642791e-05
    outer loop
      vertex -4.076279e-02 -4.870888e-02 -1.691729e-01
      vertex -4.511687e-02 -4.506265e-02 -1.647361e-01
      vertex -4.050227e-02 -4.892690e-02 -1.651874e-01
    endloop
  endfacet
  facet normal -5.278522e-02 5.341235e-02 -9.971764e-01
    outer loop
      vertex -4.511687e-02 -4.506265e-02 -1.647361e-01
      vertex -3.444782e-02 -3.451887e-02 -1.647361e-01
      vertex -4.050227e-02 -4.892690e-02 -1.651874e-01
    endloop
  endfacet
  facet normal -7.481138e-02 6.260709e-02 -9.952304e-01
    outer loop
      vertex -3.444782e-02 -3.451887e-02 -1.647361e-01
      vertex -3.087554e-02 -3.742359e-02 -1.651874e-01
      vertex -4.050227e-02 -4.892690e-02 -1.651874e-01
    endloop
  endfacet
  facet normal 5.779933e-02 -4.837029e-02 9.971557e-01
    outer loop
      vertex -4.076279e-02 -4.870888e-02 -1.691729e-01
      vertex -3.584362e-02 -5.213080e-02 -1.696241e-01
      vertex -3.113607e-02 -3.720557e-02 -1.691729e-01
    endloop
  endfacet
  facet normal 8.082524e-02 -5.557308e-02 9.951778e-01
    outer loop
      vertex -3.113607e-02 -3.720557e-02 -1.691729e-01
      vertex -3.584362e-02 -5.213080e-02 -1.696241e-01
      vertex -2.734509e-02 -3.977058e-02 -1.696241e-01
    endloop
  endfacet
  facet normal -5.610708e-01 -8.277231e-01 -8.603958e-03
    outer loop
      vertex -3.113607e-02 -3.720557e-02 -1.691729e-01
      vertex -2.734509e-02 -3.977058e-02 -1.696241e-01
      vertex -3.087554e-02 -3.742359e-02 -1.651874e-01
    endloop
  endfacet
  facet normal -5.546851e-01 -8.320595e-01 -1.228674e-03
    outer loop
      vertex -3.087554e-02 -3.742359e-02 -1.651874e-01
      vertex -2.734509e-02 -3.977058e-02 -1.696241e-01
      vertex -2.706391e-02 -3.996392e-02 -1.656386e-01
    endloop
  endfacet
  facet normal 5.715015e-01 8.205664e-01 7.530611e-03
    outer loop
      vertex -4.076279e-02 -4.870888e-02 -1.691729e-01
      vertex -4.050227e-02 -4.892690e-02 -1.651874e-01
      vertex -3.584362e-02 -5.213080e-02 -1.696241e-01
    endloop
  endfacet
  facet normal 5.666529e-01 8.239566e-01 -8.775845e-06
    outer loop
      vertex -3.584362e-02 -5.213080e-02 -1.696241e-01
      vertex -4.050227e-02 -4.892690e-02 -1.651874e-01
      vertex -3.556243e-02 -5.232414e-02 -1.656386e-01
    endloop
  endfacet
  facet normal -5.781589e-02 4.838414e-02 -9.971541e-01
    outer loop
      vertex -4.050227e-02 -4.892690e-02 -1.651874e-01
      vertex -3.087554e-02 -3.742359e-02 -1.651874e-01
      vertex -3.556243e-02 -5.232414e-02 -1.656386e-01
    endloop
  endfacet
  facet normal -8.079523e-02 5.555244e-02 -9.951814e-01
    outer loop
      vertex -3.087554e-02 -3.742359e-02 -1.651874e-01
      vertex -2.706391e-02 -3.996392e-02 -1.656386e-01
      vertex -3.556243e-02 -5.232414e-02 -1.656386e-01
    endloop
  endfacet
  facet normal 6.235055e-02 -4.287042e-02 9.971332e-01
    outer loop
      vertex -3.584362e-02 -5.213080e-02 -1.696241e-01
      vertex -3.064367e-02 -5.506090e-02 -1.700752e-01
      vertex -2.734509e-02 -3.977058e-02 -1.696241e-01
    endloop
  endfacet
  facet normal 8.614844e-02 -4.794517e-02 9.951280e-01
    outer loop
      vertex -2.734509e-02 -3.977058e-02 -1.696241e-01
      vertex -3.064367e-02 -5.506090e-02 -1.700752e-01
      vertex -2.334915e-02 -4.195403e-02 -1.700752e-01
    endloop
  endfacet
  facet normal -4.802376e-01 -8.770956e-01 -8.665944e-03
    outer loop
      vertex -2.734509e-02 -3.977058e-02 -1.696241e-01
      vertex -2.334915e-02 -4.195403e-02 -1.700752e-01
      vertex -2.706391e-02 -3.996392e-02 -1.656386e-01
    endloop
  endfacet
  facet normal -4.734055e-01 -8.808437e-01 -1.264109e-03
    outer loop
      vertex -2.706391e-02 -3.996392e-02 -1.656386e-01
      vertex -2.334915e-02 -4.195403e-02 -1.700752e-01
      vertex -2.304964e-02 -4.212072e-02 -1.660899e-01
    endloop
  endfacet
  facet normal 4.913980e-01 8.709022e-01 7.578086e-03
    outer loop
      vertex -3.584362e-02 -5.213080e-02 -1.696241e-01
      vertex -3.556243e-02 -5.232414e-02 -1.656386e-01
      vertex -3.064367e-02 -5.506090e-02 -1.700752e-01
    endloop
  endfacet
  facet normal 4.862076e-01 8.738433e-01 9.192939e-06
    outer loop
      vertex -3.064367e-02 -5.506090e-02 -1.700752e-01
      vertex -3.556243e-02 -5.232414e-02 -1.656386e-01
      vertex -3.034416e-02 -5.522759e-02 -1.660899e-01
    endloop
  endfacet
  facet normal -6.236858e-02 4.288282e-02 -9.971315e-01
    outer loop
      vertex -3.556243e-02 -5.232414e-02 -1.656386e-01
      vertex -2.706391e-02 -3.996392e-02 -1.656386e-01
      vertex -3.034416e-02 -5.522759e-02 -1.660899e-01
    endloop
  endfacet
  facet normal -8.611611e-02 4.792717e-02 -9.951317e-01
    outer loop
      vertex -2.706391e-02 -3.996392e-02 -1.656386e-01
      vertex -2.304964e-02 -4.212072e-02 -1.660899e-01
      vertex -3.034416e-02 -5.522759e-02 -1.660899e-01
    endloop
  endfacet
  facet normal 6.637949e-02 -3.694293e-02 9.971103e-01
    outer loop
      vertex -3.064367e-02 -5.506090e-02 -1.700752e-01
      vertex -2.521167e-02 -5.747683e-02 -1.705263e-01
      vertex -2.334915e-02 -4.195403e-02 -1.700752e-01
    endloop
  endfacet
  facet normal 9.075418e-02 -3.980848e-02 9.950774e-01
    outer loop
      vertex -2.334915e-02 -4.195403e-02 -1.700752e-01
      vertex -2.521167e-02 -5.747683e-02 -1.705263e-01
      vertex -1.918624e-02 -4.374023e-02 -1.705263e-01
    endloop
  endfacet
  facet normal -3.950931e-01 -9.185996e-01 -8.728726e-03
    outer loop
      vertex -2.334915e-02 -4.195403e-02 -1.700752e-01
      vertex -1.918624e-02 -4.374023e-02 -1.705263e-01
      vertex -2.304964e-02 -4.212072e-02 -1.660899e-01
    endloop
  endfacet
  facet normal -3.878682e-01 -9.217139e-01 -1.300198e-03
    outer loop
      vertex -2.304964e-02 -4.212072e-02 -1.660899e-01
      vertex -1.918624e-02 -4.374023e-02 -1.705263e-01
      vertex -1.887093e-02 -4.387853e-02 -1.665412e-01
    endloop
  endfacet
  facet normal 4.068950e-01 9.134431e-01 7.626096e-03
    outer loop
      vertex -3.064367e-02 -5.506090e-02 -1.700752e-01
      vertex -3.034416e-02 -5.522759e-02 -1.660899e-01
      vertex -2.521167e-02 -5.747683e-02 -1.705263e-01
    endloop
  endfacet
  facet normal 4.014041e-01 9.159011e-01 2.748484e-05
    outer loop
      vertex -2.521167e-02 -5.747683e-02 -1.705263e-01
      vertex -3.034416e-02 -5.522759e-02 -1.660899e-01
      vertex -2.489636e-02 -5.761513e-02 -1.665412e-01
    endloop
  endfacet
  facet normal -6.639887e-02 3.695371e-02 -9.971086e-01
    outer loop
      vertex -3.034416e-02 -5.522759e-02 -1.660899e-01
      vertex -2.304964e-02 -4.212072e-02 -1.660899e-01
      vertex -2.489636e-02 -5.761513e-02 -1.665412e-01
    endloop
  endfacet
  facet normal -9.071976e-02 3.979338e-02 -9.950811e-01
    outer loop
      vertex -2.304964e-02 -4.212072e-02 -1.660899e-01
      vertex -1.887093e-02 -4.387853e-02 -1.665412e-01
      vertex -2.489636e-02 -5.761513e-02 -1.665412e-01
    endloop
  endfacet
  facet normal 6.984604e-02 -3.063731e-02 9.970872e-01
    outer loop
      vertex -2.521167e-02 -5.747683e-02 -1.705263e-01
      vertex -1.959809e-02 -5.936103e-02 -1.709774e-01
      vertex -1.918624e-02 -4.374023e-02 -1.705263e-01
    endloop
  endfacet
  facet normal 9.459397e-02 -3.123027e-02 9.950260e-01
    outer loop
      vertex -1.918624e-02 -4.374023e-02 -1.705263e-01
      vertex -1.959809e-02 -5.936103e-02 -1.709774e-01
      vertex -1.489549e-02 -4.511724e-02 -1.709774e-01
    endloop
  endfacet
  facet normal -3.064009e-01 -9.518620e-01 -8.792319e-03
    outer loop
      vertex -1.918624e-02 -4.374023e-02 -1.705263e-01
      vertex -1.489549e-02 -4.511724e-02 -1.709774e-01
      vertex -1.887093e-02 -4.387853e-02 -1.665412e-01
    endloop
  endfacet
  facet normal -2.988415e-01 -9.543018e-01 -1.336953e-03
    outer loop
      vertex -1.887093e-02 -4.387853e-02 -1.665412e-01
      vertex -1.489549e-02 -4.511724e-02 -1.709774e-01
      vertex -1.456706e-02 -4.522567e-02 -1.669924e-01
    endloop
  endfacet
  facet normal 3.187488e-01 9.478082e-01 7.674648e-03
    outer loop
      vertex -2.521167e-02 -5.747683e-02 -1.705263e-01
      vertex -2.489636e-02 -5.761513e-02 -1.665412e-01
      vertex -1.959809e-02 -5.936103e-02 -1.709774e-01
    endloop
  endfacet
  facet normal 3.130020e-01 9.497525e-01 4.610639e-05
    outer loop
      vertex -1.959809e-02 -5.936103e-02 -1.709774e-01
      vertex -2.489636e-02 -5.761513e-02 -1.665412e-01
      vertex -1.926965e-02 -5.946946e-02 -1.669924e-01
    endloop
  endfacet
  facet normal -6.986663e-02 3.064634e-02 -9.970855e-01
    outer loop
      vertex -2.489636e-02 -5.761513e-02 -1.665412e-01
      vertex -1.887093e-02 -4.387853e-02 -1.665412e-01
      vertex -1.926965e-02 -5.946946e-02 -1.669924e-01
    endloop
  endfacet
  facet normal -9.455771e-02 3.121829e-02 -9.950298e-01
    outer loop
      vertex -1.887093e-02 -4.387853e-02 -1.665412e-01
      vertex -1.456706e-02 -4.522567e-02 -1.669924e-01
      vertex -1.926965e-02 -5.946946e-02 -1.669924e-01
    endloop
  endfacet
  facet normal 7.271477e-02 -2.400683e-02 9.970638e-01
    outer loop
      vertex -1.959809e-02 -5.936103e-02 -1.709774e-01
      vertex -1.385458e-02 -6.070087e-02 -1.714286e-01
      vertex -1.489549e-02 -4.511724e-02 -1.709774e-01
    endloop
  endfacet
  facet normal 9.762560e-02 -2.228241e-02 9.949737e-01
    outer loop
      vertex -1.489549e-02 -4.511724e-02 -1.709774e-01
      vertex -1.385458e-02 -6.070087e-02 -1.714286e-01
      vertex -1.051676e-02 -4.607695e-02 -1.714286e-01
    endloop
  endfacet
  facet normal -2.149565e-01 -9.765835e-01 -8.856738e-03
    outer loop
      vertex -1.489549e-02 -4.511724e-02 -1.709774e-01
      vertex -1.051676e-02 -4.607695e-02 -1.714286e-01
      vertex -1.456706e-02 -4.522567e-02 -1.669924e-01
    endloop
  endfacet
  facet normal -2.071250e-01 -9.783135e-01 -1.374390e-03
    outer loop
      vertex -1.456706e-02 -4.522567e-02 -1.669924e-01
      vertex -1.051676e-02 -4.607695e-02 -1.714286e-01
      vertex -1.017804e-02 -4.615426e-02 -1.674437e-01
    endloop
  endfacet
  facet normal 2.277482e-01 9.736894e-01 7.723751e-03
    outer loop
      vertex -1.959809e-02 -5.936103e-02 -1.709774e-01
      vertex -1.926965e-02 -5.946946e-02 -1.669924e-01
      vertex -1.385458e-02 -6.070087e-02 -1.714286e-01
    endloop
  endfacet
  facet normal 2.217933e-01 9.750937e-01 6.506430e-05
    outer loop
      vertex -1.385458e-02 -6.070087e-02 -1.714286e-01
      vertex -1.926965e-02 -5.946946e-02 -1.669924e-01
      vertex -1.351585e-02 -6.077818e-02 -1.674437e-01
    endloop
  endfacet
  facet normal -7.273641e-02 2.401398e-02 -9.970621e-01
    outer loop
      vertex -1.926965e-02 -5.946946e-02 -1.669924e-01
      vertex -1.456706e-02 -4.522567e-02 -1.669924e-01
      vertex -1.351585e-02 -6.077818e-02 -1.674437e-01
    endloop
  endfacet
  facet normal -9.758777e-02 2.227377e-02 -9.949776e-01
    outer loop
      vertex -1.456706e-02 -4.522567e-02 -1.669924e-01
      vertex -1.017804e-02 -4.615426e-02 -1.674437e-01
      vertex -1.351585e-02 -6.077818e-02 -1.674437e-01
    endloop
  endfacet
  facet normal 7.495528e-02 -1.710805e-02 9.970401e-01
    outer loop
      vertex -1.385458e-02 -6.070087e-02 -1.714286e-01
      vertex -8.033582e-03 -6.148870e-02 -1.718797e-01
      vertex -1.051676e-02 -4.607695e-02 -1.714286e-01
    endloop
  endfacet
  facet normal 9.981358e-02 -1.304078e-02 9.949207e-01
    outer loop
      vertex -1.051676e-02 -4.607695e-02 -1.714286e-01
      vertex -8.033582e-03 -6.148870e-02 -1.718797e-01
      vertex -6.090327e-03 -4.661511e-02 -1.718797e-01
    endloop
  endfacet
  facet normal -1.215804e-01 -9.925415e-01 -8.921998e-03
    outer loop
      vertex -1.051676e-02 -4.607695e-02 -1.714286e-01
      vertex -6.090327e-03 -4.661511e-02 -1.718797e-01
      vertex -1.017804e-02 -4.615426e-02 -1.674437e-01
    endloop
  endfacet
  facet normal -1.135428e-01 -9.935321e-01 -1.412523e-03
    outer loop
      vertex -1.017804e-02 -4.615426e-02 -1.674437e-01
      vertex -6.090327e-03 -4.661511e-02 -1.718797e-01
      vertex -5.744244e-03 -4.666032e-02 -1.678950e-01
    endloop
  endfacet
  facet normal 1.347077e-01 9.908549e-01 7.773414e-03
    outer loop
      vertex -1.385458e-02 -6.070087e-02 -1.714286e-01
      vertex -1.351585e-02 -6.077818e-02 -1.674437e-01
      vertex -8.033582e-03 -6.148870e-02 -1.718797e-01
    endloop
  endfacet
  facet normal 1.285952e-01 9.916972e-01 8.436543e-05
    outer loop
      vertex -8.033582e-03 -6.148870e-02 -1.718797e-01
      vertex -1.351585e-02 -6.077818e-02 -1.674437e-01
      vertex -7.687499e-03 -6.153392e-02 -1.678950e-01
    endloop
  endfacet
  facet normal -7.497780e-02 1.711319e-02 -9.970383e-01
    outer loop
      vertex -1.351585e-02 -6.077818e-02 -1.674437e-01
      vertex -1.017804e-02 -4.615426e-02 -1.674437e-01
      vertex -7.687499e-03 -6.153392e-02 -1.678950e-01
    endloop
  endfacet
  facet normal -9.977448e-02 1.303567e-02 -9.949247e-01
    outer loop
      vertex -1.017804e-02 -4.615426e-02 -1.674437e-01
      vertex -5.744244e-03 -4.666032e-02 -1.678950e-01
      vertex -7.687499e-03 -6.153392e-02 -1.678950e-01
    endloop
  endfacet
  facet normal 7.654251e-02 -1.000038e-02 9.970162e-01
    outer loop
      vertex -8.033582e-03 -6.148870e-02 -1.718797e-01
      vertex -2.187814e-03 -6.172189e-02 -1.723308e-01
      vertex -6.090327e-03 -4.661511e-02 -1.718797e-01
    endloop
  endfacet
  facet normal 1.011295e-01 -3.584671e-03 9.948668e-01
    outer loop
      vertex -6.090327e-03 -4.661511e-02 -1.718797e-01
      vertex -2.187814e-03 -6.172189e-02 -1.723308e-01
      vertex -1.656453e-03 -4.673130e-02 -1.723308e-01
    endloop
  endfacet
  facet normal -2.711031e-02 -9.995920e-01 -8.988114e-03
    outer loop
      vertex -6.090327e-03 -4.661511e-02 -1.718797e-01
      vertex -1.656453e-03 -4.673130e-02 -1.723308e-01
      vertex -5.744244e-03 -4.666032e-02 -1.678950e-01
    endloop
  endfacet
  facet normal -1.893576e-02 -9.998196e-01 -1.451368e-03
    outer loop
      vertex -5.744244e-03 -4.666032e-02 -1.678950e-01
      vertex -1.656453e-03 -4.673130e-02 -1.723308e-01
      vertex -1.306049e-03 -4.674372e-02 -1.683462e-01
    endloop
  endfacet
  facet normal 4.046014e-02 9.991505e-01 7.823646e-03
    outer loop
      vertex -8.033582e-03 -6.148870e-02 -1.718797e-01
      vertex -7.687499e-03 -6.153392e-02 -1.678950e-01
      vertex -2.187814e-03 -6.172189e-02 -1.723308e-01
    endloop
  endfacet
  facet normal 3.424272e-02 9.994135e-01 1.040168e-04
    outer loop
      vertex -2.187814e-03 -6.172189e-02 -1.723308e-01
      vertex -7.687499e-03 -6.153392e-02 -1.678950e-01
      vertex -1.837411e-03 -6.173431e-02 -1.683462e-01
    endloop
  endfacet
  facet normal -7.656573e-02 1.000342e-02 -9.970144e-01
    outer loop
      vertex -7.687499e-03 -6.153392e-02 -1.678950e-01
      vertex -5.744244e-03 -4.666032e-02 -1.678950e-01
      vertex -1.837411e-03 -6.173431e-02 -1.683462e-01
    endloop
  endfacet
  facet normal -1.010895e-01 3.583251e-03 -9.948709e-01
    outer loop
      vertex -5.744244e-03 -4.666032e-02 -1.678950e-01
      vertex -1.306049e-03 -4.674372e-02 -1.683462e-01
      vertex -1.837411e-03 -6.173431e-02 -1.683462e-01
    endloop
  endfacet
  facet normal 7.745703e-02 -2.745567e-03 9.969919e-01
    outer loop
      vertex -2.187814e-03 -6.172189e-02 -1.723308e-01
      vertex 3.630210e-03 -6.140281e-02 -1.727820e-01
      vertex -1.656453e-03 -4.673130e-02 -1.723308e-01
    endloop
  endfacet
  facet normal 1.015525e-01 6.003908e-03 9.948121e-01
    outer loop
      vertex -1.656453e-03 -4.673130e-02 -1.723308e-01
      vertex 3.630210e-03 -6.140281e-02 -1.727820e-01
      vertex 2.744937e-03 -4.642895e-02 -1.727820e-01
    endloop
  endfacet
  facet normal 6.760597e-02 -9.976710e-01 -9.055102e-03
    outer loop
      vertex -1.656453e-03 -4.673130e-02 -1.723308e-01
      vertex 2.744937e-03 -4.642895e-02 -1.727820e-01
      vertex -1.306049e-03 -4.674372e-02 -1.683462e-01
    endloop
  endfacet
  facet normal 7.584561e-02 -9.971185e-01 -1.490942e-03
    outer loop
      vertex -1.306049e-03 -4.674372e-02 -1.683462e-01
      vertex 2.744937e-03 -4.642895e-02 -1.727820e-01
      vertex 3.096561e-03 -4.640817e-02 -1.687975e-01
    endloop
  endfacet
  facet normal -5.415084e-02 9.985017e-01 7.874455e-03
    outer loop
      vertex -2.187814e-03 -6.172189e-02 -1.723308e-01
      vertex -1.837411e-03 -6.173431e-02 -1.683462e-01
      vertex 3.630210e-03 -6.140281e-02 -1.727820e-01
    endloop
  endfacet
  facet normal -6.041863e-02 9.981731e-01 1.240256e-04
    outer loop
      vertex 3.630210e-03 -6.140281e-02 -1.727820e-01
      vertex -1.837411e-03 -6.173431e-02 -1.683462e-01
      vertex 3.981834e-03 -6.138202e-02 -1.687975e-01
    endloop
  endfacet
  facet normal -7.748075e-02 2.746408e-03 -9.969901e-01
    outer loop
      vertex -1.837411e-03 -6.173431e-02 -1.683462e-01
      vertex -1.306049e-03 -4.674372e-02 -1.683462e-01
      vertex 3.981834e-03 -6.138202e-02 -1.687975e-01
    endloop
  endfacet
  facet normal -1.015118e-01 -6.001505e-03 -9.948162e-01
    outer loop
      vertex -1.306049e-03 -4.674372e-02 -1.683462e-01
      vertex 3.096561e-03 -4.640817e-02 -1.687975e-01
      vertex 3.981834e-03 -6.138202e-02 -1.687975e-01
    endloop
  endfacet
  facet normal 7.768520e-02 4.592845e-03 9.969674e-01
    outer loop
      vertex 3.630210e-03 -6.140281e-02 -1.727820e-01
      vertex 9.368643e-03 -6.053877e-02 -1.732331e-01
      vertex 2.744937e-03 -4.642895e-02 -1.727820e-01
    endloop
  endfacet
  facet normal 1.010692e-01 1.564091e-02 9.947564e-01
    outer loop
      vertex 2.744937e-03 -4.642895e-02 -1.727820e-01
      vertex 9.368643e-03 -6.053877e-02 -1.732331e-01
      vertex 7.074633e-03 -4.571522e-02 -1.732331e-01
    endloop
  endfacet
  facet normal 1.617183e-01 -9.867948e-01 -9.122979e-03
    outer loop
      vertex 2.744937e-03 -4.642895e-02 -1.727820e-01
      vertex 7.074633e-03 -4.571522e-02 -1.732331e-01
      vertex 3.096561e-03 -4.640817e-02 -1.687975e-01
    endloop
  endfacet
  facet normal 1.699492e-01 -9.854516e-01 -1.531260e-03
    outer loop
      vertex 3.096561e-03 -4.640817e-02 -1.687975e-01
      vertex 7.074633e-03 -4.571522e-02 -1.732331e-01
      vertex 7.424338e-03 -4.566110e-02 -1.692488e-01
    endloop
  endfacet
  facet normal -1.482783e-01 9.889139e-01 7.925852e-03
    outer loop
      vertex 3.630210e-03 -6.140281e-02 -1.727820e-01
      vertex 3.981834e-03 -6.138202e-02 -1.687975e-01
      vertex 9.368643e-03 -6.053877e-02 -1.732331e-01
    endloop
  endfacet
  facet normal -1.545405e-01 9.879864e-01 1.443993e-04
    outer loop
      vertex 9.368643e-03 -6.053877e-02 -1.732331e-01
      vertex 3.981834e-03 -6.138202e-02 -1.687975e-01
      vertex 9.718347e-03 -6.048465e-02 -1.692488e-01
    endloop
  endfacet
  facet normal -7.770923e-02 -4.594265e-03 -9.969655e-01
    outer loop
      vertex 3.981834e-03 -6.138202e-02 -1.687975e-01
      vertex 3.096561e-03 -4.640817e-02 -1.687975e-01
      vertex 9.718347e-03 -6.048465e-02 -1.692488e-01
    endloop
  endfacet
  facet normal -1.010283e-01 -1.563457e-02 -9.947607e-01
    outer loop
      vertex 3.096561e-03 -4.640817e-02 -1.687975e-01
      vertex 7.424338e-03 -4.566110e-02 -1.692488e-01
      vertex 9.718347e-03 -6.048465e-02 -1.692488e-01
    endloop
  endfacet
  facet normal 7.721940e-02 1.195004e-02 9.969425e-01
    outer loop
      vertex 9.368643e-03 -6.053877e-02 -1.732331e-01
      vertex 1.497677e-02 -5.914192e-02 -1.736842e-01
      vertex 7.074633e-03 -4.571522e-02 -1.732331e-01
    endloop
  endfacet
  facet normal 9.967425e-02 2.524095e-02 9.946999e-01
    outer loop
      vertex 7.074633e-03 -4.571522e-02 -1.732331e-01
      vertex 1.497677e-02 -5.914192e-02 -1.736842e-01
      vertex 1.129449e-02 -4.460092e-02 -1.736842e-01
    endloop
  endfacet
  facet normal 2.543820e-01 -9.670601e-01 -9.191761e-03
    outer loop
      vertex 7.074633e-03 -4.571522e-02 -1.732331e-01
      vertex 1.129449e-02 -4.460092e-02 -1.736842e-01
      vertex 7.424338e-03 -4.566110e-02 -1.692488e-01
    endloop
  endfacet
  facet normal 2.625288e-01 -9.649229e-01 -1.572339e-03
    outer loop
      vertex 7.424338e-03 -4.566110e-02 -1.692488e-01
      vertex 1.129449e-02 -4.460092e-02 -1.736842e-01
      vertex 1.163912e-02 -4.451364e-02 -1.697000e-01
    endloop
  endfacet
  facet normal -2.410795e-01 9.704726e-01 7.977847e-03
    outer loop
      vertex 9.368643e-03 -6.053877e-02 -1.732331e-01
      vertex 9.718347e-03 -6.048465e-02 -1.692488e-01
      vertex 1.497677e-02 -5.914192e-02 -1.736842e-01
    endloop
  endfacet
  facet normal -2.472792e-01 9.689443e-01 1.651453e-04
    outer loop
      vertex 1.497677e-02 -5.914192e-02 -1.736842e-01
      vertex 9.718347e-03 -6.048465e-02 -1.692488e-01
      vertex 1.532140e-02 -5.905465e-02 -1.697000e-01
    endloop
  endfacet
  facet normal -7.724352e-02 -1.195378e-02 -9.969406e-01
    outer loop
      vertex 9.718347e-03 -6.048465e-02 -1.692488e-01
      vertex 7.424338e-03 -4.566110e-02 -1.692488e-01
      vertex 1.532140e-02 -5.905465e-02 -1.697000e-01
    endloop
  endfacet
  facet normal -9.963346e-02 -2.523062e-02 -9.947043e-01
    outer loop
      vertex 7.424338e-03 -4.566110e-02 -1.692488e-01
      vertex 1.163912e-02 -4.451364e-02 -1.697000e-01
      vertex 1.532140e-02 -5.905465e-02 -1.697000e-01
    endloop
  endfacet
  facet normal 7.605811e-02 1.926053e-02 9.969173e-01
    outer loop
      vertex 1.497677e-02 -5.914192e-02 -1.736842e-01
      vertex 2.040545e-02 -5.722910e-02 -1.741353e-01
      vertex 1.129449e-02 -4.460092e-02 -1.736842e-01
    endloop
  endfacet
  facet normal 9.737030e-02 3.471809e-02 9.946425e-01
    outer loop
      vertex 1.129449e-02 -4.460092e-02 -1.736842e-01
      vertex 2.040545e-02 -5.722910e-02 -1.741353e-01
      vertex 1.536774e-02 -4.310035e-02 -1.741353e-01
    endloop
  endfacet
  facet normal 3.447649e-01 -9.386434e-01 -9.261465e-03
    outer loop
      vertex 1.129449e-02 -4.460092e-02 -1.736842e-01
      vertex 1.536774e-02 -4.310035e-02 -1.741353e-01
      vertex 1.163912e-02 -4.451364e-02 -1.697000e-01
    endloop
  endfacet
  facet normal 3.527518e-01 -9.357155e-01 -1.614197e-03
    outer loop
      vertex 1.163912e-02 -4.451364e-02 -1.697000e-01
      vertex 1.536774e-02 -4.310035e-02 -1.741353e-01
      vertex 1.570417e-02 -4.298040e-02 -1.701513e-01
    endloop
  endfacet
  facet normal -3.317236e-01 9.433425e-01 8.030447e-03
    outer loop
      vertex 1.497677e-02 -5.914192e-02 -1.736842e-01
      vertex 1.532140e-02 -5.905465e-02 -1.697000e-01
      vertex 2.040545e-02 -5.722910e-02 -1.741353e-01
    endloop
  endfacet
  facet normal -3.378035e-01 9.412167e-01 1.862715e-04
    outer loop
      vertex 2.040545e-02 -5.722910e-02 -1.741353e-01
      vertex 1.532140e-02 -5.905465e-02 -1.697000e-01
      vertex 2.074188e-02 -5.710914e-02 -1.701513e-01
    endloop
  endfacet
  facet normal -7.608210e-02 -1.926661e-02 -9.969154e-01
    outer loop
      vertex 1.532140e-02 -5.905465e-02 -1.697000e-01
      vertex 1.163912e-02 -4.451364e-02 -1.697000e-01
      vertex 2.074188e-02 -5.710914e-02 -1.701513e-01
    endloop
  endfacet
  facet normal -9.733001e-02 -3.470372e-02 -9.946469e-01
    outer loop
      vertex 1.163912e-02 -4.451364e-02 -1.697000e-01
      vertex 1.570417e-02 -4.298040e-02 -1.701513e-01
      vertex 2.074188e-02 -5.710914e-02 -1.701513e-01
    endloop
  endfacet
  facet normal 7.420597e-02 2.645868e-02 9.968919e-01
    outer loop
      vertex 2.040545e-02 -5.722910e-02 -1.741353e-01
      vertex 2.560756e-02 -5.482165e-02 -1.745865e-01
      vertex 1.536774e-02 -4.310035e-02 -1.741353e-01
    endloop
  endfacet
  facet normal 9.416805e-02 4.398653e-02 9.945841e-01
    outer loop
      vertex 1.536774e-02 -4.310035e-02 -1.741353e-01
      vertex 2.560756e-02 -5.482165e-02 -1.745865e-01
      vertex 1.925937e-02 -4.123119e-02 -1.745865e-01
    endloop
  endfacet
  facet normal 4.320555e-01 -9.017987e-01 -9.332109e-03
    outer loop
      vertex 1.536774e-02 -4.310035e-02 -1.741353e-01
      vertex 1.925937e-02 -4.123119e-02 -1.745865e-01
      vertex 1.570417e-02 -4.298040e-02 -1.701513e-01
    endloop
  endfacet
  facet normal 4.398063e-01 -8.980911e-01 -1.656851e-03
    outer loop
      vertex 1.570417e-02 -4.298040e-02 -1.701513e-01
      vertex 1.925937e-02 -4.123119e-02 -1.745865e-01
      vertex 1.958449e-02 -4.107932e-02 -1.706026e-01
    endloop
  endfacet
  facet normal -4.193989e-01 9.077661e-01 8.083665e-03
    outer loop
      vertex 2.040545e-02 -5.722910e-02 -1.741353e-01
      vertex 2.074188e-02 -5.710914e-02 -1.701513e-01
      vertex 2.560756e-02 -5.482165e-02 -1.745865e-01
    endloop
  endfacet
  facet normal -4.253017e-01 9.050516e-01 2.077857e-04
    outer loop
      vertex 2.560756e-02 -5.482165e-02 -1.745865e-01
      vertex 2.074188e-02 -5.710914e-02 -1.701513e-01
      vertex 2.593268e-02 -5.466978e-02 -1.706026e-01
    endloop
  endfacet
  facet normal -7.422962e-02 -2.646711e-02 -9.968899e-01
    outer loop
      vertex 2.074188e-02 -5.710914e-02 -1.701513e-01
      vertex 1.570417e-02 -4.298040e-02 -1.701513e-01
      vertex 2.593268e-02 -5.466978e-02 -1.706026e-01
    endloop
  endfacet
  facet normal -9.412864e-02 -4.396812e-02 -9.945887e-01
    outer loop
      vertex 1.570417e-02 -4.298040e-02 -1.701513e-01
      vertex 1.958449e-02 -4.107932e-02 -1.706026e-01
      vertex 2.593268e-02 -5.466978e-02 -1.706026e-01
    endloop
  endfacet
  facet normal 7.167382e-02 3.347932e-02 9.968661e-01
    outer loop
      vertex 2.560756e-02 -5.482165e-02 -1.745865e-01
      vertex 3.053839e-02 -5.194516e-02 -1.750376e-01
      vertex 1.925937e-02 -4.123119e-02 -1.745865e-01
    endloop
  endfacet
  facet normal 9.008627e-02 5.296141e-02 9.945248e-01
    outer loop
      vertex 1.925937e-02 -4.123119e-02 -1.745865e-01
      vertex 3.053839e-02 -5.194516e-02 -1.750376e-01
      vertex 2.293634e-02 -3.901424e-02 -1.750376e-01
    endloop
  endfacet
  facet normal 5.154698e-01 -8.568561e-01 -9.403710e-03
    outer loop
      vertex 1.925937e-02 -4.123119e-02 -1.745865e-01
      vertex 2.293634e-02 -3.901424e-02 -1.750376e-01
      vertex 1.958449e-02 -4.107932e-02 -1.706026e-01
    endloop
  endfacet
  facet normal 5.229090e-01 -8.523868e-01 -1.700319e-03
    outer loop
      vertex 1.958449e-02 -4.107932e-02 -1.706026e-01
      vertex 2.293634e-02 -3.901424e-02 -1.750376e-01
      vertex 2.324714e-02 -3.883151e-02 -1.710539e-01
    endloop
  endfacet
  facet normal -5.033204e-01 8.640616e-01 8.137510e-03
    outer loop
      vertex 2.560756e-02 -5.482165e-02 -1.745865e-01
      vertex 2.593268e-02 -5.466978e-02 -1.706026e-01
      vertex 3.053839e-02 -5.194516e-02 -1.750376e-01
    endloop
  endfacet
  facet normal -5.089895e-01 8.607727e-01 2.296961e-04
    outer loop
      vertex 3.053839e-02 -5.194516e-02 -1.750376e-01
      vertex 2.593268e-02 -5.466978e-02 -1.706026e-01
      vertex 3.084919e-02 -5.176244e-02 -1.710539e-01
    endloop
  endfacet
  facet normal -7.169689e-02 -3.349010e-02 -9.968641e-01
    outer loop
      vertex 2.593268e-02 -5.466978e-02 -1.706026e-01
      vertex 1.958449e-02 -4.107932e-02 -1.706026e-01
      vertex 3.084919e-02 -5.176244e-02 -1.710539e-01
    endloop
  endfacet
  facet normal -9.004814e-02 -5.293900e-02 -9.945294e-01
    outer loop
      vertex 1.958449e-02 -4.107932e-02 -1.706026e-01
      vertex 2.324714e-02 -3.883151e-02 -1.710539e-01
      vertex 3.084919e-02 -5.176244e-02 -1.710539e-01
    endloop
  endfacet
  facet normal 6.847862e-02 4.025835e-02 9.968400e-01
    outer loop
      vertex 3.053839e-02 -5.194516e-02 -1.750376e-01
      vertex 3.515603e-02 -4.862927e-02 -1.754887e-01
      vertex 2.293634e-02 -3.901424e-02 -1.750376e-01
    endloop
  endfacet
  facet normal 8.515172e-02 6.155956e-02 9.944645e-01
    outer loop
      vertex 2.293634e-02 -3.901424e-02 -1.750376e-01
      vertex 3.515603e-02 -4.862927e-02 -1.754887e-01
      vertex 2.636794e-02 -3.647322e-02 -1.754887e-01
    endloop
  endfacet
  facet normal 5.942585e-01 -8.042183e-01 -9.476286e-03
    outer loop
      vertex 2.293634e-02 -3.901424e-02 -1.750376e-01
      vertex 2.636794e-02 -3.647322e-02 -1.754887e-01
      vertex 2.324714e-02 -3.883151e-02 -1.710539e-01
    endloop
  endfacet
  facet normal 6.013118e-01 -7.990126e-01 -1.744620e-03
    outer loop
      vertex 2.324714e-02 -3.883151e-02 -1.710539e-01
      vertex 2.636794e-02 -3.647322e-02 -1.754887e-01
      vertex 2.666150e-02 -3.626099e-02 -1.715052e-01
    endloop
  endfacet
  facet normal -5.827364e-01 8.126199e-01 8.191991e-03
    outer loop
      vertex 3.053839e-02 -5.194516e-02 -1.750376e-01
      vertex 3.084919e-02 -5.176244e-02 -1.710539e-01
      vertex 3.515603e-02 -4.862927e-02 -1.754887e-01
    endloop
  endfacet
  facet normal -5.881163e-01 8.087764e-01 2.520110e-04
    outer loop
      vertex 3.515603e-02 -4.862927e-02 -1.754887e-01
      vertex 3.084919e-02 -5.176244e-02 -1.710539e-01
      vertex 3.544959e-02 -4.841704e-02 -1.715052e-01
    endloop
  endfacet
  facet normal -6.850088e-02 -4.027144e-02 -9.968379e-01
    outer loop
      vertex 3.084919e-02 -5.176244e-02 -1.710539e-01
      vertex 2.324714e-02 -3.883151e-02 -1.710539e-01
      vertex 3.544959e-02 -4.841704e-02 -1.715052e-01
    endloop
  endfacet
  facet normal -8.511527e-02 -6.153321e-02 -9.944692e-01
    outer loop
      vertex 2.324714e-02 -3.883151e-02 -1.710539e-01
      vertex 2.666150e-02 -3.626099e-02 -1.715052e-01
      vertex 3.544959e-02 -4.841704e-02 -1.715052e-01
    endloop
  endfacet
  facet normal 6.464336e-02 4.673325e-02 9.968135e-01
    outer loop
      vertex 3.515603e-02 -4.862927e-02 -1.754887e-01
      vertex 3.942173e-02 -4.490727e-02 -1.759398e-01
      vertex 2.636794e-02 -3.647322e-02 -1.754887e-01
    endloop
  endfacet
  facet normal 7.939901e-02 6.970021e-02 9.944032e-01
    outer loop
      vertex 2.636794e-02 -3.647322e-02 -1.754887e-01
      vertex 3.942173e-02 -4.490727e-02 -1.759398e-01
      vertex 2.952600e-02 -3.363455e-02 -1.759398e-01
    endloop
  endfacet
  facet normal 6.677135e-01 -7.443571e-01 -9.549857e-03
    outer loop
      vertex 2.636794e-02 -3.647322e-02 -1.754887e-01
      vertex 2.952600e-02 -3.363455e-02 -1.759398e-01
      vertex 2.666150e-02 -3.626099e-02 -1.715052e-01
    endloop
  endfacet
  facet normal 6.743088e-01 -7.384474e-01 -1.789773e-03
    outer loop
      vertex 2.666150e-02 -3.626099e-02 -1.715052e-01
      vertex 2.952600e-02 -3.363455e-02 -1.759398e-01
      vertex 2.979953e-02 -3.339443e-02 -1.719564e-01
    endloop
  endfacet
  facet normal -6.569358e-01 7.539014e-01 8.247121e-03
    outer loop
      vertex 3.515603e-02 -4.862927e-02 -1.754887e-01
      vertex 3.544959e-02 -4.841704e-02 -1.715052e-01
      vertex 3.942173e-02 -4.490727e-02 -1.759398e-01
    endloop
  endfacet
  facet normal -6.619724e-01 7.495282e-01 2.747390e-04
    outer loop
      vertex 3.942173e-02 -4.490727e-02 -1.759398e-01
      vertex 3.544959e-02 -4.841704e-02 -1.715052e-01
      vertex 3.969526e-02 -4.466716e-02 -1.719564e-01
    endloop
  endfacet
  facet normal -6.466458e-02 -4.674860e-02 -9.968114e-01
    outer loop
      vertex 3.544959e-02 -4.841704e-02 -1.715052e-01
      vertex 2.666150e-02 -3.626099e-02 -1.715052e-01
      vertex 3.969526e-02 -4.466716e-02 -1.719564e-01
    endloop
  endfacet
  facet normal -7.936463e-02 -6.967004e-02 -9.944080e-01
    outer loop
      vertex 2.666150e-02 -3.626099e-02 -1.715052e-01
      vertex 2.979953e-02 -3.339443e-02 -1.719564e-01
      vertex 3.969526e-02 -4.466716e-02 -1.719564e-01
    endloop
  endfacet
  facet normal 6.019692e-02 5.284371e-02 9.967868e-01
    outer loop
      vertex 3.942173e-02 -4.490727e-02 -1.759398e-01
      vertex 4.330024e-02 -4.081588e-02 -1.763910e-01
      vertex 2.952600e-02 -3.363455e-02 -1.759398e-01
    endloop
  endfacet
  facet normal 7.287036e-02 7.730578e-02 9.943409e-01
    outer loop
      vertex 2.952600e-02 -3.363455e-02 -1.759398e-01
      vertex 4.330024e-02 -4.081588e-02 -1.763910e-01
      vertex 3.238513e-02 -3.052703e-02 -1.763910e-01
    endloop
  endfacet
  facet normal 7.351748e-01 -6.778092e-01 -9.624441e-03
    outer loop
      vertex 2.952600e-02 -3.363455e-02 -1.759398e-01
      vertex 3.238513e-02 -3.052703e-02 -1.763910e-01
      vertex 2.979953e-02 -3.339443e-02 -1.719564e-01
    endloop
  endfacet
  facet normal 7.412423e-01 -6.712350e-01 -1.835799e-03
    outer loop
      vertex 2.979953e-02 -3.339443e-02 -1.719564e-01
      vertex 3.238513e-02 -3.052703e-02 -1.763910e-01
      vertex 3.263598e-02 -3.026091e-02 -1.724077e-01
    endloop
  endfacet
  facet normal -7.252539e-01 6.884314e-01 8.302910e-03
    outer loop
      vertex 3.942173e-02 -4.490727e-02 -1.759398e-01
      vertex 3.969526e-02 -4.466716e-02 -1.719564e-01
      vertex 4.330024e-02 -4.081588e-02 -1.763910e-01
    endloop
  endfacet
  facet normal -7.298954e-01 6.835588e-01 2.978888e-04
    outer loop
      vertex 4.330024e-02 -4.081588e-02 -1.763910e-01
      vertex 3.969526e-02 -4.466716e-02 -1.719564e-01
      vertex 4.355108e-02 -4.054977e-02 -1.724077e-01
    endloop
  endfacet
  facet normal -6.021689e-02 -5.286124e-02 -9.967846e-01
    outer loop
      vertex 3.969526e-02 -4.466716e-02 -1.719564e-01
      vertex 2.979953e-02 -3.339443e-02 -1.719564e-01
      vertex 4.355108e-02 -4.054977e-02 -1.724077e-01
    endloop
  endfacet
  facet normal -7.283844e-02 -7.727193e-02 -9.943458e-01
    outer loop
      vertex 2.979953e-02 -3.339443e-02 -1.719564e-01
      vertex 3.263598e-02 -3.026091e-02 -1.724077e-01
      vertex 4.355108e-02 -4.054977e-02 -1.724077e-01
    endloop
  endfacet
  facet normal 5.517385e-02 5.853214e-02 9.967597e-01
    outer loop
      vertex 4.330024e-02 -4.081588e-02 -1.763910e-01
      vertex 4.676004e-02 -3.639480e-02 -1.768421e-01
      vertex 3.238513e-02 -3.052703e-02 -1.763910e-01
    endloop
  endfacet
  facet normal 6.561532e-02 8.430256e-02 9.942775e-01
    outer loop
      vertex 3.238513e-02 -3.052703e-02 -1.763910e-01
      vertex 4.676004e-02 -3.639480e-02 -1.768421e-01
      vertex 3.492293e-02 -2.718161e-02 -1.768421e-01
    endloop
  endfacet
  facet normal 7.960359e-01 -6.051717e-01 -9.700059e-03
    outer loop
      vertex 3.238513e-02 -3.052703e-02 -1.763910e-01
      vertex 3.492293e-02 -2.718161e-02 -1.768421e-01
      vertex 3.263598e-02 -3.026091e-02 -1.724077e-01
    endloop
  endfacet
  facet normal 8.015093e-01 -5.979793e-01 -1.882716e-03
    outer loop
      vertex 3.263598e-02 -3.026091e-02 -1.724077e-01
      vertex 3.492293e-02 -2.718161e-02 -1.768421e-01
      vertex 3.514863e-02 -2.689163e-02 -1.728590e-01
    endloop
  endfacet
  facet normal -7.870787e-01 6.167960e-01 8.359369e-03
    outer loop
      vertex 4.330024e-02 -4.081588e-02 -1.763910e-01
      vertex 4.355108e-02 -4.054977e-02 -1.724077e-01
      vertex 4.676004e-02 -3.639480e-02 -1.768421e-01
    endloop
  endfacet
  facet normal -7.912759e-01 6.114592e-01 3.214694e-04
    outer loop
      vertex 4.676004e-02 -3.639480e-02 -1.768421e-01
      vertex 4.355108e-02 -4.054977e-02 -1.724077e-01
      vertex 4.698574e-02 -3.610482e-02 -1.728590e-01
    endloop
  endfacet
  facet normal -5.519234e-02 -5.855176e-02 -9.967575e-01
    outer loop
      vertex 4.355108e-02 -4.054977e-02 -1.724077e-01
      vertex 3.263598e-02 -3.026091e-02 -1.724077e-01
      vertex 4.698574e-02 -3.610482e-02 -1.728590e-01
    endloop
  endfacet
  facet normal -6.558625e-02 -8.426521e-02 -9.942826e-01
    outer loop
      vertex 3.263598e-02 -3.026091e-02 -1.724077e-01
      vertex 3.514863e-02 -2.689163e-02 -1.728590e-01
      vertex 4.698574e-02 -3.610482e-02 -1.728590e-01
    endloop
  endfacet
  facet normal 4.961413e-02 6.374423e-02 9.967322e-01
    outer loop
      vertex 4.676004e-02 -3.639480e-02 -1.768421e-01
      vertex 4.977366e-02 -3.168637e-02 -1.772932e-01
      vertex 3.492293e-02 -2.718161e-02 -1.768421e-01
    endloop
  endfacet
  facet normal 5.769042e-02 9.062141e-02 9.942130e-01
    outer loop
      vertex 3.492293e-02 -2.718161e-02 -1.768421e-01
      vertex 4.977366e-02 -3.168637e-02 -1.772932e-01
      vertex 3.712015e-02 -2.363103e-02 -1.772932e-01
    endloop
  endfacet
  facet normal 8.497494e-01 -5.270961e-01 -9.776729e-03
    outer loop
      vertex 3.492293e-02 -2.718161e-02 -1.768421e-01
      vertex 3.712015e-02 -2.363103e-02 -1.772932e-01
      vertex 3.514863e-02 -2.689163e-02 -1.728590e-01
    endloop
  endfacet
  facet normal 8.545665e-01 -5.193384e-01 -1.930547e-03
    outer loop
      vertex 3.514863e-02 -2.689163e-02 -1.728590e-01
      vertex 3.712015e-02 -2.363103e-02 -1.772932e-01
      vertex 3.731844e-02 -2.331955e-02 -1.733103e-01
    endloop
  endfacet
  facet normal -8.418562e-01 5.396362e-01 8.416508e-03
    outer loop
      vertex 4.676004e-02 -3.639480e-02 -1.768421e-01
      vertex 4.698574e-02 -3.610482e-02 -1.728590e-01
      vertex 4.977366e-02 -3.168637e-02 -1.772932e-01
    endloop
  endfacet
  facet normal -8.455631e-01 5.338753e-01 3.454900e-04
    outer loop
      vertex 4.977366e-02 -3.168637e-02 -1.772932e-01
      vertex 4.698574e-02 -3.610482e-02 -1.728590e-01
      vertex 4.997195e-02 -3.137489e-02 -1.733103e-01
    endloop
  endfacet
  facet normal -4.963093e-02 -6.376582e-02 -9.967300e-01
    outer loop
      vertex 4.698574e-02 -3.610482e-02 -1.728590e-01
      vertex 3.514863e-02 -2.689163e-02 -1.728590e-01
      vertex 4.997195e-02 -3.137489e-02 -1.733103e-01
    endloop
  endfacet
  facet normal -5.766456e-02 -9.058080e-02 -9.942182e-01
    outer loop
      vertex 3.514863e-02 -2.689163e-02 -1.728590e-01
      vertex 3.731844e-02 -2.331955e-02 -1.733103e-01
      vertex 4.997195e-02 -3.137489e-02 -1.733103e-01
    endloop
  endfacet
  facet normal 4.356281e-02 6.842945e-02 9.967044e-01
    outer loop
      vertex 4.977366e-02 -3.168637e-02 -1.772932e-01
      vertex 5.231789e-02 -2.673517e-02 -1.777444e-01
      vertex 3.712015e-02 -2.363103e-02 -1.772932e-01
    endloop
  endfacet
  facet normal 4.915874e-02 9.619842e-02 9.941475e-01
    outer loop
      vertex 3.712015e-02 -2.363103e-02 -1.772932e-01
      vertex 5.231789e-02 -2.673517e-02 -1.777444e-01
      vertex 3.896084e-02 -1.990954e-02 -1.777444e-01
    endloop
  endfacet
  facet normal 8.958322e-01 -4.442832e-01 -9.854474e-03
    outer loop
      vertex 3.712015e-02 -2.363103e-02 -1.772932e-01
      vertex 3.896084e-02 -1.990954e-02 -1.777444e-01
      vertex 3.731844e-02 -2.331955e-02 -1.733103e-01
    endloop
  endfacet
  facet normal 8.999352e-01 -4.360193e-01 -1.979312e-03
    outer loop
      vertex 3.731844e-02 -2.331955e-02 -1.733103e-01
      vertex 3.896084e-02 -1.990954e-02 -1.777444e-01
      vertex 3.912967e-02 -1.957915e-02 -1.737616e-01
    endloop
  endfacet
  facet normal -8.890957e-01 4.576428e-01 8.474341e-03
    outer loop
      vertex 4.977366e-02 -3.168637e-02 -1.772932e-01
      vertex 4.997195e-02 -3.137489e-02 -1.733103e-01
      vertex 5.231789e-02 -2.673517e-02 -1.777444e-01
    endloop
  endfacet
  facet normal -8.922697e-01 4.515026e-01 3.699600e-04
    outer loop
      vertex 5.231789e-02 -2.673517e-02 -1.777444e-01
      vertex 4.997195e-02 -3.137489e-02 -1.733103e-01
      vertex 5.248672e-02 -2.640479e-02 -1.737616e-01
    endloop
  endfacet
  facet normal -4.357771e-02 -6.845286e-02 -9.967022e-01
    outer loop
      vertex 4.997195e-02 -3.137489e-02 -1.733103e-01
      vertex 3.731844e-02 -2.331955e-02 -1.733103e-01
      vertex 5.248672e-02 -2.640479e-02 -1.737616e-01
    endloop
  endfacet
  facet normal -4.913645e-02 -9.615481e-02 -9.941528e-01
    outer loop
      vertex 3.731844e-02 -2.331955e-02 -1.733103e-01
      vertex 3.912967e-02 -1.957915e-02 -1.737616e-01
      vertex 5.248672e-02 -2.640479e-02 -1.737616e-01
    endloop
  endfacet
  facet normal 3.706972e-02 7.254150e-02 9.966763e-01
    outer loop
      vertex 5.231789e-02 -2.673517e-02 -1.777444e-01
      vertex 5.437388e-02 -2.158759e-02 -1.781955e-01
      vertex 3.896084e-02 -1.990954e-02 -1.777444e-01
    endloop
  endfacet
  facet normal 4.008945e-02 1.009755e-01 9.940809e-01
    outer loop
      vertex 3.896084e-02 -1.990954e-02 -1.777444e-01
      vertex 5.437388e-02 -2.158759e-02 -1.781955e-01
      vertex 4.043246e-02 -1.605255e-02 -1.781955e-01
    endloop
  endfacet
  facet normal 9.338694e-01 -3.574763e-01 -9.933314e-03
    outer loop
      vertex 3.896084e-02 -1.990954e-02 -1.777444e-01
      vertex 4.043246e-02 -1.605255e-02 -1.781955e-01
      vertex 3.912967e-02 -1.957915e-02 -1.737616e-01
    endloop
  endfacet
  facet normal 9.372058e-01 -3.487710e-01 -2.029034e-03
    outer loop
      vertex 3.912967e-02 -1.957915e-02 -1.737616e-01
      vertex 4.043246e-02 -1.605255e-02 -1.781955e-01
      vertex 4.057004e-02 -1.570603e-02 -1.742129e-01
    endloop
  endfacet
  facet normal -9.283738e-01 3.715499e-01 8.532878e-03
    outer loop
      vertex 5.231789e-02 -2.673517e-02 -1.777444e-01
      vertex 5.248672e-02 -2.640479e-02 -1.737616e-01
      vertex 5.437388e-02 -2.158759e-02 -1.781955e-01
    endloop
  endfacet
  facet normal -9.309764e-01 3.650791e-01 3.948892e-04
    outer loop
      vertex 5.437388e-02 -2.158759e-02 -1.781955e-01
      vertex 5.248672e-02 -2.640479e-02 -1.737616e-01
      vertex 5.451146e-02 -2.124107e-02 -1.742129e-01
    endloop
  endfacet
  facet normal -3.708254e-02 -7.256658e-02 -9.966740e-01
    outer loop
      vertex 5.248672e-02 -2.640479e-02 -1.737616e-01
      vertex 3.912967e-02 -1.957915e-02 -1.737616e-01
      vertex 5.451146e-02 -2.124107e-02 -1.742129e-01
    endloop
  endfacet
  facet normal -4.007106e-02 -1.009292e-01 -9.940863e-01
    outer loop
      vertex 3.912967e-02 -1.957915e-02 -1.737616e-01
      vertex 4.057004e-02 -1.570603e-02 -1.742129e-01
      vertex 5.451146e-02 -2.124107e-02 -1.742129e-01
    endloop
  endfacet
  facet normal 3.018904e-02 7.603882e-02 9.966477e-01
    outer loop
      vertex 5.437388e-02 -2.158759e-02 -1.781955e-01
      vertex 5.592738e-02 -1.629139e-02 -1.786466e-01
      vertex 4.043246e-02 -1.605255e-02 -1.781955e-01
    endloop
  endfacet
  facet normal 3.055722e-02 1.049011e-01 9.940131e-01
    outer loop
      vertex 4.043246e-02 -1.605255e-02 -1.781955e-01
      vertex 5.592738e-02 -1.629139e-02 -1.786466e-01
      vertex 4.152595e-02 -1.209632e-02 -1.786466e-01
    endloop
  endfacet
  facet normal 9.635184e-01 -2.674547e-01 -1.001327e-02
    outer loop
      vertex 4.043246e-02 -1.605255e-02 -1.781955e-01
      vertex 4.152595e-02 -1.209632e-02 -1.786466e-01
      vertex 4.057004e-02 -1.570603e-02 -1.742129e-01
    endloop
  endfacet
  facet normal 9.660416e-01 -2.583783e-01 -2.079736e-03
    outer loop
      vertex 4.057004e-02 -1.570603e-02 -1.742129e-01
      vertex 4.152595e-02 -1.209632e-02 -1.786466e-01
      vertex 4.163073e-02 -1.173661e-02 -1.746642e-01
    endloop
  endfacet
  facet normal -9.593382e-01 2.821282e-01 8.592132e-03
    outer loop
      vertex 5.437388e-02 -2.158759e-02 -1.781955e-01
      vertex 5.451146e-02 -2.124107e-02 -1.742129e-01
      vertex 5.592738e-02 -1.629139e-02 -1.786466e-01
    endloop
  endfacet
  facet normal -9.613355e-01 2.753796e-01 4.202875e-04
    outer loop
      vertex 5.592738e-02 -1.629139e-02 -1.786466e-01
      vertex 5.451146e-02 -2.124107e-02 -1.742129e-01
      vertex 5.603216e-02 -1.593168e-02 -1.746642e-01
    endloop
  endfacet
  facet normal -3.019958e-02 -7.606538e-02 -9.966454e-01
    outer loop
      vertex 5.451146e-02 -2.124107e-02 -1.742129e-01
      vertex 4.057004e-02 -1.570603e-02 -1.742129e-01
      vertex 5.603216e-02 -1.593168e-02 -1.746642e-01
    endloop
  endfacet
  facet normal -3.054303e-02 -1.048524e-01 -9.940187e-01
    outer loop
      vertex 4.057004e-02 -1.570603e-02 -1.742129e-01
      vertex 4.163073e-02 -1.173661e-02 -1.746642e-01
      vertex 5.603216e-02 -1.593168e-02 -1.746642e-01
    endloop
  endfacet
  facet normal 2.297882e-02 7.888493e-02 9.966189e-01
    outer loop
      vertex 5.592738e-02 -1.629139e-02 -1.786466e-01
      vertex 5.696875e-02 -1.089527e-02 -1.790977e-01
      vertex 4.152595e-02 -1.209632e-02 -1.786466e-01
    endloop
  endfacet
  facet normal 2.064169e-02 1.079305e-01 9.939441e-01
    outer loop
      vertex 4.152595e-02 -1.209632e-02 -1.786466e-01
      vertex 5.696875e-02 -1.089527e-02 -1.790977e-01
      vertex 4.223577e-02 -8.077585e-03 -1.790977e-01
    endloop
  endfacet
  facet normal 9.845119e-01 -1.750267e-01 -1.009437e-02
    outer loop
      vertex 4.152595e-02 -1.209632e-02 -1.786466e-01
      vertex 4.223577e-02 -8.077585e-03 -1.790977e-01
      vertex 4.163073e-02 -1.173661e-02 -1.746642e-01
    endloop
  endfacet
  facet normal 9.861816e-01 -1.656543e-01 -2.131440e-03
    outer loop
      vertex 4.163073e-02 -1.173661e-02 -1.746642e-01
      vertex 4.223577e-02 -8.077585e-03 -1.790977e-01
      vertex 4.230650e-02 -7.707786e-03 -1.751155e-01
    endloop
  endfacet
  facet normal -9.817114e-01 1.901784e-01 8.652115e-03
    outer loop
      vertex 5.592738e-02 -1.629139e-02 -1.786466e-01
      vertex 5.603216e-02 -1.593168e-02 -1.746642e-01
      vertex 5.696875e-02 -1.089527e-02 -1.790977e-01
    endloop
  endfacet
  facet normal -9.830740e-01 1.832082e-01 4.461650e-04
    outer loop
      vertex 5.696875e-02 -1.089527e-02 -1.790977e-01
      vertex 5.603216e-02 -1.593168e-02 -1.746642e-01
      vertex 5.703947e-02 -1.052547e-02 -1.751155e-01
    endloop
  endfacet
  facet normal -2.298693e-02 -7.891277e-02 -9.966165e-01
    outer loop
      vertex 5.603216e-02 -1.593168e-02 -1.746642e-01
      vertex 4.163073e-02 -1.173661e-02 -1.746642e-01
      vertex 5.703947e-02 -1.052547e-02 -1.751155e-01
    endloop
  endfacet
  facet normal -2.063199e-02 -1.078798e-01 -9.939498e-01
    outer loop
      vertex 4.163073e-02 -1.173661e-02 -1.746642e-01
      vertex 4.230650e-02 -7.707786e-03 -1.751155e-01
      vertex 5.703947e-02 -1.052547e-02 -1.751155e-01
    endloop
  endfacet
  facet normal 1.550058e-02 8.104882e-02 9.965896e-01
    outer loop
      vertex 5.696875e-02 -1.089527e-02 -1.790977e-01
      vertex 5.749304e-02 -5.448395e-03 -1.795489e-01
      vertex 4.223577e-02 -8.077585e-03 -1.790977e-01
    endloop
  endfacet
  facet normal 1.042677e-02 1.100263e-01 9.938740e-01
    outer loop
      vertex 4.223577e-02 -8.077585e-03 -1.790977e-01
      vertex 5.749304e-02 -5.448395e-03 -1.795489e-01
      vertex 4.255995e-02 -4.033243e-03 -1.795489e-01
    endloop
  endfacet
  facet normal 9.966603e-01 -8.102260e-02 -1.017662e-02
    outer loop
      vertex 4.223577e-02 -8.077585e-03 -1.790977e-01
      vertex 4.255995e-02 -4.033243e-03 -1.795489e-01
      vertex 4.230650e-02 -7.707786e-03 -1.751155e-01
    endloop
  endfacet
  facet normal 9.974430e-01 -7.143362e-02 -2.184170e-03
    outer loop
      vertex 4.230650e-02 -7.707786e-03 -1.751155e-01
      vertex 4.255995e-02 -4.033243e-03 -1.795489e-01
      vertex 4.259564e-02 -3.656568e-03 -1.755668e-01
    endloop
  endfacet
  facet normal -9.952925e-01 9.652399e-02 8.712840e-03
    outer loop
      vertex 5.696875e-02 -1.089527e-02 -1.790977e-01
      vertex 5.703947e-02 -1.052547e-02 -1.751155e-01
      vertex 5.749304e-02 -5.448395e-03 -1.795489e-01
    endloop
  endfacet
  facet normal -9.959965e-01 8.939133e-02 4.725323e-04
    outer loop
      vertex 5.749304e-02 -5.448395e-03 -1.795489e-01
      vertex 5.703947e-02 -1.052547e-02 -1.751155e-01
      vertex 5.752874e-02 -5.071720e-03 -1.755668e-01
    endloop
  endfacet
  facet normal -1.550611e-02 -8.107774e-02 -9.965872e-01
    outer loop
      vertex 5.703947e-02 -1.052547e-02 -1.751155e-01
      vertex 4.230650e-02 -7.707786e-03 -1.751155e-01
      vertex 5.752874e-02 -5.071720e-03 -1.755668e-01
    endloop
  endfacet
  facet normal -1.042181e-02 -1.099740e-01 -9.938798e-01
    outer loop
      vertex 4.230650e-02 -7.707786e-03 -1.751155e-01
      vertex 4.259564e-02 -3.656568e-03 -1.755668e-01
      vertex 5.752874e-02 -5.071720e-03 -1.755668e-01
    endloop
  endfacet
  facet normal 7.818712e-03 8.250531e-02 9.965600e-01
    outer loop
      vertex 5.749304e-02 -5.448395e-03 -1.795489e-01
      vertex 5.750000e-02 -8.450063e-17 -1.800000e-01
      vertex 4.255995e-02 -4.033243e-03 -1.795489e-01
    endloop
  endfacet
  facet normal 1.634906e-16 1.111592e-01 9.938026e-01
    outer loop
      vertex 4.255995e-02 -4.033243e-03 -1.795489e-01
      vertex 5.750000e-02 -8.450063e-17 -1.800000e-01
      vertex 4.250000e-02 -6.245699e-17 -1.800000e-01
    endloop
  endfacet
  facet normal 9.998533e-01 1.371325e-02 -1.026007e-02
    outer loop
      vertex 4.255995e-02 -4.033243e-03 -1.795489e-01
      vertex 4.250000e-02 -6.245699e-17 -1.800000e-01
      vertex 4.259564e-02 -3.656568e-03 -1.755668e-01
    endloop
  endfacet
  facet normal 9.997228e-01 2.343578e-02 -2.237953e-03
    outer loop
      vertex 4.259564e-02 -3.656568e-03 -1.755668e-01
      vertex 4.250000e-02 -6.245699e-17 -1.800000e-01
      vertex 4.250000e-02 3.802421e-04 -1.760181e-01
    endloop
  endfacet
  facet normal -9.999595e-01 2.003558e-03 8.774319e-03
    outer loop
      vertex 5.749304e-02 -5.448395e-03 -1.795489e-01
      vertex 5.752874e-02 -5.071720e-03 -1.755668e-01
      vertex 5.750000e-02 -8.450063e-17 -1.800000e-01
    endloop
  endfacet
  facet normal -9.999862e-01 -5.229704e-03 4.994000e-04
    outer loop
      vertex 5.750000e-02 -8.450063e-17 -1.800000e-01
      vertex 5.752874e-02 -5.071720e-03 -1.755668e-01
      vertex 5.750000e-02 3.802421e-04 -1.760181e-01
    endloop
  endfacet
  facet normal -7.821530e-03 -8.253506e-02 -9.965575e-01
    outer loop
      vertex 5.752874e-02 -5.071720e-03 -1.755668e-01
      vertex 4.259564e-02 -3.656568e-03 -1.755668e-01
      vertex 5.750000e-02 3.802421e-04 -1.760181e-01
    endloop
  endfacet
  facet normal -1.668226e-16 -1.111057e-01 -9.938086e-01
    outer loop
      vertex 4.259564e-02 -3.656568e-03 -1.755668e-01
      vertex 4.250000e-02 3.802421e-04 -1.760181e-01
      vertex 5.750000e-02 3.802421e-04 -1.760181e-01
    endloop
  endfacet
endsolid spiral
